"","chr"
"1","chr1.5"
"2","chr1.6"
"3","chr1.7"
"4","chr1.8"
"5","chr1.9"
"6","chr1.11"
"7","chr1.12"
"8","chr1.15"
"9","chr1.16"
"10","chr1.19"
"11","chr1.20"
"12","chr1.21"
"13","chr1.23"
"14","chr1.24"
"15","chr1.25"
"16","chr1.31"
"17","chr1.32"
"18","chr1.33"
"19","chr1.34"
"20","chr1.35"
"21","chr1.36"
"22","chr1.37"
"23","chr1.38"
"24","chr1.39"
"25","chr1.42"
"26","chr1.43"
"27","chr1.44"
"28","chr1.45"
"29","chr1.49"
"30","chr1.51"
"31","chr1.52"
"32","chr1.53"
"33","chr1.54"
"34","chr1.55"
"35","chr1.56"
"36","chr1.57"
"37","chr1.58"
"38","chr1.60"
"39","chr1.61"
"40","chr1.62"
"41","chr1.63"
"42","chr1.64"
"43","chr1.65"
"44","chr1.66"
"45","chr1.67"
"46","chr1.68"
"47","chr1.69"
"48","chr1.70"
"49","chr1.71"
"50","chr1.72"
"51","chr1.73"
"52","chr1.74"
"53","chr1.75"
"54","chr1.76"
"55","chr1.77"
"56","chr1.78"
"57","chr1.79"
"58","chr1.80"
"59","chr1.81"
"60","chr1.82"
"61","chr1.83"
"62","chr1.85"
"63","chr1.86"
"64","chr1.87"
"65","chr1.88"
"66","chr1.89"
"67","chr1.90"
"68","chr1.91"
"69","chr1.92"
"70","chr1.93"
"71","chr1.95"
"72","chr1.96"
"73","chr1.97"
"74","chr1.98"
"75","chr1.99"
"76","chr1.100"
"77","chr1.101"
"78","chr1.102"
"79","chr1.103"
"80","chr1.106"
"81","chr1.107"
"82","chr1.108"
"83","chr1.110"
"84","chr1.111"
"85","chr1.112"
"86","chr1.113"
"87","chr1.115"
"88","chr1.116"
"89","chr1.117"
"90","chr1.118"
"91","chr1.119"
"92","chr1.120"
"93","chr1.149"
"94","chr1.150"
"95","chr1.152"
"96","chr1.154"
"97","chr1.155"
"98","chr1.156"
"99","chr1.157"
"100","chr1.160"
"101","chr1.161"
"102","chr1.162"
"103","chr1.164"
"104","chr1.165"
"105","chr1.166"
"106","chr1.167"
"107","chr1.168"
"108","chr1.169"
"109","chr1.170"
"110","chr1.172"
"111","chr1.173"
"112","chr1.174"
"113","chr1.175"
"114","chr1.177"
"115","chr1.178"
"116","chr1.179"
"117","chr1.180"
"118","chr1.181"
"119","chr1.182"
"120","chr1.183"
"121","chr1.184"
"122","chr1.185"
"123","chr1.186"
"124","chr1.187"
"125","chr1.188"
"126","chr1.189"
"127","chr1.190"
"128","chr1.191"
"129","chr1.192"
"130","chr1.193"
"131","chr1.195"
"132","chr1.196"
"133","chr1.197"
"134","chr1.198"
"135","chr1.200"
"136","chr1.201"
"137","chr1.202"
"138","chr1.204"
"139","chr1.206"
"140","chr1.207"
"141","chr1.208"
"142","chr1.209"
"143","chr1.210"
"144","chr1.211"
"145","chr1.212"
"146","chr1.213"
"147","chr1.214"
"148","chr1.215"
"149","chr1.216"
"150","chr1.217"
"151","chr1.218"
"152","chr1.219"
"153","chr1.222"
"154","chr1.223"
"155","chr1.224"
"156","chr1.225"
"157","chr1.227"
"158","chr1.228"
"159","chr1.229"
"160","chr1.230"
"161","chr1.231"
"162","chr1.233"
"163","chr1.234"
"164","chr1.235"
"165","chr1.236"
"166","chr1.237"
"167","chr1.238"
"168","chr1.241"
"169","chr1.242"
"170","chr1.243"
"171","chr10.2"
"172","chr10.3"
"173","chr10.4"
"174","chr10.5"
"175","chr10.7"
"176","chr10.8"
"177","chr10.9"
"178","chr10.10"
"179","chr10.11"
"180","chr10.12"
"181","chr10.14"
"182","chr10.15"
"183","chr10.16"
"184","chr10.17"
"185","chr10.20"
"186","chr10.21"
"187","chr10.22"
"188","chr10.23"
"189","chr10.24"
"190","chr10.25"
"191","chr10.26"
"192","chr10.27"
"193","chr10.28"
"194","chr10.29"
"195","chr10.30"
"196","chr10.31"
"197","chr10.32"
"198","chr10.34"
"199","chr10.35"
"200","chr10.36"
"201","chr10.37"
"202","chr10.41"
"203","chr10.42"
"204","chr10.51"
"205","chr10.52"
"206","chr10.53"
"207","chr10.55"
"208","chr10.56"
"209","chr10.57"
"210","chr10.58"
"211","chr10.59"
"212","chr10.60"
"213","chr10.61"
"214","chr10.62"
"215","chr10.63"
"216","chr10.64"
"217","chr10.65"
"218","chr10.69"
"219","chr10.70"
"220","chr10.71"
"221","chr10.74"
"222","chr10.75"
"223","chr10.76"
"224","chr10.77"
"225","chr10.78"
"226","chr10.80"
"227","chr10.81"
"228","chr10.82"
"229","chr10.83"
"230","chr10.84"
"231","chr10.85"
"232","chr10.87"
"233","chr10.88"
"234","chr10.89"
"235","chr10.90"
"236","chr10.92"
"237","chr10.93"
"238","chr10.95"
"239","chr10.96"
"240","chr10.97"
"241","chr10.100"
"242","chr10.101"
"243","chr10.103"
"244","chr10.104"
"245","chr10.105"
"246","chr10.106"
"247","chr10.107"
"248","chr10.108"
"249","chr10.109"
"250","chr10.110"
"251","chr10.111"
"252","chr10.112"
"253","chr10.113"
"254","chr10.114"
"255","chr10.115"
"256","chr10.116"
"257","chr10.117"
"258","chr10.118"
"259","chr10.119"
"260","chr10.120"
"261","chr10.121"
"262","chr10.122"
"263","chr10.123"
"264","chr10.124"
"265","chr10.125"
"266","chr10.127"
"267","chr10.128"
"268","chr10.129"
"269","chr10.130"
"270","chr10.132"
"271","chr11.3"
"272","chr11.6"
"273","chr11.7"
"274","chr11.8"
"275","chr11.9"
"276","chr11.11"
"277","chr11.12"
"278","chr11.13"
"279","chr11.14"
"280","chr11.16"
"281","chr11.17"
"282","chr11.18"
"283","chr11.20"
"284","chr11.21"
"285","chr11.22"
"286","chr11.23"
"287","chr11.24"
"288","chr11.25"
"289","chr11.26"
"290","chr11.27"
"291","chr11.28"
"292","chr11.29"
"293","chr11.30"
"294","chr11.31"
"295","chr11.32"
"296","chr11.33"
"297","chr11.34"
"298","chr11.35"
"299","chr11.36"
"300","chr11.37"
"301","chr11.38"
"302","chr11.39"
"303","chr11.40"
"304","chr11.41"
"305","chr11.42"
"306","chr11.43"
"307","chr11.44"
"308","chr11.45"
"309","chr11.46"
"310","chr11.47"
"311","chr11.53"
"312","chr11.54"
"313","chr11.55"
"314","chr11.56"
"315","chr11.57"
"316","chr11.61"
"317","chr11.62"
"318","chr11.69"
"319","chr11.70"
"320","chr11.71"
"321","chr11.72"
"322","chr11.73"
"323","chr11.74"
"324","chr11.75"
"325","chr11.76"
"326","chr11.77"
"327","chr11.78"
"328","chr11.79"
"329","chr11.80"
"330","chr11.82"
"331","chr11.83"
"332","chr11.84"
"333","chr11.88"
"334","chr11.89"
"335","chr11.90"
"336","chr11.91"
"337","chr11.92"
"338","chr11.94"
"339","chr11.95"
"340","chr11.96"
"341","chr11.97"
"342","chr11.98"
"343","chr11.99"
"344","chr11.100"
"345","chr11.101"
"346","chr11.102"
"347","chr11.103"
"348","chr11.104"
"349","chr11.106"
"350","chr11.107"
"351","chr11.108"
"352","chr11.109"
"353","chr11.110"
"354","chr11.111"
"355","chr11.112"
"356","chr11.113"
"357","chr11.114"
"358","chr11.115"
"359","chr11.116"
"360","chr11.117"
"361","chr11.118"
"362","chr11.119"
"363","chr11.120"
"364","chr11.121"
"365","chr11.122"
"366","chr11.123"
"367","chr11.124"
"368","chr11.125"
"369","chr11.126"
"370","chr11.127"
"371","chr11.128"
"372","chr11.129"
"373","chr11.130"
"374","chr11.131"
"375","chr12.2"
"376","chr12.3"
"377","chr12.4"
"378","chr12.5"
"379","chr12.6"
"380","chr12.7"
"381","chr12.11"
"382","chr12.12"
"383","chr12.13"
"384","chr12.14"
"385","chr12.15"
"386","chr12.16"
"387","chr12.17"
"388","chr12.18"
"389","chr12.19"
"390","chr12.20"
"391","chr12.21"
"392","chr12.22"
"393","chr12.23"
"394","chr12.24"
"395","chr12.25"
"396","chr12.26"
"397","chr12.27"
"398","chr12.28"
"399","chr12.29"
"400","chr12.30"
"401","chr12.31"
"402","chr12.34"
"403","chr12.36"
"404","chr12.37"
"405","chr12.38"
"406","chr12.39"
"407","chr12.40"
"408","chr12.41"
"409","chr12.42"
"410","chr12.43"
"411","chr12.44"
"412","chr12.45"
"413","chr12.47"
"414","chr12.49"
"415","chr12.50"
"416","chr12.51"
"417","chr12.55"
"418","chr12.56"
"419","chr12.57"
"420","chr12.58"
"421","chr12.59"
"422","chr12.60"
"423","chr12.62"
"424","chr12.63"
"425","chr12.64"
"426","chr12.65"
"427","chr12.66"
"428","chr12.67"
"429","chr12.68"
"430","chr12.69"
"431","chr12.70"
"432","chr12.71"
"433","chr12.72"
"434","chr12.73"
"435","chr12.74"
"436","chr12.75"
"437","chr12.76"
"438","chr12.77"
"439","chr12.78"
"440","chr12.79"
"441","chr12.80"
"442","chr12.81"
"443","chr12.82"
"444","chr12.83"
"445","chr12.84"
"446","chr12.85"
"447","chr12.86"
"448","chr12.87"
"449","chr12.88"
"450","chr12.89"
"451","chr12.90"
"452","chr12.91"
"453","chr12.92"
"454","chr12.93"
"455","chr12.94"
"456","chr12.95"
"457","chr12.96"
"458","chr12.97"
"459","chr12.98"
"460","chr12.99"
"461","chr12.100"
"462","chr12.101"
"463","chr12.102"
"464","chr12.103"
"465","chr12.104"
"466","chr12.105"
"467","chr12.107"
"468","chr12.108"
"469","chr12.110"
"470","chr12.111"
"471","chr12.112"
"472","chr12.113"
"473","chr12.114"
"474","chr12.115"
"475","chr12.116"
"476","chr12.117"
"477","chr12.121"
"478","chr12.122"
"479","chr12.123"
"480","chr12.124"
"481","chr12.125"
"482","chr12.126"
"483","chr12.127"
"484","chr12.128"
"485","chr13.18"
"486","chr13.19"
"487","chr13.20"
"488","chr13.21"
"489","chr13.23"
"490","chr13.24"
"491","chr13.25"
"492","chr13.26"
"493","chr13.27"
"494","chr13.28"
"495","chr13.29"
"496","chr13.30"
"497","chr13.31"
"498","chr13.32"
"499","chr13.33"
"500","chr13.34"
"501","chr13.35"
"502","chr13.36"
"503","chr13.37"
"504","chr13.39"
"505","chr13.40"
"506","chr13.41"
"507","chr13.42"
"508","chr13.43"
"509","chr13.44"
"510","chr13.45"
"511","chr13.46"
"512","chr13.47"
"513","chr13.48"
"514","chr13.51"
"515","chr13.52"
"516","chr13.53"
"517","chr13.54"
"518","chr13.55"
"519","chr13.56"
"520","chr13.57"
"521","chr13.58"
"522","chr13.59"
"523","chr13.60"
"524","chr13.62"
"525","chr13.63"
"526","chr13.64"
"527","chr13.65"
"528","chr13.66"
"529","chr13.67"
"530","chr13.68"
"531","chr13.69"
"532","chr13.70"
"533","chr13.71"
"534","chr13.72"
"535","chr13.73"
"536","chr13.74"
"537","chr13.75"
"538","chr13.76"
"539","chr13.77"
"540","chr13.78"
"541","chr13.79"
"542","chr13.80"
"543","chr13.81"
"544","chr13.82"
"545","chr13.84"
"546","chr13.85"
"547","chr13.86"
"548","chr13.87"
"549","chr13.88"
"550","chr13.89"
"551","chr13.90"
"552","chr13.92"
"553","chr13.93"
"554","chr13.94"
"555","chr13.95"
"556","chr13.96"
"557","chr13.97"
"558","chr13.98"
"559","chr13.99"
"560","chr13.100"
"561","chr13.101"
"562","chr13.102"
"563","chr13.103"
"564","chr13.104"
"565","chr13.105"
"566","chr13.106"
"567","chr13.107"
"568","chr13.108"
"569","chr13.110"
"570","chr14.18"
"571","chr14.19"
"572","chr14.22"
"573","chr14.23"
"574","chr14.24"
"575","chr14.25"
"576","chr14.26"
"577","chr14.27"
"578","chr14.28"
"579","chr14.29"
"580","chr14.30"
"581","chr14.31"
"582","chr14.33"
"583","chr14.34"
"584","chr14.35"
"585","chr14.37"
"586","chr14.38"
"587","chr14.39"
"588","chr14.40"
"589","chr14.41"
"590","chr14.43"
"591","chr14.44"
"592","chr14.45"
"593","chr14.46"
"594","chr14.47"
"595","chr14.48"
"596","chr14.49"
"597","chr14.50"
"598","chr14.51"
"599","chr14.52"
"600","chr14.53"
"601","chr14.54"
"602","chr14.55"
"603","chr14.56"
"604","chr14.57"
"605","chr14.58"
"606","chr14.59"
"607","chr14.60"
"608","chr14.61"
"609","chr14.62"
"610","chr14.63"
"611","chr14.64"
"612","chr14.65"
"613","chr14.66"
"614","chr14.67"
"615","chr14.68"
"616","chr14.69"
"617","chr14.70"
"618","chr14.72"
"619","chr14.73"
"620","chr14.74"
"621","chr14.75"
"622","chr14.77"
"623","chr14.78"
"624","chr14.79"
"625","chr14.80"
"626","chr14.81"
"627","chr14.82"
"628","chr14.83"
"629","chr14.84"
"630","chr14.85"
"631","chr14.86"
"632","chr14.87"
"633","chr14.88"
"634","chr14.89"
"635","chr14.90"
"636","chr14.91"
"637","chr14.92"
"638","chr14.93"
"639","chr14.94"
"640","chr14.95"
"641","chr14.96"
"642","chr14.97"
"643","chr14.98"
"644","chr14.99"
"645","chr14.100"
"646","chr14.101"
"647","chr14.102"
"648","chr15.22"
"649","chr15.23"
"650","chr15.24"
"651","chr15.30"
"652","chr15.32"
"653","chr15.33"
"654","chr15.34"
"655","chr15.35"
"656","chr15.36"
"657","chr15.37"
"658","chr15.39"
"659","chr15.43"
"660","chr15.44"
"661","chr15.45"
"662","chr15.46"
"663","chr15.47"
"664","chr15.48"
"665","chr15.49"
"666","chr15.50"
"667","chr15.51"
"668","chr15.53"
"669","chr15.54"
"670","chr15.55"
"671","chr15.56"
"672","chr15.57"
"673","chr15.58"
"674","chr15.59"
"675","chr15.60"
"676","chr15.61"
"677","chr15.62"
"678","chr15.63"
"679","chr15.64"
"680","chr15.65"
"681","chr15.66"
"682","chr15.67"
"683","chr15.68"
"684","chr15.70"
"685","chr15.73"
"686","chr15.74"
"687","chr15.75"
"688","chr15.76"
"689","chr15.77"
"690","chr15.78"
"691","chr15.83"
"692","chr15.84"
"693","chr15.85"
"694","chr15.86"
"695","chr15.88"
"696","chr15.89"
"697","chr15.90"
"698","chr15.91"
"699","chr15.92"
"700","chr15.93"
"701","chr15.94"
"702","chr15.95"
"703","chr15.96"
"704","chr15.97"
"705","chr15.98"
"706","chr16.2"
"707","chr16.4"
"708","chr16.5"
"709","chr16.6"
"710","chr16.8"
"711","chr16.10"
"712","chr16.11"
"713","chr16.12"
"714","chr16.13"
"715","chr16.14"
"716","chr16.18"
"717","chr16.20"
"718","chr16.24"
"719","chr16.25"
"720","chr16.26"
"721","chr16.27"
"722","chr16.28"
"723","chr16.45"
"724","chr16.46"
"725","chr16.47"
"726","chr16.48"
"727","chr16.49"
"728","chr16.50"
"729","chr16.51"
"730","chr16.52"
"731","chr16.53"
"732","chr16.54"
"733","chr16.55"
"734","chr16.56"
"735","chr16.57"
"736","chr16.58"
"737","chr16.59"
"738","chr16.60"
"739","chr16.61"
"740","chr16.62"
"741","chr16.63"
"742","chr16.64"
"743","chr16.69"
"744","chr16.70"
"745","chr16.71"
"746","chr16.73"
"747","chr16.74"
"748","chr16.75"
"749","chr16.76"
"750","chr16.77"
"751","chr16.78"
"752","chr16.79"
"753","chr16.80"
"754","chr16.81"
"755","chr16.82"
"756","chr16.83"
"757","chr16.84"
"758","chr17.6"
"759","chr17.7"
"760","chr17.9"
"761","chr17.11"
"762","chr17.12"
"763","chr17.13"
"764","chr17.14"
"765","chr17.15"
"766","chr17.18"
"767","chr17.24"
"768","chr17.25"
"769","chr17.29"
"770","chr17.30"
"771","chr17.31"
"772","chr17.33"
"773","chr17.36"
"774","chr17.37"
"775","chr17.44"
"776","chr17.45"
"777","chr17.46"
"778","chr17.47"
"779","chr17.48"
"780","chr17.49"
"781","chr17.50"
"782","chr17.51"
"783","chr17.52"
"784","chr17.53"
"785","chr17.54"
"786","chr17.57"
"787","chr17.59"
"788","chr17.61"
"789","chr17.62"
"790","chr17.64"
"791","chr17.65"
"792","chr17.66"
"793","chr17.67"
"794","chr17.68"
"795","chr17.69"
"796","chr17.70"
"797","chr17.73"
"798","chr17.74"
"799","chr17.76"
"800","chr18.2"
"801","chr18.3"
"802","chr18.4"
"803","chr18.5"
"804","chr18.6"
"805","chr18.7"
"806","chr18.8"
"807","chr18.9"
"808","chr18.10"
"809","chr18.11"
"810","chr18.12"
"811","chr18.14"
"812","chr18.17"
"813","chr18.18"
"814","chr18.19"
"815","chr18.20"
"816","chr18.21"
"817","chr18.22"
"818","chr18.23"
"819","chr18.24"
"820","chr18.25"
"821","chr18.26"
"822","chr18.27"
"823","chr18.28"
"824","chr18.29"
"825","chr18.30"
"826","chr18.31"
"827","chr18.32"
"828","chr18.33"
"829","chr18.34"
"830","chr18.35"
"831","chr18.36"
"832","chr18.37"
"833","chr18.38"
"834","chr18.39"
"835","chr18.40"
"836","chr18.41"
"837","chr18.42"
"838","chr18.43"
"839","chr18.44"
"840","chr18.45"
"841","chr18.46"
"842","chr18.47"
"843","chr18.48"
"844","chr18.50"
"845","chr18.51"
"846","chr18.52"
"847","chr18.53"
"848","chr18.54"
"849","chr18.55"
"850","chr18.56"
"851","chr18.57"
"852","chr18.58"
"853","chr18.59"
"854","chr18.60"
"855","chr18.61"
"856","chr18.62"
"857","chr18.63"
"858","chr18.64"
"859","chr18.65"
"860","chr18.66"
"861","chr18.67"
"862","chr18.68"
"863","chr18.69"
"864","chr18.70"
"865","chr18.71"
"866","chr18.72"
"867","chr18.73"
"868","chr18.74"
"869","chr19.26"
"870","chr19.27"
"871","chr19.28"
"872","chr19.29"
"873","chr19.31"
"874","chr19.32"
"875","chr19.39"
"876","chr19.48"
"877","chr19.49"
"878","chr19.54"
"879","chr2.2"
"880","chr2.3"
"881","chr2.5"
"882","chr2.7"
"883","chr2.8"
"884","chr2.9"
"885","chr2.10"
"886","chr2.11"
"887","chr2.12"
"888","chr2.13"
"889","chr2.14"
"890","chr2.15"
"891","chr2.16"
"892","chr2.18"
"893","chr2.19"
"894","chr2.20"
"895","chr2.21"
"896","chr2.22"
"897","chr2.23"
"898","chr2.24"
"899","chr2.25"
"900","chr2.26"
"901","chr2.27"
"902","chr2.28"
"903","chr2.29"
"904","chr2.30"
"905","chr2.31"
"906","chr2.32"
"907","chr2.34"
"908","chr2.35"
"909","chr2.36"
"910","chr2.37"
"911","chr2.38"
"912","chr2.39"
"913","chr2.40"
"914","chr2.41"
"915","chr2.42"
"916","chr2.43"
"917","chr2.44"
"918","chr2.45"
"919","chr2.46"
"920","chr2.47"
"921","chr2.48"
"922","chr2.49"
"923","chr2.50"
"924","chr2.51"
"925","chr2.52"
"926","chr2.53"
"927","chr2.54"
"928","chr2.55"
"929","chr2.56"
"930","chr2.57"
"931","chr2.58"
"932","chr2.59"
"933","chr2.60"
"934","chr2.61"
"935","chr2.62"
"936","chr2.63"
"937","chr2.64"
"938","chr2.65"
"939","chr2.66"
"940","chr2.67"
"941","chr2.68"
"942","chr2.69"
"943","chr2.70"
"944","chr2.71"
"945","chr2.72"
"946","chr2.73"
"947","chr2.74"
"948","chr2.75"
"949","chr2.76"
"950","chr2.77"
"951","chr2.78"
"952","chr2.79"
"953","chr2.80"
"954","chr2.81"
"955","chr2.82"
"956","chr2.83"
"957","chr2.84"
"958","chr2.85"
"959","chr2.86"
"960","chr2.87"
"961","chr2.96"
"962","chr2.97"
"963","chr2.98"
"964","chr2.99"
"965","chr2.100"
"966","chr2.101"
"967","chr2.102"
"968","chr2.103"
"969","chr2.105"
"970","chr2.114"
"971","chr2.115"
"972","chr2.116"
"973","chr2.117"
"974","chr2.118"
"975","chr2.119"
"976","chr2.120"
"977","chr2.121"
"978","chr2.122"
"979","chr2.123"
"980","chr2.124"
"981","chr2.125"
"982","chr2.126"
"983","chr2.127"
"984","chr2.131"
"985","chr2.132"
"986","chr2.134"
"987","chr2.135"
"988","chr2.136"
"989","chr2.137"
"990","chr2.138"
"991","chr2.140"
"992","chr2.141"
"993","chr2.142"
"994","chr2.143"
"995","chr2.144"
"996","chr2.145"
"997","chr2.146"
"998","chr2.148"
"999","chr2.149"
"1000","chr2.151"
"1001","chr2.152"
"1002","chr2.153"
"1003","chr2.154"
"1004","chr2.155"
"1005","chr2.156"
"1006","chr2.157"
"1007","chr2.158"
"1008","chr2.159"
"1009","chr2.160"
"1010","chr2.161"
"1011","chr2.162"
"1012","chr2.163"
"1013","chr2.164"
"1014","chr2.165"
"1015","chr2.166"
"1016","chr2.167"
"1017","chr2.168"
"1018","chr2.169"
"1019","chr2.170"
"1020","chr2.171"
"1021","chr2.172"
"1022","chr2.173"
"1023","chr2.174"
"1024","chr2.175"
"1025","chr2.176"
"1026","chr2.177"
"1027","chr2.178"
"1028","chr2.179"
"1029","chr2.180"
"1030","chr2.181"
"1031","chr2.182"
"1032","chr2.183"
"1033","chr2.184"
"1034","chr2.185"
"1035","chr2.186"
"1036","chr2.187"
"1037","chr2.188"
"1038","chr2.189"
"1039","chr2.190"
"1040","chr2.191"
"1041","chr2.192"
"1042","chr2.193"
"1043","chr2.194"
"1044","chr2.195"
"1045","chr2.196"
"1046","chr2.197"
"1047","chr2.198"
"1048","chr2.200"
"1049","chr2.202"
"1050","chr2.203"
"1051","chr2.204"
"1052","chr2.205"
"1053","chr2.206"
"1054","chr2.208"
"1055","chr2.209"
"1056","chr2.211"
"1057","chr2.213"
"1058","chr2.214"
"1059","chr2.215"
"1060","chr2.216"
"1061","chr2.217"
"1062","chr2.218"
"1063","chr2.219"
"1064","chr2.220"
"1065","chr2.221"
"1066","chr2.222"
"1067","chr2.223"
"1068","chr2.224"
"1069","chr2.225"
"1070","chr2.226"
"1071","chr2.227"
"1072","chr2.228"
"1073","chr2.229"
"1074","chr2.232"
"1075","chr2.233"
"1076","chr2.234"
"1077","chr2.235"
"1078","chr2.236"
"1079","chr2.237"
"1080","chr2.238"
"1081","chr2.239"
"1082","chr20.2"
"1083","chr20.3"
"1084","chr20.5"
"1085","chr20.6"
"1086","chr20.7"
"1087","chr20.8"
"1088","chr20.9"
"1089","chr20.10"
"1090","chr20.11"
"1091","chr20.12"
"1092","chr20.13"
"1093","chr20.14"
"1094","chr20.17"
"1095","chr20.18"
"1096","chr20.19"
"1097","chr20.20"
"1098","chr20.21"
"1099","chr20.22"
"1100","chr20.23"
"1101","chr20.24"
"1102","chr20.25"
"1103","chr20.28"
"1104","chr20.29"
"1105","chr20.33"
"1106","chr20.34"
"1107","chr20.35"
"1108","chr20.36"
"1109","chr20.37"
"1110","chr20.38"
"1111","chr20.39"
"1112","chr20.40"
"1113","chr20.41"
"1114","chr20.42"
"1115","chr20.43"
"1116","chr20.44"
"1117","chr20.45"
"1118","chr20.46"
"1119","chr20.47"
"1120","chr20.48"
"1121","chr20.49"
"1122","chr20.50"
"1123","chr20.51"
"1124","chr20.52"
"1125","chr20.53"
"1126","chr20.54"
"1127","chr20.55"
"1128","chr20.56"
"1129","chr20.57"
"1130","chr20.59"
"1131","chr21.14"
"1132","chr21.15"
"1133","chr21.17"
"1134","chr21.18"
"1135","chr21.19"
"1136","chr21.20"
"1137","chr21.21"
"1138","chr21.22"
"1139","chr21.23"
"1140","chr21.24"
"1141","chr21.25"
"1142","chr21.26"
"1143","chr21.27"
"1144","chr21.28"
"1145","chr21.29"
"1146","chr21.30"
"1147","chr21.31"
"1148","chr21.32"
"1149","chr21.33"
"1150","chr21.35"
"1151","chr21.36"
"1152","chr21.37"
"1153","chr21.38"
"1154","chr21.39"
"1155","chr21.41"
"1156","chr21.43"
"1157","chr21.44"
"1158","chr22.16"
"1159","chr22.20"
"1160","chr22.23"
"1161","chr22.24"
"1162","chr22.25"
"1163","chr22.27"
"1164","chr22.30"
"1165","chr22.31"
"1166","chr22.32"
"1167","chr22.33"
"1168","chr22.34"
"1169","chr22.36"
"1170","chr22.37"
"1171","chr22.40"
"1172","chr22.41"
"1173","chr22.42"
"1174","chr22.43"
"1175","chr22.44"
"1176","chr22.45"
"1177","chr22.46"
"1178","chr3.2"
"1179","chr3.3"
"1180","chr3.4"
"1181","chr3.5"
"1182","chr3.6"
"1183","chr3.7"
"1184","chr3.8"
"1185","chr3.9"
"1186","chr3.10"
"1187","chr3.11"
"1188","chr3.12"
"1189","chr3.13"
"1190","chr3.14"
"1191","chr3.15"
"1192","chr3.16"
"1193","chr3.17"
"1194","chr3.18"
"1195","chr3.19"
"1196","chr3.20"
"1197","chr3.21"
"1198","chr3.22"
"1199","chr3.23"
"1200","chr3.24"
"1201","chr3.25"
"1202","chr3.26"
"1203","chr3.28"
"1204","chr3.29"
"1205","chr3.30"
"1206","chr3.31"
"1207","chr3.32"
"1208","chr3.33"
"1209","chr3.34"
"1210","chr3.35"
"1211","chr3.36"
"1212","chr3.37"
"1213","chr3.38"
"1214","chr3.39"
"1215","chr3.40"
"1216","chr3.41"
"1217","chr3.42"
"1218","chr3.43"
"1219","chr3.44"
"1220","chr3.45"
"1221","chr3.46"
"1222","chr3.47"
"1223","chr3.51"
"1224","chr3.53"
"1225","chr3.54"
"1226","chr3.55"
"1227","chr3.56"
"1228","chr3.57"
"1229","chr3.60"
"1230","chr3.62"
"1231","chr3.63"
"1232","chr3.64"
"1233","chr3.65"
"1234","chr3.66"
"1235","chr3.68"
"1236","chr3.69"
"1237","chr3.70"
"1238","chr3.71"
"1239","chr3.72"
"1240","chr3.73"
"1241","chr3.74"
"1242","chr3.75"
"1243","chr3.78"
"1244","chr3.79"
"1245","chr3.80"
"1246","chr3.81"
"1247","chr3.82"
"1248","chr3.83"
"1249","chr3.84"
"1250","chr3.85"
"1251","chr3.87"
"1252","chr3.88"
"1253","chr3.89"
"1254","chr3.90"
"1255","chr3.91"
"1256","chr3.92"
"1257","chr3.93"
"1258","chr3.94"
"1259","chr3.95"
"1260","chr3.96"
"1261","chr3.97"
"1262","chr3.98"
"1263","chr3.99"
"1264","chr3.100"
"1265","chr3.101"
"1266","chr3.102"
"1267","chr3.103"
"1268","chr3.104"
"1269","chr3.105"
"1270","chr3.107"
"1271","chr3.108"
"1272","chr3.109"
"1273","chr3.110"
"1274","chr3.111"
"1275","chr3.112"
"1276","chr3.113"
"1277","chr3.115"
"1278","chr3.116"
"1279","chr3.117"
"1280","chr3.119"
"1281","chr3.120"
"1282","chr3.121"
"1283","chr3.122"
"1284","chr3.124"
"1285","chr3.125"
"1286","chr3.126"
"1287","chr3.128"
"1288","chr3.129"
"1289","chr3.131"
"1290","chr3.132"
"1291","chr3.135"
"1292","chr3.136"
"1293","chr3.137"
"1294","chr3.138"
"1295","chr3.139"
"1296","chr3.140"
"1297","chr3.141"
"1298","chr3.142"
"1299","chr3.143"
"1300","chr3.144"
"1301","chr3.145"
"1302","chr3.146"
"1303","chr3.147"
"1304","chr3.148"
"1305","chr3.149"
"1306","chr3.150"
"1307","chr3.151"
"1308","chr3.152"
"1309","chr3.153"
"1310","chr3.154"
"1311","chr3.156"
"1312","chr3.157"
"1313","chr3.158"
"1314","chr3.159"
"1315","chr3.160"
"1316","chr3.161"
"1317","chr3.162"
"1318","chr3.163"
"1319","chr3.164"
"1320","chr3.165"
"1321","chr3.166"
"1322","chr3.167"
"1323","chr3.168"
"1324","chr3.169"
"1325","chr3.170"
"1326","chr3.171"
"1327","chr3.173"
"1328","chr3.174"
"1329","chr3.175"
"1330","chr3.176"
"1331","chr3.177"
"1332","chr3.178"
"1333","chr3.179"
"1334","chr3.180"
"1335","chr3.181"
"1336","chr3.182"
"1337","chr3.183"
"1338","chr3.184"
"1339","chr3.185"
"1340","chr3.186"
"1341","chr3.187"
"1342","chr3.188"
"1343","chr3.189"
"1344","chr3.190"
"1345","chr3.191"
"1346","chr4.3"
"1347","chr4.6"
"1348","chr4.7"
"1349","chr4.8"
"1350","chr4.11"
"1351","chr4.12"
"1352","chr4.13"
"1353","chr4.14"
"1354","chr4.15"
"1355","chr4.16"
"1356","chr4.17"
"1357","chr4.18"
"1358","chr4.19"
"1359","chr4.20"
"1360","chr4.21"
"1361","chr4.22"
"1362","chr4.23"
"1363","chr4.24"
"1364","chr4.25"
"1365","chr4.26"
"1366","chr4.27"
"1367","chr4.28"
"1368","chr4.29"
"1369","chr4.30"
"1370","chr4.31"
"1371","chr4.32"
"1372","chr4.33"
"1373","chr4.34"
"1374","chr4.35"
"1375","chr4.36"
"1376","chr4.37"
"1377","chr4.38"
"1378","chr4.39"
"1379","chr4.42"
"1380","chr4.43"
"1381","chr4.44"
"1382","chr4.45"
"1383","chr4.46"
"1384","chr4.47"
"1385","chr4.48"
"1386","chr4.49"
"1387","chr4.52"
"1388","chr4.53"
"1389","chr4.54"
"1390","chr4.56"
"1391","chr4.58"
"1392","chr4.59"
"1393","chr4.60"
"1394","chr4.61"
"1395","chr4.62"
"1396","chr4.63"
"1397","chr4.64"
"1398","chr4.65"
"1399","chr4.66"
"1400","chr4.68"
"1401","chr4.69"
"1402","chr4.70"
"1403","chr4.71"
"1404","chr4.74"
"1405","chr4.75"
"1406","chr4.76"
"1407","chr4.77"
"1408","chr4.78"
"1409","chr4.79"
"1410","chr4.80"
"1411","chr4.81"
"1412","chr4.82"
"1413","chr4.83"
"1414","chr4.84"
"1415","chr4.85"
"1416","chr4.86"
"1417","chr4.87"
"1418","chr4.88"
"1419","chr4.89"
"1420","chr4.90"
"1421","chr4.92"
"1422","chr4.93"
"1423","chr4.94"
"1424","chr4.95"
"1425","chr4.96"
"1426","chr4.97"
"1427","chr4.98"
"1428","chr4.99"
"1429","chr4.100"
"1430","chr4.102"
"1431","chr4.103"
"1432","chr4.104"
"1433","chr4.105"
"1434","chr4.106"
"1435","chr4.107"
"1436","chr4.108"
"1437","chr4.109"
"1438","chr4.110"
"1439","chr4.111"
"1440","chr4.112"
"1441","chr4.113"
"1442","chr4.114"
"1443","chr4.115"
"1444","chr4.118"
"1445","chr4.119"
"1446","chr4.120"
"1447","chr4.121"
"1448","chr4.122"
"1449","chr4.123"
"1450","chr4.124"
"1451","chr4.125"
"1452","chr4.127"
"1453","chr4.128"
"1454","chr4.129"
"1455","chr4.131"
"1456","chr4.132"
"1457","chr4.133"
"1458","chr4.134"
"1459","chr4.135"
"1460","chr4.136"
"1461","chr4.137"
"1462","chr4.138"
"1463","chr4.139"
"1464","chr4.140"
"1465","chr4.141"
"1466","chr4.144"
"1467","chr4.145"
"1468","chr4.146"
"1469","chr4.147"
"1470","chr4.148"
"1471","chr4.149"
"1472","chr4.150"
"1473","chr4.151"
"1474","chr4.152"
"1475","chr4.153"
"1476","chr4.154"
"1477","chr4.155"
"1478","chr4.156"
"1479","chr4.157"
"1480","chr4.158"
"1481","chr4.159"
"1482","chr4.160"
"1483","chr4.161"
"1484","chr4.162"
"1485","chr4.163"
"1486","chr4.164"
"1487","chr4.165"
"1488","chr4.166"
"1489","chr4.167"
"1490","chr4.168"
"1491","chr4.169"
"1492","chr4.170"
"1493","chr4.171"
"1494","chr4.172"
"1495","chr4.173"
"1496","chr4.174"
"1497","chr4.175"
"1498","chr4.176"
"1499","chr4.177"
"1500","chr4.178"
"1501","chr4.179"
"1502","chr4.180"
"1503","chr4.181"
"1504","chr4.182"
"1505","chr4.183"
"1506","chr4.184"
"1507","chr4.185"
"1508","chr4.187"
"1509","chr5.2"
"1510","chr5.3"
"1511","chr5.4"
"1512","chr5.5"
"1513","chr5.6"
"1514","chr5.7"
"1515","chr5.8"
"1516","chr5.9"
"1517","chr5.10"
"1518","chr5.11"
"1519","chr5.12"
"1520","chr5.13"
"1521","chr5.14"
"1522","chr5.15"
"1523","chr5.16"
"1524","chr5.17"
"1525","chr5.19"
"1526","chr5.20"
"1527","chr5.23"
"1528","chr5.24"
"1529","chr5.25"
"1530","chr5.26"
"1531","chr5.27"
"1532","chr5.28"
"1533","chr5.29"
"1534","chr5.30"
"1535","chr5.31"
"1536","chr5.32"
"1537","chr5.33"
"1538","chr5.34"
"1539","chr5.36"
"1540","chr5.37"
"1541","chr5.39"
"1542","chr5.40"
"1543","chr5.41"
"1544","chr5.42"
"1545","chr5.43"
"1546","chr5.45"
"1547","chr5.46"
"1548","chr5.48"
"1549","chr5.49"
"1550","chr5.50"
"1551","chr5.51"
"1552","chr5.52"
"1553","chr5.53"
"1554","chr5.54"
"1555","chr5.55"
"1556","chr5.57"
"1557","chr5.58"
"1558","chr5.60"
"1559","chr5.61"
"1560","chr5.62"
"1561","chr5.63"
"1562","chr5.64"
"1563","chr5.65"
"1564","chr5.69"
"1565","chr5.70"
"1566","chr5.71"
"1567","chr5.73"
"1568","chr5.74"
"1569","chr5.76"
"1570","chr5.78"
"1571","chr5.79"
"1572","chr5.80"
"1573","chr5.81"
"1574","chr5.82"
"1575","chr5.83"
"1576","chr5.84"
"1577","chr5.85"
"1578","chr5.86"
"1579","chr5.87"
"1580","chr5.88"
"1581","chr5.90"
"1582","chr5.91"
"1583","chr5.92"
"1584","chr5.93"
"1585","chr5.94"
"1586","chr5.95"
"1587","chr5.98"
"1588","chr5.99"
"1589","chr5.100"
"1590","chr5.101"
"1591","chr5.102"
"1592","chr5.103"
"1593","chr5.104"
"1594","chr5.105"
"1595","chr5.106"
"1596","chr5.107"
"1597","chr5.108"
"1598","chr5.109"
"1599","chr5.110"
"1600","chr5.111"
"1601","chr5.112"
"1602","chr5.113"
"1603","chr5.114"
"1604","chr5.115"
"1605","chr5.116"
"1606","chr5.117"
"1607","chr5.118"
"1608","chr5.119"
"1609","chr5.120"
"1610","chr5.121"
"1611","chr5.122"
"1612","chr5.124"
"1613","chr5.125"
"1614","chr5.126"
"1615","chr5.128"
"1616","chr5.129"
"1617","chr5.130"
"1618","chr5.132"
"1619","chr5.133"
"1620","chr5.134"
"1621","chr5.137"
"1622","chr5.138"
"1623","chr5.139"
"1624","chr5.140"
"1625","chr5.141"
"1626","chr5.142"
"1627","chr5.143"
"1628","chr5.144"
"1629","chr5.145"
"1630","chr5.146"
"1631","chr5.147"
"1632","chr5.148"
"1633","chr5.150"
"1634","chr5.151"
"1635","chr5.153"
"1636","chr5.154"
"1637","chr5.155"
"1638","chr5.156"
"1639","chr5.157"
"1640","chr5.158"
"1641","chr5.159"
"1642","chr5.160"
"1643","chr5.161"
"1644","chr5.162"
"1645","chr5.163"
"1646","chr5.164"
"1647","chr5.165"
"1648","chr5.166"
"1649","chr5.167"
"1650","chr5.168"
"1651","chr5.169"
"1652","chr5.170"
"1653","chr5.171"
"1654","chr6.2"
"1655","chr6.3"
"1656","chr6.4"
"1657","chr6.5"
"1658","chr6.6"
"1659","chr6.7"
"1660","chr6.8"
"1661","chr6.9"
"1662","chr6.10"
"1663","chr6.11"
"1664","chr6.12"
"1665","chr6.13"
"1666","chr6.14"
"1667","chr6.15"
"1668","chr6.16"
"1669","chr6.17"
"1670","chr6.18"
"1671","chr6.19"
"1672","chr6.20"
"1673","chr6.21"
"1674","chr6.22"
"1675","chr6.23"
"1676","chr6.24"
"1677","chr6.25"
"1678","chr6.26"
"1679","chr6.28"
"1680","chr6.29"
"1681","chr6.30"
"1682","chr6.31"
"1683","chr6.33"
"1684","chr6.34"
"1685","chr6.35"
"1686","chr6.36"
"1687","chr6.37"
"1688","chr6.38"
"1689","chr6.39"
"1690","chr6.40"
"1691","chr6.41"
"1692","chr6.42"
"1693","chr6.44"
"1694","chr6.45"
"1695","chr6.46"
"1696","chr6.47"
"1697","chr6.48"
"1698","chr6.49"
"1699","chr6.50"
"1700","chr6.51"
"1701","chr6.52"
"1702","chr6.53"
"1703","chr6.54"
"1704","chr6.55"
"1705","chr6.56"
"1706","chr6.57"
"1707","chr6.60"
"1708","chr6.61"
"1709","chr6.63"
"1710","chr6.64"
"1711","chr6.65"
"1712","chr6.66"
"1713","chr6.67"
"1714","chr6.68"
"1715","chr6.69"
"1716","chr6.70"
"1717","chr6.73"
"1718","chr6.74"
"1719","chr6.75"
"1720","chr6.76"
"1721","chr6.77"
"1722","chr6.78"
"1723","chr6.79"
"1724","chr6.80"
"1725","chr6.81"
"1726","chr6.82"
"1727","chr6.85"
"1728","chr6.86"
"1729","chr6.87"
"1730","chr6.88"
"1731","chr6.89"
"1732","chr6.90"
"1733","chr6.91"
"1734","chr6.93"
"1735","chr6.94"
"1736","chr6.95"
"1737","chr6.96"
"1738","chr6.97"
"1739","chr6.98"
"1740","chr6.99"
"1741","chr6.100"
"1742","chr6.101"
"1743","chr6.102"
"1744","chr6.103"
"1745","chr6.104"
"1746","chr6.105"
"1747","chr6.106"
"1748","chr6.107"
"1749","chr6.108"
"1750","chr6.109"
"1751","chr6.110"
"1752","chr6.111"
"1753","chr6.112"
"1754","chr6.113"
"1755","chr6.114"
"1756","chr6.115"
"1757","chr6.116"
"1758","chr6.117"
"1759","chr6.118"
"1760","chr6.119"
"1761","chr6.120"
"1762","chr6.121"
"1763","chr6.122"
"1764","chr6.124"
"1765","chr6.125"
"1766","chr6.126"
"1767","chr6.127"
"1768","chr6.128"
"1769","chr6.129"
"1770","chr6.130"
"1771","chr6.131"
"1772","chr6.132"
"1773","chr6.133"
"1774","chr6.134"
"1775","chr6.135"
"1776","chr6.136"
"1777","chr6.137"
"1778","chr6.138"
"1779","chr6.139"
"1780","chr6.140"
"1781","chr6.141"
"1782","chr6.142"
"1783","chr6.143"
"1784","chr6.144"
"1785","chr6.145"
"1786","chr6.146"
"1787","chr6.147"
"1788","chr6.148"
"1789","chr6.149"
"1790","chr6.150"
"1791","chr6.151"
"1792","chr6.152"
"1793","chr6.153"
"1794","chr6.155"
"1795","chr6.156"
"1796","chr6.157"
"1797","chr6.160"
"1798","chr6.161"
"1799","chr6.162"
"1800","chr6.163"
"1801","chr6.166"
"1802","chr7.2"
"1803","chr7.3"
"1804","chr7.4"
"1805","chr7.8"
"1806","chr7.9"
"1807","chr7.10"
"1808","chr7.11"
"1809","chr7.12"
"1810","chr7.13"
"1811","chr7.14"
"1812","chr7.15"
"1813","chr7.16"
"1814","chr7.17"
"1815","chr7.18"
"1816","chr7.19"
"1817","chr7.20"
"1818","chr7.21"
"1819","chr7.22"
"1820","chr7.23"
"1821","chr7.25"
"1822","chr7.26"
"1823","chr7.27"
"1824","chr7.28"
"1825","chr7.29"
"1826","chr7.30"
"1827","chr7.31"
"1828","chr7.32"
"1829","chr7.34"
"1830","chr7.35"
"1831","chr7.37"
"1832","chr7.38"
"1833","chr7.39"
"1834","chr7.40"
"1835","chr7.41"
"1836","chr7.42"
"1837","chr7.43"
"1838","chr7.44"
"1839","chr7.47"
"1840","chr7.48"
"1841","chr7.49"
"1842","chr7.50"
"1843","chr7.51"
"1844","chr7.52"
"1845","chr7.53"
"1846","chr7.54"
"1847","chr7.55"
"1848","chr7.65"
"1849","chr7.66"
"1850","chr7.67"
"1851","chr7.68"
"1852","chr7.75"
"1853","chr7.77"
"1854","chr7.78"
"1855","chr7.79"
"1856","chr7.80"
"1857","chr7.81"
"1858","chr7.82"
"1859","chr7.83"
"1860","chr7.84"
"1861","chr7.85"
"1862","chr7.86"
"1863","chr7.87"
"1864","chr7.88"
"1865","chr7.90"
"1866","chr7.91"
"1867","chr7.92"
"1868","chr7.93"
"1869","chr7.94"
"1870","chr7.96"
"1871","chr7.101"
"1872","chr7.103"
"1873","chr7.104"
"1874","chr7.105"
"1875","chr7.106"
"1876","chr7.107"
"1877","chr7.108"
"1878","chr7.109"
"1879","chr7.110"
"1880","chr7.111"
"1881","chr7.112"
"1882","chr7.113"
"1883","chr7.114"
"1884","chr7.115"
"1885","chr7.116"
"1886","chr7.117"
"1887","chr7.118"
"1888","chr7.119"
"1889","chr7.120"
"1890","chr7.121"
"1891","chr7.122"
"1892","chr7.123"
"1893","chr7.124"
"1894","chr7.125"
"1895","chr7.127"
"1896","chr7.129"
"1897","chr7.130"
"1898","chr7.131"
"1899","chr7.132"
"1900","chr7.133"
"1901","chr7.134"
"1902","chr7.135"
"1903","chr7.136"
"1904","chr7.139"
"1905","chr7.142"
"1906","chr7.143"
"1907","chr7.148"
"1908","chr7.149"
"1909","chr7.153"
"1910","chr7.154"
"1911","chr7.155"
"1912","chr7.156"
"1913","chr8.2"
"1914","chr8.3"
"1915","chr8.5"
"1916","chr8.6"
"1917","chr8.10"
"1918","chr8.11"
"1919","chr8.14"
"1920","chr8.16"
"1921","chr8.17"
"1922","chr8.18"
"1923","chr8.19"
"1924","chr8.20"
"1925","chr8.21"
"1926","chr8.22"
"1927","chr8.23"
"1928","chr8.24"
"1929","chr8.25"
"1930","chr8.26"
"1931","chr8.27"
"1932","chr8.28"
"1933","chr8.29"
"1934","chr8.30"
"1935","chr8.31"
"1936","chr8.32"
"1937","chr8.33"
"1938","chr8.34"
"1939","chr8.35"
"1940","chr8.36"
"1941","chr8.37"
"1942","chr8.38"
"1943","chr8.39"
"1944","chr8.40"
"1945","chr8.41"
"1946","chr8.42"
"1947","chr8.44"
"1948","chr8.46"
"1949","chr8.47"
"1950","chr8.48"
"1951","chr8.49"
"1952","chr8.50"
"1953","chr8.51"
"1954","chr8.52"
"1955","chr8.53"
"1956","chr8.54"
"1957","chr8.55"
"1958","chr8.56"
"1959","chr8.57"
"1960","chr8.58"
"1961","chr8.59"
"1962","chr8.60"
"1963","chr8.61"
"1964","chr8.62"
"1965","chr8.63"
"1966","chr8.64"
"1967","chr8.65"
"1968","chr8.66"
"1969","chr8.67"
"1970","chr8.68"
"1971","chr8.69"
"1972","chr8.70"
"1973","chr8.71"
"1974","chr8.72"
"1975","chr8.73"
"1976","chr8.74"
"1977","chr8.75"
"1978","chr8.76"
"1979","chr8.77"
"1980","chr8.78"
"1981","chr8.79"
"1982","chr8.80"
"1983","chr8.81"
"1984","chr8.82"
"1985","chr8.84"
"1986","chr8.85"
"1987","chr8.86"
"1988","chr8.87"
"1989","chr8.88"
"1990","chr8.89"
"1991","chr8.90"
"1992","chr8.91"
"1993","chr8.92"
"1994","chr8.93"
"1995","chr8.94"
"1996","chr8.95"
"1997","chr8.96"
"1998","chr8.97"
"1999","chr8.98"
"2000","chr8.99"
"2001","chr8.100"
"2002","chr8.101"
"2003","chr8.102"
"2004","chr8.104"
"2005","chr8.105"
"2006","chr8.106"
"2007","chr8.107"
"2008","chr8.108"
"2009","chr8.109"
"2010","chr8.110"
"2011","chr8.111"
"2012","chr8.112"
"2013","chr8.113"
"2014","chr8.114"
"2015","chr8.115"
"2016","chr8.116"
"2017","chr8.117"
"2018","chr8.118"
"2019","chr8.119"
"2020","chr8.120"
"2021","chr8.121"
"2022","chr8.122"
"2023","chr8.123"
"2024","chr8.124"
"2025","chr8.125"
"2026","chr8.126"
"2027","chr8.127"
"2028","chr8.128"
"2029","chr8.129"
"2030","chr8.130"
"2031","chr8.131"
"2032","chr8.132"
"2033","chr8.133"
"2034","chr8.134"
"2035","chr8.135"
"2036","chr8.136"
"2037","chr8.137"
"2038","chr8.138"
"2039","chr8.140"
"2040","chr8.141"
"2041","chr9.2"
"2042","chr9.3"
"2043","chr9.4"
"2044","chr9.5"
"2045","chr9.6"
"2046","chr9.8"
"2047","chr9.9"
"2048","chr9.11"
"2049","chr9.12"
"2050","chr9.13"
"2051","chr9.14"
"2052","chr9.15"
"2053","chr9.17"
"2054","chr9.18"
"2055","chr9.19"
"2056","chr9.20"
"2057","chr9.21"
"2058","chr9.22"
"2059","chr9.23"
"2060","chr9.24"
"2061","chr9.25"
"2062","chr9.26"
"2063","chr9.27"
"2064","chr9.28"
"2065","chr9.29"
"2066","chr9.30"
"2067","chr9.31"
"2068","chr9.32"
"2069","chr9.33"
"2070","chr9.36"
"2071","chr9.37"
"2072","chr9.38"
"2073","chr9.69"
"2074","chr9.71"
"2075","chr9.72"
"2076","chr9.73"
"2077","chr9.74"
"2078","chr9.75"
"2079","chr9.76"
"2080","chr9.77"
"2081","chr9.78"
"2082","chr9.79"
"2083","chr9.80"
"2084","chr9.81"
"2085","chr9.82"
"2086","chr9.83"
"2087","chr9.85"
"2088","chr9.87"
"2089","chr9.89"
"2090","chr9.91"
"2091","chr9.92"
"2092","chr9.93"
"2093","chr9.95"
"2094","chr9.96"
"2095","chr9.98"
"2096","chr9.99"
"2097","chr9.100"
"2098","chr9.101"
"2099","chr9.102"
"2100","chr9.103"
"2101","chr9.104"
"2102","chr9.105"
"2103","chr9.106"
"2104","chr9.107"
"2105","chr9.108"
"2106","chr9.109"
"2107","chr9.110"
"2108","chr9.111"
"2109","chr9.112"
"2110","chr9.114"
"2111","chr9.115"
"2112","chr9.116"
"2113","chr9.117"
"2114","chr9.118"
"2115","chr9.119"
"2116","chr9.120"
"2117","chr9.121"
"2118","chr9.122"
"2119","chr9.123"
"2120","chr9.124"
"2121","chr9.125"
"2122","chr9.126"
"2123","chr9.127"
"2124","chr9.131"
"2125","chr9.132"
"2126","chr9.133"
"2127","chr9.135"
"2128","chr9.137"
