"","msi_high","mss"
"chr1.1",NA,NA
"chr1.2",NA,NA
"chr1.3",NA,NA
"chr1.4",NA,NA
"chr1.5",151,3371
"chr1.6",124,3174
"chr1.7",126,1482
"chr1.8",116,2453
"chr1.9",101,1837
"chr1.10",NA,NA
"chr1.11",118,1417
"chr1.12",123,1793
"chr1.13",NA,NA
"chr1.14",NA,NA
"chr1.15",113,2801
"chr1.16",108,1798
"chr1.17",NA,NA
"chr1.18",NA,NA
"chr1.19",95,2482
"chr1.20",112,1520
"chr1.21",87,1859
"chr1.22",NA,NA
"chr1.23",82,1681
"chr1.24",114,1576
"chr1.25",118,1462
"chr1.26",NA,NA
"chr1.27",NA,NA
"chr1.28",NA,NA
"chr1.29",NA,NA
"chr1.30",NA,NA
"chr1.31",95,2889
"chr1.32",122,1907
"chr1.33",108,1547
"chr1.34",105,1725
"chr1.35",97,3248
"chr1.36",99,2394
"chr1.37",97,1887
"chr1.38",94,2663
"chr1.39",110,2371
"chr1.40",NA,NA
"chr1.41",NA,NA
"chr1.42",100,1955
"chr1.43",81,2640
"chr1.44",125,2155
"chr1.45",106,1964
"chr1.46",NA,NA
"chr1.47",NA,NA
"chr1.48",NA,NA
"chr1.49",82,2264
"chr1.50",NA,NA
"chr1.51",112,3430
"chr1.52",82,2363
"chr1.53",90,2160
"chr1.54",121,2150
"chr1.55",109,1768
"chr1.56",118,2034
"chr1.57",97,3335
"chr1.58",121,3794
"chr1.59",NA,NA
"chr1.60",106,2119
"chr1.61",91,2587
"chr1.62",100,2454
"chr1.63",114,2115
"chr1.64",86,2770
"chr1.65",101,2977
"chr1.66",113,2340
"chr1.67",83,3203
"chr1.68",94,2762
"chr1.69",87,2602
"chr1.70",127,4997
"chr1.71",99,3497
"chr1.72",119,3798
"chr1.73",153,4371
"chr1.74",139,5279
"chr1.75",128,4311
"chr1.76",140,4614
"chr1.77",110,3667
"chr1.78",98,3635
"chr1.79",90,2647
"chr1.80",135,4631
"chr1.81",140,5489
"chr1.82",138,5228
"chr1.83",111,4484
"chr1.84",NA,NA
"chr1.85",91,2780
"chr1.86",87,2679
"chr1.87",79,3216
"chr1.88",81,2665
"chr1.89",83,3534
"chr1.90",88,2872
"chr1.91",113,2884
"chr1.92",94,3078
"chr1.93",105,2553
"chr1.94",NA,NA
"chr1.95",86,2296
"chr1.96",97,2128
"chr1.97",112,4275
"chr1.98",123,4428
"chr1.99",126,4360
"chr1.100",86,3717
"chr1.101",104,2506
"chr1.102",88,3351
"chr1.103",106,4160
"chr1.104",NA,NA
"chr1.105",NA,NA
"chr1.106",137,5770
"chr1.107",144,5519
"chr1.108",129,4852
"chr1.109",NA,NA
"chr1.110",113,1851
"chr1.111",76,2047
"chr1.112",100,3429
"chr1.113",84,2685
"chr1.114",NA,NA
"chr1.115",85,2314
"chr1.116",101,3470
"chr1.117",100,2566
"chr1.118",100,2374
"chr1.119",82,3184
"chr1.120",94,3159
"chr1.121",NA,NA
"chr1.122",NA,NA
"chr1.123",NA,NA
"chr1.124",NA,NA
"chr1.125",NA,NA
"chr1.126",NA,NA
"chr1.127",NA,NA
"chr1.128",NA,NA
"chr1.129",NA,NA
"chr1.130",NA,NA
"chr1.131",NA,NA
"chr1.132",NA,NA
"chr1.133",NA,NA
"chr1.134",NA,NA
"chr1.135",NA,NA
"chr1.136",NA,NA
"chr1.137",NA,NA
"chr1.138",NA,NA
"chr1.139",NA,NA
"chr1.140",NA,NA
"chr1.141",NA,NA
"chr1.142",NA,NA
"chr1.143",NA,NA
"chr1.144",NA,NA
"chr1.145",NA,NA
"chr1.146",NA,NA
"chr1.147",NA,NA
"chr1.148",NA,NA
"chr1.149",114,2321
"chr1.150",94,2921
"chr1.151",NA,NA
"chr1.152",99,1753
"chr1.153",NA,NA
"chr1.154",111,2230
"chr1.155",116,3495
"chr1.156",119,4060
"chr1.157",104,2349
"chr1.158",NA,NA
"chr1.159",NA,NA
"chr1.160",99,3310
"chr1.161",118,3846
"chr1.162",114,3079
"chr1.163",NA,NA
"chr1.164",93,2596
"chr1.165",99,2437
"chr1.166",103,2346
"chr1.167",104,3143
"chr1.168",107,3431
"chr1.169",98,2714
"chr1.170",76,3364
"chr1.171",NA,NA
"chr1.172",90,2826
"chr1.173",97,3240
"chr1.174",116,4080
"chr1.175",90,2415
"chr1.176",NA,NA
"chr1.177",125,2341
"chr1.178",91,2563
"chr1.179",91,3071
"chr1.180",87,2632
"chr1.181",104,2753
"chr1.182",97,2962
"chr1.183",94,3302
"chr1.184",109,4105
"chr1.185",144,6451
"chr1.186",170,6549
"chr1.187",166,6348
"chr1.188",140,5883
"chr1.189",150,5044
"chr1.190",95,3087
"chr1.191",97,3701
"chr1.192",108,4537
"chr1.193",108,4123
"chr1.194",NA,NA
"chr1.195",102,3238
"chr1.196",115,4048
"chr1.197",122,2921
"chr1.198",99,2074
"chr1.199",NA,NA
"chr1.200",101,2103
"chr1.201",117,1888
"chr1.202",107,2139
"chr1.203",NA,NA
"chr1.204",96,2103
"chr1.205",NA,NA
"chr1.206",132,3906
"chr1.207",101,3170
"chr1.208",126,3135
"chr1.209",110,2028
"chr1.210",102,2320
"chr1.211",104,2747
"chr1.212",104,3657
"chr1.213",128,4327
"chr1.214",103,3846
"chr1.215",104,3749
"chr1.216",138,4221
"chr1.217",116,3079
"chr1.218",119,3431
"chr1.219",122,3562
"chr1.220",NA,NA
"chr1.221",NA,NA
"chr1.222",75,2415
"chr1.223",122,1795
"chr1.224",109,2230
"chr1.225",128,2464
"chr1.226",NA,NA
"chr1.227",112,2303
"chr1.228",114,2399
"chr1.229",100,3179
"chr1.230",93,2447
"chr1.231",105,3042
"chr1.232",NA,NA
"chr1.233",143,2456
"chr1.234",152,3292
"chr1.235",131,4631
"chr1.236",140,4058
"chr1.237",135,3061
"chr1.238",119,3611
"chr1.239",NA,NA
"chr1.240",NA,NA
"chr1.241",110,3447
"chr1.242",97,2660
"chr1.243",151,2628
"chr1.244",NA,NA
"chr1.245",NA,NA
"chr10.1",NA,NA
"chr10.2",135,2812
"chr10.3",132,4348
"chr10.4",135,2530
"chr10.5",116,3045
"chr10.6",NA,NA
"chr10.7",114,2718
"chr10.8",162,3416
"chr10.9",134,3896
"chr10.10",154,4701
"chr10.11",139,4060
"chr10.12",124,2100
"chr10.13",NA,NA
"chr10.14",123,2475
"chr10.15",110,2798
"chr10.16",133,2641
"chr10.17",112,3609
"chr10.18",NA,NA
"chr10.19",NA,NA
"chr10.20",106,4045
"chr10.21",102,3493
"chr10.22",103,2418
"chr10.23",102,3035
"chr10.24",114,3506
"chr10.25",120,2808
"chr10.26",97,3052
"chr10.27",186,3687
"chr10.28",136,2599
"chr10.29",118,2771
"chr10.30",130,2642
"chr10.31",114,2818
"chr10.32",92,3176
"chr10.33",NA,NA
"chr10.34",95,3070
"chr10.35",105,2619
"chr10.36",93,2396
"chr10.37",119,4537
"chr10.38",NA,NA
"chr10.39",NA,NA
"chr10.40",NA,NA
"chr10.41",104,2288
"chr10.42",121,3193
"chr10.43",NA,NA
"chr10.44",NA,NA
"chr10.45",NA,NA
"chr10.46",NA,NA
"chr10.47",NA,NA
"chr10.48",NA,NA
"chr10.49",NA,NA
"chr10.50",NA,NA
"chr10.51",131,3926
"chr10.52",101,3482
"chr10.53",134,4462
"chr10.54",NA,NA
"chr10.55",148,5792
"chr10.56",148,5203
"chr10.57",84,3060
"chr10.58",93,3347
"chr10.59",89,2317
"chr10.60",84,3041
"chr10.61",88,2718
"chr10.62",119,3012
"chr10.63",92,2914
"chr10.64",104,4089
"chr10.65",113,3885
"chr10.66",NA,NA
"chr10.67",NA,NA
"chr10.68",NA,NA
"chr10.69",97,1979
"chr10.70",130,2124
"chr10.71",96,1663
"chr10.72",NA,NA
"chr10.73",NA,NA
"chr10.74",89,2100
"chr10.75",114,3159
"chr10.76",124,3287
"chr10.77",111,2151
"chr10.78",89,2038
"chr10.79",NA,NA
"chr10.80",114,3745
"chr10.81",176,5474
"chr10.82",119,5055
"chr10.83",82,2868
"chr10.84",126,3572
"chr10.85",113,2943
"chr10.86",NA,NA
"chr10.87",99,2539
"chr10.88",101,2577
"chr10.89",123,3291
"chr10.90",99,3648
"chr10.91",NA,NA
"chr10.92",104,2213
"chr10.93",101,2167
"chr10.94",NA,NA
"chr10.95",86,2294
"chr10.96",108,1921
"chr10.97",98,2078
"chr10.98",NA,NA
"chr10.99",NA,NA
"chr10.100",98,2058
"chr10.101",128,1630
"chr10.102",NA,NA
"chr10.103",115,1967
"chr10.104",134,3813
"chr10.105",136,4787
"chr10.106",156,4500
"chr10.107",122,3897
"chr10.108",116,4058
"chr10.109",82,2249
"chr10.110",97,2559
"chr10.111",106,2675
"chr10.112",105,2163
"chr10.113",112,2085
"chr10.114",83,2632
"chr10.115",107,3953
"chr10.116",120,2741
"chr10.117",93,3212
"chr10.118",114,2067
"chr10.119",118,2744
"chr10.120",109,3010
"chr10.121",99,1720
"chr10.122",86,2612
"chr10.123",132,2507
"chr10.124",119,2371
"chr10.125",220,2941
"chr10.126",NA,NA
"chr10.127",125,2771
"chr10.128",151,3830
"chr10.129",151,2786
"chr10.130",200,3882
"chr10.131",NA,NA
"chr10.132",163,1543
"chr11.1",NA,NA
"chr11.2",NA,NA
"chr11.3",120,1557
"chr11.4",NA,NA
"chr11.5",NA,NA
"chr11.6",116,4004
"chr11.7",104,2501
"chr11.8",103,3202
"chr11.9",107,2429
"chr11.10",NA,NA
"chr11.11",108,2426
"chr11.12",81,2375
"chr11.13",71,1929
"chr11.14",88,2623
"chr11.15",NA,NA
"chr11.16",85,3068
"chr11.17",108,2914
"chr11.18",89,1983
"chr11.19",NA,NA
"chr11.20",106,2495
"chr11.21",123,2972
"chr11.22",163,4917
"chr11.23",120,4139
"chr11.24",126,3648
"chr11.25",148,4394
"chr11.26",166,5217
"chr11.27",140,3919
"chr11.28",98,2651
"chr11.29",111,3480
"chr11.30",127,5118
"chr11.31",98,4529
"chr11.32",120,3341
"chr11.33",111,3065
"chr11.34",88,2510
"chr11.35",103,1925
"chr11.36",92,2497
"chr11.37",102,2379
"chr11.38",149,4633
"chr11.39",139,5483
"chr11.40",172,5663
"chr11.41",180,5918
"chr11.42",144,5686
"chr11.43",173,5029
"chr11.44",107,3008
"chr11.45",98,2381
"chr11.46",106,2286
"chr11.47",106,1610
"chr11.48",NA,NA
"chr11.49",NA,NA
"chr11.50",NA,NA
"chr11.51",NA,NA
"chr11.52",NA,NA
"chr11.53",185,4003
"chr11.54",106,2117
"chr11.55",100,2836
"chr11.56",95,2607
"chr11.57",97,2908
"chr11.58",NA,NA
"chr11.59",NA,NA
"chr11.60",NA,NA
"chr11.61",106,1235
"chr11.62",146,1290
"chr11.63",NA,NA
"chr11.64",NA,NA
"chr11.65",NA,NA
"chr11.66",NA,NA
"chr11.67",NA,NA
"chr11.68",NA,NA
"chr11.69",78,1804
"chr11.70",96,1652
"chr11.71",104,1768
"chr11.72",87,1773
"chr11.73",78,1777
"chr11.74",83,1758
"chr11.75",107,2065
"chr11.76",135,3912
"chr11.77",103,3984
"chr11.78",122,4474
"chr11.79",131,3912
"chr11.80",110,3220
"chr11.81",NA,NA
"chr11.82",86,2988
"chr11.83",113,2315
"chr11.84",98,3052
"chr11.85",NA,NA
"chr11.86",NA,NA
"chr11.87",NA,NA
"chr11.88",140,4547
"chr11.89",79,3851
"chr11.90",91,2715
"chr11.91",107,2818
"chr11.92",100,2869
"chr11.93",NA,NA
"chr11.94",144,4654
"chr11.95",192,6255
"chr11.96",155,6188
"chr11.97",139,4090
"chr11.98",94,3297
"chr11.99",109,2412
"chr11.100",112,3349
"chr11.101",133,4438
"chr11.102",110,3533
"chr11.103",113,4429
"chr11.104",111,3572
"chr11.105",NA,NA
"chr11.106",109,3758
"chr11.107",101,3335
"chr11.108",83,3002
"chr11.109",100,2362
"chr11.110",123,2958
"chr11.111",91,2541
"chr11.112",103,3343
"chr11.113",96,2845
"chr11.114",117,1990
"chr11.115",86,1818
"chr11.116",90,1840
"chr11.117",90,2185
"chr11.118",111,2516
"chr11.119",148,3875
"chr11.120",109,2944
"chr11.121",116,3294
"chr11.122",98,2562
"chr11.123",104,2392
"chr11.124",116,4072
"chr11.125",97,3358
"chr11.126",97,2307
"chr11.127",94,2101
"chr11.128",136,3458
"chr11.129",189,5310
"chr11.130",172,4746
"chr11.131",157,2806
"chr12.1",NA,NA
"chr12.2",108,1954
"chr12.3",125,2334
"chr12.4",106,2020
"chr12.5",117,2773
"chr12.6",99,3028
"chr12.7",128,1514
"chr12.8",NA,NA
"chr12.9",NA,NA
"chr12.10",NA,NA
"chr12.11",105,3438
"chr12.12",192,2515
"chr12.13",106,1832
"chr12.14",108,2105
"chr12.15",106,2272
"chr12.16",98,2728
"chr12.17",101,2854
"chr12.18",147,4744
"chr12.19",118,4017
"chr12.20",120,2892
"chr12.21",122,3260
"chr12.22",102,3167
"chr12.23",100,2966
"chr12.24",127,4368
"chr12.25",125,4846
"chr12.26",118,3374
"chr12.27",93,2580
"chr12.28",92,2294
"chr12.29",101,3051
"chr12.30",104,3247
"chr12.31",83,3810
"chr12.32",NA,NA
"chr12.33",NA,NA
"chr12.34",96,3451
"chr12.35",NA,NA
"chr12.36",127,3881
"chr12.37",84,3469
"chr12.38",120,4655
"chr12.39",121,3358
"chr12.40",143,4409
"chr12.41",90,2865
"chr12.42",118,3743
"chr12.43",103,2848
"chr12.44",96,3177
"chr12.45",103,2146
"chr12.46",NA,NA
"chr12.47",106,1635
"chr12.48",NA,NA
"chr12.49",112,1796
"chr12.50",132,1629
"chr12.51",118,2074
"chr12.52",NA,NA
"chr12.53",NA,NA
"chr12.54",NA,NA
"chr12.55",88,2299
"chr12.56",102,3046
"chr12.57",103,4450
"chr12.58",133,5519
"chr12.59",101,3671
"chr12.60",97,2721
"chr12.61",NA,NA
"chr12.62",90,2741
"chr12.63",106,2980
"chr12.64",113,3167
"chr12.65",81,2896
"chr12.66",115,2425
"chr12.67",98,2720
"chr12.68",88,2806
"chr12.69",109,2933
"chr12.70",145,5319
"chr12.71",140,5542
"chr12.72",91,3617
"chr12.73",84,2492
"chr12.74",103,3400
"chr12.75",123,4077
"chr12.76",91,3443
"chr12.77",79,3087
"chr12.78",115,4249
"chr12.79",130,4360
"chr12.80",103,3159
"chr12.81",127,5159
"chr12.82",108,4574
"chr12.83",119,4637
"chr12.84",150,4611
"chr12.85",101,3382
"chr12.86",81,2766
"chr12.87",88,2928
"chr12.88",101,3838
"chr12.89",92,3053
"chr12.90",118,2160
"chr12.91",91,2553
"chr12.92",117,2372
"chr12.93",90,2319
"chr12.94",124,3988
"chr12.95",110,3716
"chr12.96",99,3240
"chr12.97",100,3356
"chr12.98",90,2863
"chr12.99",86,2508
"chr12.100",92,3731
"chr12.101",94,2621
"chr12.102",91,2502
"chr12.103",93,2761
"chr12.104",95,2735
"chr12.105",114,3109
"chr12.106",NA,NA
"chr12.107",123,1700
"chr12.108",103,2293
"chr12.109",NA,NA
"chr12.110",103,1967
"chr12.111",129,2770
"chr12.112",111,2697
"chr12.113",88,2366
"chr12.114",126,2124
"chr12.115",111,2018
"chr12.116",127,3396
"chr12.117",136,2022
"chr12.118",NA,NA
"chr12.119",NA,NA
"chr12.120",NA,NA
"chr12.121",141,1924
"chr12.122",130,1508
"chr12.123",102,3361
"chr12.124",135,3903
"chr12.125",169,3830
"chr12.126",164,3546
"chr12.127",138,3848
"chr12.128",137,2797
"chr12.129",NA,NA
"chr13.1",NA,NA
"chr13.2",NA,NA
"chr13.3",NA,NA
"chr13.4",NA,NA
"chr13.5",NA,NA
"chr13.6",NA,NA
"chr13.7",NA,NA
"chr13.8",NA,NA
"chr13.9",NA,NA
"chr13.10",NA,NA
"chr13.11",NA,NA
"chr13.12",NA,NA
"chr13.13",NA,NA
"chr13.14",NA,NA
"chr13.15",NA,NA
"chr13.16",NA,NA
"chr13.17",NA,NA
"chr13.18",99,2339
"chr13.19",124,3242
"chr13.20",159,3799
"chr13.21",112,2366
"chr13.22",NA,NA
"chr13.23",117,3350
"chr13.24",123,2467
"chr13.25",118,2614
"chr13.26",112,3432
"chr13.27",106,2756
"chr13.28",115,2725
"chr13.29",107,3153
"chr13.30",86,2676
"chr13.31",79,2912
"chr13.32",120,3529
"chr13.33",164,4229
"chr13.34",96,3382
"chr13.35",140,4272
"chr13.36",119,3770
"chr13.37",112,3442
"chr13.38",NA,NA
"chr13.39",109,2368
"chr13.40",96,3025
"chr13.41",94,2829
"chr13.42",87,2151
"chr13.43",117,2801
"chr13.44",104,3310
"chr13.45",117,3128
"chr13.46",103,2722
"chr13.47",111,2225
"chr13.48",101,2885
"chr13.49",NA,NA
"chr13.50",NA,NA
"chr13.51",162,5162
"chr13.52",174,6943
"chr13.53",179,6534
"chr13.54",147,6128
"chr13.55",165,6236
"chr13.56",170,5023
"chr13.57",102,3057
"chr13.58",138,4351
"chr13.59",153,6737
"chr13.60",238,7657
"chr13.61",NA,NA
"chr13.62",193,7734
"chr13.63",215,7055
"chr13.64",204,6920
"chr13.65",203,6857
"chr13.66",201,6898
"chr13.67",141,4823
"chr13.68",130,4188
"chr13.69",78,3197
"chr13.70",124,2383
"chr13.71",77,2841
"chr13.72",103,3715
"chr13.73",112,3210
"chr13.74",85,3362
"chr13.75",127,4084
"chr13.76",106,3394
"chr13.77",92,2656
"chr13.78",98,3957
"chr13.79",144,5150
"chr13.80",163,6626
"chr13.81",182,6879
"chr13.82",134,4769
"chr13.83",NA,NA
"chr13.84",175,6327
"chr13.85",174,6128
"chr13.86",134,5335
"chr13.87",140,5059
"chr13.88",133,4127
"chr13.89",131,4244
"chr13.90",148,4995
"chr13.91",NA,NA
"chr13.92",115,3066
"chr13.93",112,2945
"chr13.94",91,3394
"chr13.95",81,2755
"chr13.96",107,1952
"chr13.97",112,2196
"chr13.98",102,3107
"chr13.99",145,4773
"chr13.100",103,3591
"chr13.101",162,5100
"chr13.102",144,4860
"chr13.103",100,3219
"chr13.104",123,3251
"chr13.105",114,3909
"chr13.106",115,3921
"chr13.107",100,2933
"chr13.108",129,2224
"chr13.109",NA,NA
"chr13.110",134,1950
"chr13.111",NA,NA
"chr14.1",NA,NA
"chr14.2",NA,NA
"chr14.3",NA,NA
"chr14.4",NA,NA
"chr14.5",NA,NA
"chr14.6",NA,NA
"chr14.7",NA,NA
"chr14.8",NA,NA
"chr14.9",NA,NA
"chr14.10",NA,NA
"chr14.11",NA,NA
"chr14.12",NA,NA
"chr14.13",NA,NA
"chr14.14",NA,NA
"chr14.15",NA,NA
"chr14.16",NA,NA
"chr14.17",NA,NA
"chr14.18",124,2075
"chr14.19",93,3298
"chr14.20",NA,NA
"chr14.21",NA,NA
"chr14.22",84,2877
"chr14.23",139,4534
"chr14.24",146,4778
"chr14.25",181,5711
"chr14.26",161,5573
"chr14.27",118,4177
"chr14.28",128,2162
"chr14.29",96,2639
"chr14.30",97,3753
"chr14.31",97,2448
"chr14.32",NA,NA
"chr14.33",139,2615
"chr14.34",94,3107
"chr14.35",89,3466
"chr14.36",NA,NA
"chr14.37",119,4788
"chr14.38",159,6004
"chr14.39",178,5935
"chr14.40",160,4770
"chr14.41",108,4210
"chr14.42",NA,NA
"chr14.43",127,3806
"chr14.44",156,4881
"chr14.45",141,5155
"chr14.46",118,3694
"chr14.47",121,1674
"chr14.48",112,2901
"chr14.49",80,2681
"chr14.50",112,2771
"chr14.51",82,2610
"chr14.52",92,1973
"chr14.53",94,2821
"chr14.54",128,3386
"chr14.55",101,3104
"chr14.56",101,2920
"chr14.57",110,3334
"chr14.58",94,2590
"chr14.59",115,3212
"chr14.60",92,3584
"chr14.61",95,1932
"chr14.62",137,1806
"chr14.63",83,2561
"chr14.64",116,2178
"chr14.65",92,1906
"chr14.66",111,1832
"chr14.67",93,2598
"chr14.68",103,2185
"chr14.69",102,3126
"chr14.70",124,1854
"chr14.71",NA,NA
"chr14.72",90,1754
"chr14.73",90,2142
"chr14.74",113,1965
"chr14.75",109,2495
"chr14.76",NA,NA
"chr14.77",135,3302
"chr14.78",98,2813
"chr14.79",143,4745
"chr14.80",202,6364
"chr14.81",173,6830
"chr14.82",210,6342
"chr14.83",177,5783
"chr14.84",178,5483
"chr14.85",109,3033
"chr14.86",98,2410
"chr14.87",95,2439
"chr14.88",108,1703
"chr14.89",113,2126
"chr14.90",100,1965
"chr14.91",120,2877
"chr14.92",107,2297
"chr14.93",101,2477
"chr14.94",125,3363
"chr14.95",118,4238
"chr14.96",113,2573
"chr14.97",121,2041
"chr14.98",127,2620
"chr14.99",124,1549
"chr14.100",133,1450
"chr14.101",123,1706
"chr14.102",114,1234
"chr14.103",NA,NA
"chr15.1",NA,NA
"chr15.2",NA,NA
"chr15.3",NA,NA
"chr15.4",NA,NA
"chr15.5",NA,NA
"chr15.6",NA,NA
"chr15.7",NA,NA
"chr15.8",NA,NA
"chr15.9",NA,NA
"chr15.10",NA,NA
"chr15.11",NA,NA
"chr15.12",NA,NA
"chr15.13",NA,NA
"chr15.14",NA,NA
"chr15.15",NA,NA
"chr15.16",NA,NA
"chr15.17",NA,NA
"chr15.18",NA,NA
"chr15.19",NA,NA
"chr15.20",NA,NA
"chr15.21",NA,NA
"chr15.22",157,3865
"chr15.23",215,4913
"chr15.24",166,5097
"chr15.25",NA,NA
"chr15.26",NA,NA
"chr15.27",NA,NA
"chr15.28",NA,NA
"chr15.29",NA,NA
"chr15.30",128,2600
"chr15.31",NA,NA
"chr15.32",136,2853
"chr15.33",140,3930
"chr15.34",167,4130
"chr15.35",120,3086
"chr15.36",130,2857
"chr15.37",97,1742
"chr15.38",NA,NA
"chr15.39",107,1564
"chr15.40",NA,NA
"chr15.41",NA,NA
"chr15.42",NA,NA
"chr15.43",171,3015
"chr15.44",135,3848
"chr15.45",128,3408
"chr15.46",145,2871
"chr15.47",109,2415
"chr15.48",125,2330
"chr15.49",115,2104
"chr15.50",150,3398
"chr15.51",161,4137
"chr15.52",NA,NA
"chr15.53",126,2830
"chr15.54",130,2267
"chr15.55",116,2433
"chr15.56",114,1823
"chr15.57",130,2586
"chr15.58",136,3413
"chr15.59",119,2262
"chr15.60",133,1763
"chr15.61",101,1631
"chr15.62",118,1823
"chr15.63",122,1880
"chr15.64",140,1907
"chr15.65",118,2373
"chr15.66",108,2130
"chr15.67",136,2389
"chr15.68",129,2137
"chr15.69",NA,NA
"chr15.70",109,2676
"chr15.71",NA,NA
"chr15.72",NA,NA
"chr15.73",119,2131
"chr15.74",120,1919
"chr15.75",129,1706
"chr15.76",116,2609
"chr15.77",143,2309
"chr15.78",102,2347
"chr15.79",NA,NA
"chr15.80",NA,NA
"chr15.81",NA,NA
"chr15.82",NA,NA
"chr15.83",138,2482
"chr15.84",163,4229
"chr15.85",170,3719
"chr15.86",115,2110
"chr15.87",NA,NA
"chr15.88",133,1902
"chr15.89",117,2676
"chr15.90",121,1998
"chr15.91",142,3054
"chr15.92",151,4037
"chr15.93",179,4410
"chr15.94",146,3948
"chr15.95",156,2931
"chr15.96",106,2272
"chr15.97",104,2565
"chr15.98",119,1952
"chr16.1",NA,NA
"chr16.2",167,1190
"chr16.3",NA,NA
"chr16.4",130,1774
"chr16.5",106,1341
"chr16.6",132,2569
"chr16.7",NA,NA
"chr16.8",154,4501
"chr16.9",NA,NA
"chr16.10",96,2424
"chr16.11",116,2163
"chr16.12",129,1462
"chr16.13",133,1953
"chr16.14",142,3545
"chr16.15",NA,NA
"chr16.16",NA,NA
"chr16.17",NA,NA
"chr16.18",127,2603
"chr16.19",NA,NA
"chr16.20",87,1827
"chr16.21",NA,NA
"chr16.22",NA,NA
"chr16.23",NA,NA
"chr16.24",111,2114
"chr16.25",116,2622
"chr16.26",113,3223
"chr16.27",127,4169
"chr16.28",111,2086
"chr16.29",NA,NA
"chr16.30",NA,NA
"chr16.31",NA,NA
"chr16.32",NA,NA
"chr16.33",NA,NA
"chr16.34",NA,NA
"chr16.35",NA,NA
"chr16.36",NA,NA
"chr16.37",NA,NA
"chr16.38",NA,NA
"chr16.39",NA,NA
"chr16.40",NA,NA
"chr16.41",NA,NA
"chr16.42",NA,NA
"chr16.43",NA,NA
"chr16.44",NA,NA
"chr16.45",98,2485
"chr16.46",85,3042
"chr16.47",106,2208
"chr16.48",102,2710
"chr16.49",111,3652
"chr16.50",90,2430
"chr16.51",93,2299
"chr16.52",124,3535
"chr16.53",102,3209
"chr16.54",102,1616
"chr16.55",93,1795
"chr16.56",101,2766
"chr16.57",169,5318
"chr16.58",169,6669
"chr16.59",173,7159
"chr16.60",187,6346
"chr16.61",153,5319
"chr16.62",131,4678
"chr16.63",120,3316
"chr16.64",100,1475
"chr16.65",NA,NA
"chr16.66",NA,NA
"chr16.67",NA,NA
"chr16.68",NA,NA
"chr16.69",113,2037
"chr16.70",93,2131
"chr16.71",126,3484
"chr16.72",NA,NA
"chr16.73",99,2602
"chr16.74",120,4370
"chr16.75",120,3321
"chr16.76",253,3589
"chr16.77",120,3614
"chr16.78",121,2578
"chr16.79",123,2095
"chr16.80",109,3380
"chr16.81",133,2590
"chr16.82",114,1452
"chr16.83",123,1537
"chr16.84",163,2594
"chr16.85",NA,NA
"chr16.86",NA,NA
"chr16.87",NA,NA
"chr17.1",NA,NA
"chr17.2",NA,NA
"chr17.3",NA,NA
"chr17.4",NA,NA
"chr17.5",NA,NA
"chr17.6",123,2284
"chr17.7",130,2205
"chr17.8",NA,NA
"chr17.9",132,2273
"chr17.10",NA,NA
"chr17.11",94,2386
"chr17.12",93,2644
"chr17.13",122,2677
"chr17.14",131,3366
"chr17.15",146,3459
"chr17.16",NA,NA
"chr17.17",NA,NA
"chr17.18",115,1220
"chr17.19",NA,NA
"chr17.20",NA,NA
"chr17.21",NA,NA
"chr17.22",NA,NA
"chr17.23",NA,NA
"chr17.24",103,1537
"chr17.25",113,1702
"chr17.26",NA,NA
"chr17.27",NA,NA
"chr17.28",NA,NA
"chr17.29",78,2818
"chr17.30",118,3435
"chr17.31",97,2214
"chr17.32",NA,NA
"chr17.33",109,1718
"chr17.34",NA,NA
"chr17.35",NA,NA
"chr17.36",102,1982
"chr17.37",122,1782
"chr17.38",NA,NA
"chr17.39",NA,NA
"chr17.40",NA,NA
"chr17.41",NA,NA
"chr17.42",NA,NA
"chr17.43",NA,NA
"chr17.44",132,1954
"chr17.45",113,1979
"chr17.46",134,1489
"chr17.47",107,2977
"chr17.48",136,4011
"chr17.49",147,5419
"chr17.50",128,3715
"chr17.51",108,2840
"chr17.52",111,2535
"chr17.53",106,1832
"chr17.54",118,2407
"chr17.55",NA,NA
"chr17.56",NA,NA
"chr17.57",89,2289
"chr17.58",NA,NA
"chr17.59",105,1818
"chr17.60",NA,NA
"chr17.61",100,2227
"chr17.62",104,2004
"chr17.63",NA,NA
"chr17.64",97,2990
"chr17.65",105,2833
"chr17.66",101,3588
"chr17.67",99,2877
"chr17.68",119,1595
"chr17.69",110,2133
"chr17.70",124,1610
"chr17.71",NA,NA
"chr17.72",NA,NA
"chr17.73",115,1800
"chr17.74",141,1570
"chr17.75",NA,NA
"chr17.76",139,1309
"chr17.77",NA,NA
"chr18.1",NA,NA
"chr18.2",144,4326
"chr18.3",111,2570
"chr18.4",82,2200
"chr18.5",137,4017
"chr18.6",132,3690
"chr18.7",141,3397
"chr18.8",139,3790
"chr18.9",120,2989
"chr18.10",112,2493
"chr18.11",131,2869
"chr18.12",134,3274
"chr18.13",NA,NA
"chr18.14",115,2341
"chr18.15",NA,NA
"chr18.16",NA,NA
"chr18.17",102,2239
"chr18.18",103,1830
"chr18.19",101,2409
"chr18.20",125,3822
"chr18.21",101,3166
"chr18.22",146,4761
"chr18.23",186,6127
"chr18.24",167,6491
"chr18.25",135,4561
"chr18.26",85,2674
"chr18.27",99,2642
"chr18.28",106,3958
"chr18.29",89,3404
"chr18.30",79,2570
"chr18.31",119,2484
"chr18.32",135,2981
"chr18.33",139,5672
"chr18.34",109,4489
"chr18.35",133,5436
"chr18.36",116,4759
"chr18.37",121,4093
"chr18.38",176,5376
"chr18.39",114,4535
"chr18.40",101,3099
"chr18.41",103,2406
"chr18.42",105,2657
"chr18.43",95,1882
"chr18.44",111,1683
"chr18.45",99,2215
"chr18.46",95,2930
"chr18.47",126,4291
"chr18.48",131,3857
"chr18.49",NA,NA
"chr18.50",101,3496
"chr18.51",106,3754
"chr18.52",122,2394
"chr18.53",90,2014
"chr18.54",114,2747
"chr18.55",123,4114
"chr18.56",113,3926
"chr18.57",88,2090
"chr18.58",115,2400
"chr18.59",126,3720
"chr18.60",133,4647
"chr18.61",130,3975
"chr18.62",157,5473
"chr18.63",184,5579
"chr18.64",120,4307
"chr18.65",80,2561
"chr18.66",162,4985
"chr18.67",176,5919
"chr18.68",120,4826
"chr18.69",117,2473
"chr18.70",109,3055
"chr18.71",123,3315
"chr18.72",136,2922
"chr18.73",161,3860
"chr18.74",196,2499
"chr19.1",NA,NA
"chr19.2",NA,NA
"chr19.3",NA,NA
"chr19.4",NA,NA
"chr19.5",NA,NA
"chr19.6",NA,NA
"chr19.7",NA,NA
"chr19.8",NA,NA
"chr19.9",NA,NA
"chr19.10",NA,NA
"chr19.11",NA,NA
"chr19.12",NA,NA
"chr19.13",NA,NA
"chr19.14",NA,NA
"chr19.15",NA,NA
"chr19.16",NA,NA
"chr19.17",NA,NA
"chr19.18",NA,NA
"chr19.19",NA,NA
"chr19.20",NA,NA
"chr19.21",NA,NA
"chr19.22",NA,NA
"chr19.23",NA,NA
"chr19.24",NA,NA
"chr19.25",NA,NA
"chr19.26",148,3327
"chr19.27",156,2676
"chr19.28",160,4042
"chr19.29",169,4026
"chr19.30",NA,NA
"chr19.31",123,2277
"chr19.32",105,1986
"chr19.33",NA,NA
"chr19.34",NA,NA
"chr19.35",NA,NA
"chr19.36",NA,NA
"chr19.37",NA,NA
"chr19.38",NA,NA
"chr19.39",121,1759
"chr19.40",NA,NA
"chr19.41",NA,NA
"chr19.42",NA,NA
"chr19.43",NA,NA
"chr19.44",NA,NA
"chr19.45",NA,NA
"chr19.46",NA,NA
"chr19.47",NA,NA
"chr19.48",136,1884
"chr19.49",126,3047
"chr19.50",NA,NA
"chr19.51",NA,NA
"chr19.52",NA,NA
"chr19.53",NA,NA
"chr19.54",143,3340
"chr19.55",NA,NA
"chr2.1",NA,NA
"chr2.2",155,3057
"chr2.3",138,4012
"chr2.4",NA,NA
"chr2.5",178,5297
"chr2.6",NA,NA
"chr2.7",118,4066
"chr2.8",114,3700
"chr2.9",103,2206
"chr2.10",87,1863
"chr2.11",100,1688
"chr2.12",127,2088
"chr2.13",107,3324
"chr2.14",131,4587
"chr2.15",96,3129
"chr2.16",100,2592
"chr2.17",NA,NA
"chr2.18",97,3350
"chr2.19",120,3425
"chr2.20",95,2997
"chr2.21",105,1907
"chr2.22",110,3776
"chr2.23",144,5071
"chr2.24",98,2654
"chr2.25",92,2362
"chr2.26",127,1991
"chr2.27",138,1922
"chr2.28",117,2055
"chr2.29",84,1953
"chr2.30",92,3203
"chr2.31",117,2997
"chr2.32",109,3188
"chr2.33",NA,NA
"chr2.34",124,2834
"chr2.35",155,4412
"chr2.36",157,5058
"chr2.37",110,3030
"chr2.38",83,2391
"chr2.39",112,2399
"chr2.40",106,2572
"chr2.41",114,4176
"chr2.42",100,4206
"chr2.43",119,1965
"chr2.44",92,1783
"chr2.45",96,2287
"chr2.46",90,2830
"chr2.47",97,2166
"chr2.48",99,1862
"chr2.49",115,2945
"chr2.50",124,4214
"chr2.51",162,5335
"chr2.52",155,5643
"chr2.53",168,5102
"chr2.54",87,3469
"chr2.55",104,2235
"chr2.56",116,2468
"chr2.57",149,4189
"chr2.58",145,4911
"chr2.59",112,3881
"chr2.60",102,4252
"chr2.61",102,2857
"chr2.62",113,2368
"chr2.63",109,2528
"chr2.64",82,2865
"chr2.65",88,2417
"chr2.66",100,2161
"chr2.67",125,3990
"chr2.68",119,3989
"chr2.69",104,3265
"chr2.70",93,2423
"chr2.71",123,2168
"chr2.72",129,2697
"chr2.73",96,2837
"chr2.74",101,2506
"chr2.75",85,1940
"chr2.76",94,3145
"chr2.77",159,4797
"chr2.78",124,5228
"chr2.79",167,5134
"chr2.80",123,4096
"chr2.81",120,3683
"chr2.82",166,5333
"chr2.83",120,4331
"chr2.84",137,4681
"chr2.85",95,2811
"chr2.86",112,1689
"chr2.87",91,2152
"chr2.88",NA,NA
"chr2.89",NA,NA
"chr2.90",NA,NA
"chr2.91",NA,NA
"chr2.92",NA,NA
"chr2.93",NA,NA
"chr2.94",NA,NA
"chr2.95",NA,NA
"chr2.96",86,2372
"chr2.97",85,2576
"chr2.98",120,3271
"chr2.99",117,2247
"chr2.100",92,2629
"chr2.101",97,3905
"chr2.102",110,4701
"chr2.103",110,2465
"chr2.104",NA,NA
"chr2.105",112,4218
"chr2.106",NA,NA
"chr2.107",NA,NA
"chr2.108",NA,NA
"chr2.109",NA,NA
"chr2.110",NA,NA
"chr2.111",NA,NA
"chr2.112",NA,NA
"chr2.113",NA,NA
"chr2.114",169,5136
"chr2.115",112,3668
"chr2.116",78,3170
"chr2.117",107,2894
"chr2.118",75,2277
"chr2.119",107,2127
"chr2.120",124,3086
"chr2.121",173,5521
"chr2.122",153,5370
"chr2.123",133,3911
"chr2.124",106,3698
"chr2.125",81,2174
"chr2.126",114,1908
"chr2.127",147,4123
"chr2.128",NA,NA
"chr2.129",NA,NA
"chr2.130",NA,NA
"chr2.131",118,3462
"chr2.132",120,2796
"chr2.133",NA,NA
"chr2.134",107,2748
"chr2.135",127,4276
"chr2.136",84,2753
"chr2.137",125,4645
"chr2.138",145,5417
"chr2.139",NA,NA
"chr2.140",151,5156
"chr2.141",121,4601
"chr2.142",124,3644
"chr2.143",119,4804
"chr2.144",134,5161
"chr2.145",117,3669
"chr2.146",126,2507
"chr2.147",NA,NA
"chr2.148",88,3236
"chr2.149",109,3579
"chr2.150",NA,NA
"chr2.151",97,3281
"chr2.152",101,4648
"chr2.153",106,4303
"chr2.154",108,3348
"chr2.155",68,2923
"chr2.156",107,2754
"chr2.157",113,2194
"chr2.158",94,2316
"chr2.159",113,3197
"chr2.160",91,3189
"chr2.161",97,4295
"chr2.162",153,4695
"chr2.163",99,3290
"chr2.164",102,3423
"chr2.165",97,3859
"chr2.166",107,2527
"chr2.167",88,2650
"chr2.168",105,2640
"chr2.169",96,2611
"chr2.170",116,2293
"chr2.171",98,2394
"chr2.172",103,2588
"chr2.173",114,3146
"chr2.174",90,3262
"chr2.175",77,3007
"chr2.176",95,3071
"chr2.177",105,3260
"chr2.178",85,3973
"chr2.179",84,3851
"chr2.180",90,3162
"chr2.181",96,2999
"chr2.182",102,4029
"chr2.183",119,4436
"chr2.184",78,2906
"chr2.185",98,3602
"chr2.186",106,3998
"chr2.187",75,3742
"chr2.188",86,2590
"chr2.189",88,2518
"chr2.190",128,3266
"chr2.191",122,4265
"chr2.192",136,4690
"chr2.193",117,3479
"chr2.194",110,2699
"chr2.195",91,2434
"chr2.196",106,3144
"chr2.197",91,2785
"chr2.198",77,2879
"chr2.199",NA,NA
"chr2.200",108,2581
"chr2.201",NA,NA
"chr2.202",118,2920
"chr2.203",108,2371
"chr2.204",105,2302
"chr2.205",99,3268
"chr2.206",102,2133
"chr2.207",NA,NA
"chr2.208",105,3600
"chr2.209",127,4073
"chr2.210",NA,NA
"chr2.211",119,3741
"chr2.212",NA,NA
"chr2.213",128,3642
"chr2.214",94,2622
"chr2.215",144,3310
"chr2.216",104,2368
"chr2.217",105,1910
"chr2.218",132,3275
"chr2.219",119,3679
"chr2.220",103,3401
"chr2.221",90,2611
"chr2.222",109,2709
"chr2.223",90,3195
"chr2.224",92,4253
"chr2.225",95,2729
"chr2.226",90,2814
"chr2.227",115,3548
"chr2.228",109,2860
"chr2.229",124,2015
"chr2.230",NA,NA
"chr2.231",NA,NA
"chr2.232",102,2545
"chr2.233",121,2589
"chr2.234",118,2194
"chr2.235",88,3113
"chr2.236",119,1931
"chr2.237",138,2077
"chr2.238",131,2909
"chr2.239",126,1709
"chr20.1",NA,NA
"chr20.2",104,2664
"chr20.3",111,2435
"chr20.4",NA,NA
"chr20.5",98,2683
"chr20.6",118,2077
"chr20.7",97,3006
"chr20.8",116,4602
"chr20.9",94,3377
"chr20.10",95,2883
"chr20.11",68,2587
"chr20.12",99,3206
"chr20.13",101,3557
"chr20.14",105,2890
"chr20.15",NA,NA
"chr20.16",NA,NA
"chr20.17",91,2833
"chr20.18",83,2442
"chr20.19",90,2523
"chr20.20",89,2513
"chr20.21",75,2610
"chr20.22",119,3391
"chr20.23",88,3019
"chr20.24",109,3080
"chr20.25",109,3116
"chr20.26",NA,NA
"chr20.27",NA,NA
"chr20.28",114,1745
"chr20.29",97,1925
"chr20.30",NA,NA
"chr20.31",NA,NA
"chr20.32",NA,NA
"chr20.33",112,1764
"chr20.34",106,2266
"chr20.35",114,3506
"chr20.36",97,3818
"chr20.37",79,2378
"chr20.38",118,3968
"chr20.39",143,2929
"chr20.40",110,1973
"chr20.41",101,2319
"chr20.42",111,2443
"chr20.43",103,2221
"chr20.44",126,2646
"chr20.45",109,2037
"chr20.46",130,1436
"chr20.47",113,2272
"chr20.48",126,2933
"chr20.49",109,2940
"chr20.50",97,3065
"chr20.51",97,3493
"chr20.52",122,3129
"chr20.53",116,2144
"chr20.54",123,2366
"chr20.55",129,2930
"chr20.56",130,4174
"chr20.57",172,3671
"chr20.58",NA,NA
"chr20.59",129,1521
"chr21.1",NA,NA
"chr21.2",NA,NA
"chr21.3",NA,NA
"chr21.4",NA,NA
"chr21.5",NA,NA
"chr21.6",NA,NA
"chr21.7",NA,NA
"chr21.8",NA,NA
"chr21.9",NA,NA
"chr21.10",NA,NA
"chr21.11",NA,NA
"chr21.12",NA,NA
"chr21.13",NA,NA
"chr21.14",84,2872
"chr21.15",104,4049
"chr21.16",NA,NA
"chr21.17",126,4554
"chr21.18",113,6155
"chr21.19",158,6194
"chr21.20",140,6014
"chr21.21",151,5522
"chr21.22",161,6467
"chr21.23",137,6017
"chr21.24",102,3771
"chr21.25",87,3551
"chr21.26",125,4591
"chr21.27",109,3751
"chr21.28",95,2770
"chr21.29",116,4977
"chr21.30",121,2794
"chr21.31",105,2297
"chr21.32",85,2066
"chr21.33",76,2403
"chr21.34",NA,NA
"chr21.35",95,1872
"chr21.36",88,2500
"chr21.37",87,2680
"chr21.38",74,2191
"chr21.39",124,3446
"chr21.40",NA,NA
"chr21.41",113,1527
"chr21.42",NA,NA
"chr21.43",80,1599
"chr21.44",110,2457
"chr22.1",NA,NA
"chr22.2",NA,NA
"chr22.3",NA,NA
"chr22.4",NA,NA
"chr22.5",NA,NA
"chr22.6",NA,NA
"chr22.7",NA,NA
"chr22.8",NA,NA
"chr22.9",NA,NA
"chr22.10",NA,NA
"chr22.11",NA,NA
"chr22.12",NA,NA
"chr22.13",NA,NA
"chr22.14",NA,NA
"chr22.15",NA,NA
"chr22.16",116,1679
"chr22.17",NA,NA
"chr22.18",NA,NA
"chr22.19",NA,NA
"chr22.20",100,1920
"chr22.21",NA,NA
"chr22.22",NA,NA
"chr22.23",120,2634
"chr22.24",137,2824
"chr22.25",112,2523
"chr22.26",NA,NA
"chr22.27",125,1701
"chr22.28",NA,NA
"chr22.29",NA,NA
"chr22.30",130,2605
"chr22.31",114,3242
"chr22.32",127,2155
"chr22.33",104,1654
"chr22.34",112,1660
"chr22.35",NA,NA
"chr22.36",109,1830
"chr22.37",102,2037
"chr22.38",NA,NA
"chr22.39",NA,NA
"chr22.40",115,1596
"chr22.41",115,2295
"chr22.42",125,1698
"chr22.43",118,1347
"chr22.44",133,2053
"chr22.45",184,3363
"chr22.46",165,2827
"chr22.47",NA,NA
"chr3.1",NA,NA
"chr3.2",158,5504
"chr3.3",158,5050
"chr3.4",130,3908
"chr3.5",122,2575
"chr3.6",123,2950
"chr3.7",129,3653
"chr3.8",103,4012
"chr3.9",107,2840
"chr3.10",85,1893
"chr3.11",130,2213
"chr3.12",121,2168
"chr3.13",107,2000
"chr3.14",105,2273
"chr3.15",95,1964
"chr3.16",107,2118
"chr3.17",109,3376
"chr3.18",116,2609
"chr3.19",85,3142
"chr3.20",107,3574
"chr3.21",124,4147
"chr3.22",187,6037
"chr3.23",139,4998
"chr3.24",112,3248
"chr3.25",97,3452
"chr3.26",108,3463
"chr3.27",NA,NA
"chr3.28",98,3003
"chr3.29",118,3405
"chr3.30",110,4095
"chr3.31",76,2681
"chr3.32",94,2454
"chr3.33",122,2107
"chr3.34",98,2352
"chr3.35",89,3388
"chr3.36",107,4942
"chr3.37",110,3714
"chr3.38",106,2049
"chr3.39",109,2288
"chr3.40",90,2528
"chr3.41",86,2505
"chr3.42",90,2511
"chr3.43",104,2135
"chr3.44",86,2540
"chr3.45",112,2768
"chr3.46",93,1840
"chr3.47",111,2483
"chr3.48",NA,NA
"chr3.49",NA,NA
"chr3.50",NA,NA
"chr3.51",110,1700
"chr3.52",NA,NA
"chr3.53",97,1286
"chr3.54",88,1716
"chr3.55",115,3236
"chr3.56",123,3462
"chr3.57",117,2803
"chr3.58",NA,NA
"chr3.59",NA,NA
"chr3.60",101,3161
"chr3.61",NA,NA
"chr3.62",105,2381
"chr3.63",105,2753
"chr3.64",97,2710
"chr3.65",100,2961
"chr3.66",108,2505
"chr3.67",NA,NA
"chr3.68",103,2848
"chr3.69",105,3939
"chr3.70",92,2915
"chr3.71",106,4176
"chr3.72",101,2325
"chr3.73",87,2418
"chr3.74",95,2564
"chr3.75",136,3923
"chr3.76",NA,NA
"chr3.77",NA,NA
"chr3.78",147,4561
"chr3.79",133,5197
"chr3.80",144,5419
"chr3.81",107,4120
"chr3.82",109,3346
"chr3.83",146,5991
"chr3.84",187,6459
"chr3.85",189,6400
"chr3.86",NA,NA
"chr3.87",132,4933
"chr3.88",97,3315
"chr3.89",109,3966
"chr3.90",132,4773
"chr3.91",110,3547
"chr3.92",140,4454
"chr3.93",162,5792
"chr3.94",136,4641
"chr3.95",118,3702
"chr3.96",111,4135
"chr3.97",104,2391
"chr3.98",90,2988
"chr3.99",97,2985
"chr3.100",143,4993
"chr3.101",143,4696
"chr3.102",99,3645
"chr3.103",113,3799
"chr3.104",126,3531
"chr3.105",94,2544
"chr3.106",NA,NA
"chr3.107",111,3658
"chr3.108",84,3148
"chr3.109",91,2584
"chr3.110",86,2390
"chr3.111",105,2654
"chr3.112",112,3649
"chr3.113",124,4065
"chr3.114",NA,NA
"chr3.115",112,4416
"chr3.116",96,3017
"chr3.117",112,2512
"chr3.118",NA,NA
"chr3.119",113,2541
"chr3.120",112,2255
"chr3.121",82,2575
"chr3.122",112,1881
"chr3.123",NA,NA
"chr3.124",94,2128
"chr3.125",89,2110
"chr3.126",108,1697
"chr3.127",NA,NA
"chr3.128",85,3068
"chr3.129",96,2718
"chr3.130",NA,NA
"chr3.131",95,2284
"chr3.132",112,3368
"chr3.133",NA,NA
"chr3.134",NA,NA
"chr3.135",80,2533
"chr3.136",105,2483
"chr3.137",114,3598
"chr3.138",96,2209
"chr3.139",105,2071
"chr3.140",78,3157
"chr3.141",119,4307
"chr3.142",137,5339
"chr3.143",102,3105
"chr3.144",134,4676
"chr3.145",99,4159
"chr3.146",93,2706
"chr3.147",103,2554
"chr3.148",89,3254
"chr3.149",86,2840
"chr3.150",98,3463
"chr3.151",129,3624
"chr3.152",96,3018
"chr3.153",87,2882
"chr3.154",87,3191
"chr3.155",NA,NA
"chr3.156",91,3484
"chr3.157",104,2925
"chr3.158",92,3285
"chr3.159",126,4664
"chr3.160",125,5231
"chr3.161",129,4336
"chr3.162",102,3877
"chr3.163",152,5315
"chr3.164",128,4060
"chr3.165",89,3097
"chr3.166",107,2544
"chr3.167",82,2405
"chr3.168",98,2490
"chr3.169",91,2238
"chr3.170",114,3605
"chr3.171",118,4143
"chr3.172",NA,NA
"chr3.173",112,3671
"chr3.174",113,2172
"chr3.175",104,3478
"chr3.176",113,2849
"chr3.177",139,4480
"chr3.178",112,4257
"chr3.179",115,3256
"chr3.180",96,2324
"chr3.181",121,1886
"chr3.182",76,1855
"chr3.183",129,2635
"chr3.184",93,2957
"chr3.185",99,2084
"chr3.186",70,2700
"chr3.187",101,2914
"chr3.188",114,3911
"chr3.189",159,4499
"chr3.190",103,2880
"chr3.191",116,1764
"chr3.192",NA,NA
"chr3.193",NA,NA
"chr3.194",NA,NA
"chr4.1",NA,NA
"chr4.2",NA,NA
"chr4.3",110,1656
"chr4.4",NA,NA
"chr4.5",NA,NA
"chr4.6",164,3588
"chr4.7",139,1918
"chr4.8",149,1794
"chr4.9",NA,NA
"chr4.10",NA,NA
"chr4.11",97,2725
"chr4.12",109,2693
"chr4.13",141,4097
"chr4.14",130,3490
"chr4.15",134,4408
"chr4.16",98,2818
"chr4.17",118,3063
"chr4.18",125,3065
"chr4.19",97,4196
"chr4.20",149,5136
"chr4.21",119,3520
"chr4.22",147,4277
"chr4.23",88,3114
"chr4.24",107,3226
"chr4.25",104,2410
"chr4.26",101,2344
"chr4.27",95,2711
"chr4.28",124,4366
"chr4.29",184,5881
"chr4.30",184,6921
"chr4.31",135,4781
"chr4.32",163,4459
"chr4.33",158,5271
"chr4.34",194,6295
"chr4.35",167,6456
"chr4.36",147,4967
"chr4.37",91,3421
"chr4.38",96,2595
"chr4.39",105,2211
"chr4.40",NA,NA
"chr4.41",NA,NA
"chr4.42",94,2707
"chr4.43",120,3218
"chr4.44",149,5520
"chr4.45",143,5321
"chr4.46",153,4843
"chr4.47",136,4204
"chr4.48",111,3119
"chr4.49",98,2227
"chr4.50",NA,NA
"chr4.51",NA,NA
"chr4.52",104,2930
"chr4.53",102,2886
"chr4.54",84,2339
"chr4.55",NA,NA
"chr4.56",173,5652
"chr4.57",NA,NA
"chr4.58",210,7031
"chr4.59",162,5872
"chr4.60",160,5119
"chr4.61",167,5722
"chr4.62",170,5864
"chr4.63",198,6014
"chr4.64",181,6263
"chr4.65",110,3960
"chr4.66",99,3148
"chr4.67",NA,NA
"chr4.68",105,3230
"chr4.69",92,2842
"chr4.70",95,4332
"chr4.71",94,2945
"chr4.72",NA,NA
"chr4.73",NA,NA
"chr4.74",113,2060
"chr4.75",91,2279
"chr4.76",88,2526
"chr4.77",95,3243
"chr4.78",86,3547
"chr4.79",95,3066
"chr4.80",124,2821
"chr4.81",100,2120
"chr4.82",96,3049
"chr4.83",112,3213
"chr4.84",84,3170
"chr4.85",113,2213
"chr4.86",98,2985
"chr4.87",103,2630
"chr4.88",90,3052
"chr4.89",147,3250
"chr4.90",98,3965
"chr4.91",NA,NA
"chr4.92",117,2893
"chr4.93",115,4064
"chr4.94",168,5268
"chr4.95",151,4474
"chr4.96",112,3029
"chr4.97",97,2831
"chr4.98",94,3732
"chr4.99",100,3149
"chr4.100",83,2840
"chr4.101",NA,NA
"chr4.102",125,4194
"chr4.103",97,2627
"chr4.104",84,2667
"chr4.105",95,3390
"chr4.106",113,2910
"chr4.107",120,3205
"chr4.108",91,2760
"chr4.109",96,3546
"chr4.110",101,2802
"chr4.111",104,3263
"chr4.112",88,2951
"chr4.113",92,3784
"chr4.114",153,5178
"chr4.115",144,4468
"chr4.116",NA,NA
"chr4.117",NA,NA
"chr4.118",118,3741
"chr4.119",106,3292
"chr4.120",78,3196
"chr4.121",82,2511
"chr4.122",79,3505
"chr4.123",129,4922
"chr4.124",142,6054
"chr4.125",125,3836
"chr4.126",NA,NA
"chr4.127",114,3373
"chr4.128",184,6046
"chr4.129",202,6919
"chr4.130",NA,NA
"chr4.131",192,7383
"chr4.132",196,5697
"chr4.133",209,6425
"chr4.134",189,7325
"chr4.135",140,5682
"chr4.136",96,3561
"chr4.137",135,2352
"chr4.138",92,2272
"chr4.139",85,3290
"chr4.140",91,2879
"chr4.141",100,2793
"chr4.142",NA,NA
"chr4.143",NA,NA
"chr4.144",114,2863
"chr4.145",108,3513
"chr4.146",90,2655
"chr4.147",91,3193
"chr4.148",96,2398
"chr4.149",108,1922
"chr4.150",107,2755
"chr4.151",104,2051
"chr4.152",141,3494
"chr4.153",166,4097
"chr4.154",154,4151
"chr4.155",127,4132
"chr4.156",135,2970
"chr4.157",141,2516
"chr4.158",159,3865
"chr4.159",195,5270
"chr4.160",134,4195
"chr4.161",128,3513
"chr4.162",143,4441
"chr4.163",146,3128
"chr4.164",141,4485
"chr4.165",156,4891
"chr4.166",143,2977
"chr4.167",110,1964
"chr4.168",126,2965
"chr4.169",148,5336
"chr4.170",124,3982
"chr4.171",89,2655
"chr4.172",120,3458
"chr4.173",147,5104
"chr4.174",133,4967
"chr4.175",148,4233
"chr4.176",175,5145
"chr4.177",211,6202
"chr4.178",220,5559
"chr4.179",165,4549
"chr4.180",142,4163
"chr4.181",118,2423
"chr4.182",123,2330
"chr4.183",106,2444
"chr4.184",134,2399
"chr4.185",119,2905
"chr4.186",NA,NA
"chr4.187",206,4317
"chr5.1",NA,NA
"chr5.2",165,1856
"chr5.3",159,4134
"chr5.4",219,5188
"chr5.5",185,6010
"chr5.6",150,4370
"chr5.7",116,3241
"chr5.8",126,3698
"chr5.9",124,3798
"chr5.10",96,2530
"chr5.11",92,2387
"chr5.12",150,4755
"chr5.13",154,5977
"chr5.14",145,4007
"chr5.15",94,1993
"chr5.16",92,3577
"chr5.17",111,2448
"chr5.18",NA,NA
"chr5.19",128,5043
"chr5.20",179,6581
"chr5.21",NA,NA
"chr5.22",NA,NA
"chr5.23",185,6594
"chr5.24",212,6838
"chr5.25",233,6936
"chr5.26",205,7436
"chr5.27",228,7039
"chr5.28",211,6125
"chr5.29",175,5898
"chr5.30",169,6075
"chr5.31",153,5584
"chr5.32",117,3100
"chr5.33",122,2361
"chr5.34",118,3421
"chr5.35",NA,NA
"chr5.36",125,3048
"chr5.37",91,3273
"chr5.38",NA,NA
"chr5.39",126,3663
"chr5.40",91,2825
"chr5.41",97,2863
"chr5.42",97,3348
"chr5.43",106,3600
"chr5.44",NA,NA
"chr5.45",108,4510
"chr5.46",107,4099
"chr5.47",NA,NA
"chr5.48",113,4351
"chr5.49",111,3113
"chr5.50",91,2991
"chr5.51",111,3028
"chr5.52",85,2359
"chr5.53",120,2781
"chr5.54",89,3074
"chr5.55",93,3193
"chr5.56",NA,NA
"chr5.57",110,2628
"chr5.58",92,2790
"chr5.59",NA,NA
"chr5.60",140,4955
"chr5.61",104,3493
"chr5.62",87,2606
"chr5.63",108,2969
"chr5.64",92,2711
"chr5.65",83,2599
"chr5.66",NA,NA
"chr5.67",NA,NA
"chr5.68",NA,NA
"chr5.69",88,2631
"chr5.70",80,2344
"chr5.71",88,2216
"chr5.72",NA,NA
"chr5.73",100,2470
"chr5.74",106,3114
"chr5.75",NA,NA
"chr5.76",97,2755
"chr5.77",NA,NA
"chr5.78",100,2955
"chr5.79",118,3083
"chr5.80",92,3639
"chr5.81",161,5350
"chr5.82",174,5855
"chr5.83",112,3915
"chr5.84",102,3529
"chr5.85",110,3576
"chr5.86",119,4006
"chr5.87",112,2838
"chr5.88",112,3174
"chr5.89",NA,NA
"chr5.90",117,3039
"chr5.91",110,3714
"chr5.92",89,2515
"chr5.93",87,2529
"chr5.94",96,3046
"chr5.95",87,2589
"chr5.96",NA,NA
"chr5.97",NA,NA
"chr5.98",113,4362
"chr5.99",106,3529
"chr5.100",109,3390
"chr5.101",118,3341
"chr5.102",117,4660
"chr5.103",121,4405
"chr5.104",98,3195
"chr5.105",108,2865
"chr5.106",98,3115
"chr5.107",106,4382
"chr5.108",88,3683
"chr5.109",90,3080
"chr5.110",114,3617
"chr5.111",89,3633
"chr5.112",83,2464
"chr5.113",108,2873
"chr5.114",118,4149
"chr5.115",106,3611
"chr5.116",87,2748
"chr5.117",138,4614
"chr5.118",121,4119
"chr5.119",98,2854
"chr5.120",80,2800
"chr5.121",90,2933
"chr5.122",79,3418
"chr5.123",NA,NA
"chr5.124",99,2578
"chr5.125",80,3472
"chr5.126",112,3778
"chr5.127",NA,NA
"chr5.128",83,2340
"chr5.129",96,1735
"chr5.130",109,2133
"chr5.131",NA,NA
"chr5.132",72,2318
"chr5.133",98,3019
"chr5.134",106,2764
"chr5.135",NA,NA
"chr5.136",NA,NA
"chr5.137",108,2230
"chr5.138",127,2646
"chr5.139",120,2059
"chr5.140",104,3102
"chr5.141",113,4004
"chr5.142",100,2487
"chr5.143",111,2792
"chr5.144",79,3243
"chr5.145",93,2924
"chr5.146",110,1807
"chr5.147",103,1787
"chr5.148",100,2384
"chr5.149",NA,NA
"chr5.150",128,4096
"chr5.151",115,2028
"chr5.152",NA,NA
"chr5.153",109,3792
"chr5.154",128,2285
"chr5.155",78,3387
"chr5.156",95,2970
"chr5.157",90,2024
"chr5.158",116,3683
"chr5.159",127,4525
"chr5.160",112,3258
"chr5.161",162,5101
"chr5.162",174,5039
"chr5.163",171,4339
"chr5.164",129,3777
"chr5.165",119,2192
"chr5.166",132,3864
"chr5.167",116,2853
"chr5.168",122,2414
"chr5.169",125,1721
"chr5.170",113,2355
"chr5.171",125,2782
"chr5.172",NA,NA
"chr5.173",NA,NA
"chr5.174",NA,NA
"chr5.175",NA,NA
"chr5.176",NA,NA
"chr5.177",NA,NA
"chr6.1",NA,NA
"chr6.2",135,2079
"chr6.3",97,1954
"chr6.4",108,1978
"chr6.5",103,2564
"chr6.6",106,2127
"chr6.7",114,2387
"chr6.8",112,2067
"chr6.9",132,3016
"chr6.10",150,4040
"chr6.11",129,2735
"chr6.12",132,2224
"chr6.13",118,2707
"chr6.14",117,2383
"chr6.15",118,2555
"chr6.16",135,2236
"chr6.17",105,2346
"chr6.18",117,2207
"chr6.19",162,2623
"chr6.20",180,3279
"chr6.21",140,2096
"chr6.22",147,2366
"chr6.23",167,3269
"chr6.24",157,4099
"chr6.25",144,2485
"chr6.26",141,2522
"chr6.27",NA,NA
"chr6.28",174,3072
"chr6.29",140,3068
"chr6.30",143,2631
"chr6.31",113,1603
"chr6.32",NA,NA
"chr6.33",222,2126
"chr6.34",147,1544
"chr6.35",109,1566
"chr6.36",113,1614
"chr6.37",103,1534
"chr6.38",91,2097
"chr6.39",75,2385
"chr6.40",84,2700
"chr6.41",110,2664
"chr6.42",100,1879
"chr6.43",NA,NA
"chr6.44",123,1373
"chr6.45",107,2161
"chr6.46",97,2434
"chr6.47",67,2686
"chr6.48",80,2464
"chr6.49",95,3676
"chr6.50",90,3430
"chr6.51",119,4635
"chr6.52",98,3266
"chr6.53",99,2088
"chr6.54",79,2380
"chr6.55",91,3009
"chr6.56",94,3878
"chr6.57",110,2709
"chr6.58",NA,NA
"chr6.59",NA,NA
"chr6.60",119,4356
"chr6.61",108,2794
"chr6.62",NA,NA
"chr6.63",166,5488
"chr6.64",171,5897
"chr6.65",195,6143
"chr6.66",188,5938
"chr6.67",120,3855
"chr6.68",95,2817
"chr6.69",133,4546
"chr6.70",128,4467
"chr6.71",NA,NA
"chr6.72",NA,NA
"chr6.73",97,2803
"chr6.74",116,4317
"chr6.75",104,4197
"chr6.76",95,3556
"chr6.77",87,2830
"chr6.78",71,3375
"chr6.79",97,3133
"chr6.80",109,3049
"chr6.81",101,2882
"chr6.82",96,3392
"chr6.83",NA,NA
"chr6.84",NA,NA
"chr6.85",101,2857
"chr6.86",135,3142
"chr6.87",113,2728
"chr6.88",101,3913
"chr6.89",125,5268
"chr6.90",170,6505
"chr6.91",123,4856
"chr6.92",NA,NA
"chr6.93",100,4594
"chr6.94",99,3645
"chr6.95",140,5051
"chr6.96",108,3750
"chr6.97",114,3597
"chr6.98",103,3147
"chr6.99",147,5319
"chr6.100",148,6468
"chr6.101",146,5404
"chr6.102",97,3081
"chr6.103",82,2741
"chr6.104",95,1923
"chr6.105",91,2484
"chr6.106",84,1987
"chr6.107",72,2716
"chr6.108",111,2243
"chr6.109",93,3029
"chr6.110",117,3687
"chr6.111",126,2977
"chr6.112",119,4707
"chr6.113",85,3053
"chr6.114",90,3319
"chr6.115",102,3859
"chr6.116",82,3033
"chr6.117",135,4438
"chr6.118",123,3622
"chr6.119",135,4010
"chr6.120",93,3615
"chr6.121",139,4834
"chr6.122",124,3404
"chr6.123",NA,NA
"chr6.124",93,3742
"chr6.125",94,3141
"chr6.126",107,3571
"chr6.127",89,2996
"chr6.128",101,2528
"chr6.129",100,2978
"chr6.130",120,3817
"chr6.131",99,2946
"chr6.132",94,2353
"chr6.133",85,2882
"chr6.134",80,2361
"chr6.135",80,2488
"chr6.136",117,2560
"chr6.137",98,3393
"chr6.138",107,3853
"chr6.139",97,3410
"chr6.140",105,2667
"chr6.141",97,2321
"chr6.142",90,2983
"chr6.143",117,3658
"chr6.144",105,3010
"chr6.145",106,2249
"chr6.146",97,3134
"chr6.147",98,2140
"chr6.148",131,2218
"chr6.149",117,3889
"chr6.150",124,4357
"chr6.151",126,3578
"chr6.152",112,2488
"chr6.153",80,3507
"chr6.154",NA,NA
"chr6.155",100,1752
"chr6.156",105,2406
"chr6.157",108,2324
"chr6.158",NA,NA
"chr6.159",NA,NA
"chr6.160",205,4370
"chr6.161",144,4874
"chr6.162",147,4752
"chr6.163",102,3160
"chr6.164",NA,NA
"chr6.165",NA,NA
"chr6.166",129,2866
"chr6.167",NA,NA
"chr7.1",NA,NA
"chr7.2",158,1510
"chr7.3",141,1286
"chr7.4",155,3529
"chr7.5",NA,NA
"chr7.6",NA,NA
"chr7.7",NA,NA
"chr7.8",82,2446
"chr7.9",79,3396
"chr7.10",157,5582
"chr7.11",143,4784
"chr7.12",81,3659
"chr7.13",107,3059
"chr7.14",111,3908
"chr7.15",114,4212
"chr7.16",126,3917
"chr7.17",107,2496
"chr7.18",87,2720
"chr7.19",135,3922
"chr7.20",137,4384
"chr7.21",96,2956
"chr7.22",101,3378
"chr7.23",98,2854
"chr7.24",NA,NA
"chr7.25",98,3016
"chr7.26",95,2729
"chr7.27",91,2697
"chr7.28",79,2363
"chr7.29",112,3360
"chr7.30",108,2297
"chr7.31",90,1932
"chr7.32",98,3227
"chr7.33",NA,NA
"chr7.34",115,2506
"chr7.35",112,3063
"chr7.36",NA,NA
"chr7.37",108,2394
"chr7.38",127,3530
"chr7.39",118,3617
"chr7.40",110,2885
"chr7.41",121,3022
"chr7.42",174,4012
"chr7.43",138,4235
"chr7.44",113,2972
"chr7.45",NA,NA
"chr7.46",NA,NA
"chr7.47",91,3757
"chr7.48",125,2214
"chr7.49",123,3669
"chr7.50",154,5098
"chr7.51",95,2848
"chr7.52",94,2634
"chr7.53",136,4582
"chr7.54",166,5851
"chr7.55",115,4166
"chr7.56",NA,NA
"chr7.57",NA,NA
"chr7.58",NA,NA
"chr7.59",NA,NA
"chr7.60",NA,NA
"chr7.61",NA,NA
"chr7.62",NA,NA
"chr7.63",NA,NA
"chr7.64",NA,NA
"chr7.65",184,4233
"chr7.66",181,4570
"chr7.67",118,3320
"chr7.68",168,3280
"chr7.69",NA,NA
"chr7.70",NA,NA
"chr7.71",NA,NA
"chr7.72",NA,NA
"chr7.73",NA,NA
"chr7.74",NA,NA
"chr7.75",99,2703
"chr7.76",NA,NA
"chr7.77",111,3727
"chr7.78",98,3026
"chr7.79",104,4103
"chr7.80",115,3929
"chr7.81",112,3698
"chr7.82",147,4557
"chr7.83",125,5249
"chr7.84",99,3354
"chr7.85",113,2967
"chr7.86",105,4405
"chr7.87",99,3159
"chr7.88",127,3690
"chr7.89",NA,NA
"chr7.90",94,2754
"chr7.91",111,4068
"chr7.92",88,3388
"chr7.93",91,3276
"chr7.94",132,3675
"chr7.95",NA,NA
"chr7.96",142,1952
"chr7.97",NA,NA
"chr7.98",NA,NA
"chr7.99",NA,NA
"chr7.100",NA,NA
"chr7.101",104,3579
"chr7.102",NA,NA
"chr7.103",94,2139
"chr7.104",113,2910
"chr7.105",115,2437
"chr7.106",106,4359
"chr7.107",135,4923
"chr7.108",128,3343
"chr7.109",92,2827
"chr7.110",77,3253
"chr7.111",112,4131
"chr7.112",124,4405
"chr7.113",112,3700
"chr7.114",88,2399
"chr7.115",89,2691
"chr7.116",121,4742
"chr7.117",147,5631
"chr7.118",99,3418
"chr7.119",100,3540
"chr7.120",88,3023
"chr7.121",86,3249
"chr7.122",139,4417
"chr7.123",146,5264
"chr7.124",128,3118
"chr7.125",101,2147
"chr7.126",NA,NA
"chr7.127",126,1986
"chr7.128",NA,NA
"chr7.129",115,2722
"chr7.130",130,3002
"chr7.131",111,2492
"chr7.132",91,3288
"chr7.133",133,3193
"chr7.134",156,5433
"chr7.135",120,3205
"chr7.136",126,2180
"chr7.137",NA,NA
"chr7.138",NA,NA
"chr7.139",135,2755
"chr7.140",NA,NA
"chr7.141",NA,NA
"chr7.142",101,3480
"chr7.143",180,5945
"chr7.144",NA,NA
"chr7.145",NA,NA
"chr7.146",NA,NA
"chr7.147",NA,NA
"chr7.148",124,2133
"chr7.149",135,2014
"chr7.150",NA,NA
"chr7.151",NA,NA
"chr7.152",NA,NA
"chr7.153",139,2455
"chr7.154",118,2224
"chr7.155",180,2392
"chr7.156",177,2114
"chr8.1",NA,NA
"chr8.2",153,2732
"chr8.3",168,4038
"chr8.4",NA,NA
"chr8.5",150,5303
"chr8.6",173,5281
"chr8.7",NA,NA
"chr8.8",NA,NA
"chr8.9",NA,NA
"chr8.10",133,2881
"chr8.11",142,2758
"chr8.12",NA,NA
"chr8.13",NA,NA
"chr8.14",148,5165
"chr8.15",NA,NA
"chr8.16",222,6275
"chr8.17",159,4688
"chr8.18",104,2323
"chr8.19",95,2561
"chr8.20",82,2927
"chr8.21",93,3457
"chr8.22",115,2409
"chr8.23",119,1725
"chr8.24",114,2667
"chr8.25",94,3510
"chr8.26",116,2672
"chr8.27",85,2798
"chr8.28",101,2107
"chr8.29",108,1974
"chr8.30",93,2373
"chr8.31",111,2396
"chr8.32",126,4569
"chr8.33",120,4754
"chr8.34",116,3070
"chr8.35",117,4768
"chr8.36",108,4066
"chr8.37",104,3825
"chr8.38",124,1779
"chr8.39",109,2005
"chr8.40",100,2849
"chr8.41",115,3301
"chr8.42",126,2690
"chr8.43",NA,NA
"chr8.44",151,3494
"chr8.45",NA,NA
"chr8.46",107,3092
"chr8.47",165,5537
"chr8.48",156,5343
"chr8.49",109,3844
"chr8.50",63,3027
"chr8.51",134,3464
"chr8.52",113,3444
"chr8.53",117,3353
"chr8.54",127,3483
"chr8.55",126,3721
"chr8.56",114,3255
"chr8.57",97,3576
"chr8.58",86,2692
"chr8.59",71,2733
"chr8.60",125,3439
"chr8.61",127,3543
"chr8.62",149,4998
"chr8.63",137,3619
"chr8.64",99,2797
"chr8.65",116,2769
"chr8.66",136,4755
"chr8.67",117,4029
"chr8.68",134,2953
"chr8.69",103,3500
"chr8.70",112,4168
"chr8.71",107,2634
"chr8.72",101,3456
"chr8.73",113,3645
"chr8.74",98,4606
"chr8.75",147,4852
"chr8.76",112,4028
"chr8.77",101,3310
"chr8.78",91,2264
"chr8.79",79,2758
"chr8.80",137,4567
"chr8.81",140,5899
"chr8.82",144,5482
"chr8.83",NA,NA
"chr8.84",129,3167
"chr8.85",154,5784
"chr8.86",172,6012
"chr8.87",139,3754
"chr8.88",84,3510
"chr8.89",85,4004
"chr8.90",129,4660
"chr8.91",112,3364
"chr8.92",105,2257
"chr8.93",107,2730
"chr8.94",122,3914
"chr8.95",100,3253
"chr8.96",76,2299
"chr8.97",110,2287
"chr8.98",96,2480
"chr8.99",94,2052
"chr8.100",94,2528
"chr8.101",114,3157
"chr8.102",120,4376
"chr8.103",NA,NA
"chr8.104",101,3756
"chr8.105",122,3953
"chr8.106",117,3988
"chr8.107",95,3329
"chr8.108",136,4237
"chr8.109",148,4358
"chr8.110",158,4846
"chr8.111",206,6014
"chr8.112",202,7046
"chr8.113",186,6200
"chr8.114",120,4192
"chr8.115",84,3639
"chr8.116",90,2339
"chr8.117",101,3055
"chr8.118",97,2541
"chr8.119",85,3031
"chr8.120",85,3508
"chr8.121",89,2157
"chr8.122",89,2632
"chr8.123",93,2214
"chr8.124",102,3203
"chr8.125",107,2096
"chr8.126",106,2882
"chr8.127",98,3923
"chr8.128",108,2717
"chr8.129",146,4606
"chr8.130",100,3205
"chr8.131",100,2361
"chr8.132",107,3224
"chr8.133",164,3519
"chr8.134",187,4724
"chr8.135",175,5681
"chr8.136",139,3727
"chr8.137",120,3340
"chr8.138",115,1635
"chr8.139",NA,NA
"chr8.140",166,2269
"chr8.141",139,1741
"chr8.142",NA,NA
"chr9.1",NA,NA
"chr9.2",122,3481
"chr9.3",96,2950
"chr9.4",91,2934
"chr9.5",118,2338
"chr9.6",106,2551
"chr9.7",NA,NA
"chr9.8",96,2844
"chr9.9",119,2818
"chr9.10",NA,NA
"chr9.11",167,5400
"chr9.12",161,5301
"chr9.13",114,3228
"chr9.14",111,3466
"chr9.15",96,2873
"chr9.16",NA,NA
"chr9.17",148,3516
"chr9.18",133,3085
"chr9.19",114,2494
"chr9.20",110,2428
"chr9.21",92,2292
"chr9.22",96,3412
"chr9.23",124,4236
"chr9.24",170,4545
"chr9.25",167,5049
"chr9.26",128,4696
"chr9.27",145,3628
"chr9.28",93,2742
"chr9.29",131,4607
"chr9.30",180,5113
"chr9.31",200,5515
"chr9.32",128,4497
"chr9.33",116,2921
"chr9.34",NA,NA
"chr9.35",NA,NA
"chr9.36",93,1896
"chr9.37",102,2032
"chr9.38",104,2060
"chr9.39",NA,NA
"chr9.40",NA,NA
"chr9.41",NA,NA
"chr9.42",NA,NA
"chr9.43",NA,NA
"chr9.44",NA,NA
"chr9.45",NA,NA
"chr9.46",NA,NA
"chr9.47",NA,NA
"chr9.48",NA,NA
"chr9.49",NA,NA
"chr9.50",NA,NA
"chr9.51",NA,NA
"chr9.52",NA,NA
"chr9.53",NA,NA
"chr9.54",NA,NA
"chr9.55",NA,NA
"chr9.56",NA,NA
"chr9.57",NA,NA
"chr9.58",NA,NA
"chr9.59",NA,NA
"chr9.60",NA,NA
"chr9.61",NA,NA
"chr9.62",NA,NA
"chr9.63",NA,NA
"chr9.64",NA,NA
"chr9.65",NA,NA
"chr9.66",NA,NA
"chr9.67",NA,NA
"chr9.68",NA,NA
"chr9.69",92,2161
"chr9.70",NA,NA
"chr9.71",112,3392
"chr9.72",134,2416
"chr9.73",104,3348
"chr9.74",144,4538
"chr9.75",95,3084
"chr9.76",102,2432
"chr9.77",87,2680
"chr9.78",113,2778
"chr9.79",140,4245
"chr9.80",144,5087
"chr9.81",118,3628
"chr9.82",97,3403
"chr9.83",97,2867
"chr9.84",NA,NA
"chr9.85",93,2931
"chr9.86",NA,NA
"chr9.87",121,3529
"chr9.88",NA,NA
"chr9.89",127,2421
"chr9.90",NA,NA
"chr9.91",106,2745
"chr9.92",100,2432
"chr9.93",101,1829
"chr9.94",NA,NA
"chr9.95",99,1938
"chr9.96",112,2317
"chr9.97",NA,NA
"chr9.98",95,2288
"chr9.99",95,3040
"chr9.100",131,2839
"chr9.101",86,3215
"chr9.102",114,4101
"chr9.103",137,5299
"chr9.104",116,3763
"chr9.105",108,2552
"chr9.106",88,3515
"chr9.107",110,2646
"chr9.108",100,2521
"chr9.109",104,2210
"chr9.110",108,2706
"chr9.111",91,2886
"chr9.112",104,2008
"chr9.113",NA,NA
"chr9.114",109,2319
"chr9.115",110,3073
"chr9.116",133,3839
"chr9.117",129,3422
"chr9.118",111,3841
"chr9.119",148,4685
"chr9.120",105,3067
"chr9.121",96,2106
"chr9.122",110,2153
"chr9.123",97,1934
"chr9.124",147,1996
"chr9.125",109,1694
"chr9.126",109,2642
"chr9.127",114,1726
"chr9.128",NA,NA
"chr9.129",NA,NA
"chr9.130",NA,NA
"chr9.131",132,1736
"chr9.132",119,1998
"chr9.133",114,1746
"chr9.134",NA,NA
"chr9.135",170,2569
"chr9.136",NA,NA
"chr9.137",170,876
"chrX.1",NA,NA
"chrX.2",NA,NA
"chrX.3",NA,NA
"chrX.4",NA,NA
"chrX.5",NA,NA
"chrX.6",NA,NA
"chrX.7",NA,NA
"chrX.8",NA,NA
"chrX.9",NA,NA
"chrX.10",NA,NA
"chrX.11",NA,NA
"chrX.12",NA,NA
"chrX.13",NA,NA
"chrX.14",NA,NA
"chrX.15",NA,NA
"chrX.16",NA,NA
"chrX.17",NA,NA
"chrX.18",NA,NA
"chrX.19",NA,NA
"chrX.20",NA,NA
"chrX.21",NA,NA
"chrX.22",NA,NA
"chrX.23",NA,NA
"chrX.24",NA,NA
"chrX.25",NA,NA
"chrX.26",NA,NA
"chrX.27",NA,NA
"chrX.28",NA,NA
"chrX.29",NA,NA
"chrX.30",NA,NA
"chrX.31",NA,NA
"chrX.32",NA,NA
"chrX.33",NA,NA
"chrX.34",NA,NA
"chrX.35",NA,NA
"chrX.36",NA,NA
"chrX.37",NA,NA
"chrX.38",NA,NA
"chrX.39",NA,NA
"chrX.40",NA,NA
"chrX.41",NA,NA
"chrX.42",NA,NA
"chrX.43",NA,NA
"chrX.44",NA,NA
"chrX.45",NA,NA
"chrX.46",NA,NA
"chrX.47",NA,NA
"chrX.48",NA,NA
"chrX.49",NA,NA
"chrX.50",NA,NA
"chrX.51",NA,NA
"chrX.52",NA,NA
"chrX.53",NA,NA
"chrX.54",NA,NA
"chrX.55",NA,NA
"chrX.56",NA,NA
"chrX.57",NA,NA
"chrX.58",NA,NA
"chrX.59",NA,NA
"chrX.60",NA,NA
"chrX.61",NA,NA
"chrX.62",NA,NA
"chrX.63",NA,NA
"chrX.64",NA,NA
"chrX.65",NA,NA
"chrX.66",NA,NA
"chrX.67",NA,NA
"chrX.68",NA,NA
"chrX.69",NA,NA
"chrX.70",NA,NA
"chrX.71",NA,NA
"chrX.72",NA,NA
"chrX.73",NA,NA
"chrX.74",NA,NA
"chrX.75",NA,NA
"chrX.76",NA,NA
"chrX.77",NA,NA
"chrX.78",NA,NA
"chrX.79",NA,NA
"chrX.80",NA,NA
"chrX.81",NA,NA
"chrX.82",NA,NA
"chrX.83",NA,NA
"chrX.84",NA,NA
"chrX.85",NA,NA
"chrX.86",NA,NA
"chrX.87",NA,NA
"chrX.88",NA,NA
"chrX.89",NA,NA
"chrX.90",NA,NA
"chrX.91",NA,NA
"chrX.92",NA,NA
"chrX.93",NA,NA
"chrX.94",NA,NA
"chrX.95",NA,NA
"chrX.96",NA,NA
"chrX.97",NA,NA
"chrX.98",NA,NA
"chrX.99",NA,NA
"chrX.100",NA,NA
"chrX.101",NA,NA
"chrX.102",NA,NA
"chrX.103",NA,NA
"chrX.104",NA,NA
"chrX.105",NA,NA
"chrX.106",NA,NA
"chrX.107",NA,NA
"chrX.108",NA,NA
"chrX.109",NA,NA
"chrX.110",NA,NA
"chrX.111",NA,NA
"chrX.112",NA,NA
"chrX.113",NA,NA
"chrX.114",NA,NA
"chrX.115",NA,NA
"chrX.116",NA,NA
"chrX.117",NA,NA
"chrX.118",NA,NA
"chrX.119",NA,NA
"chrX.120",NA,NA
"chrX.121",NA,NA
"chrX.122",NA,NA
"chrX.123",NA,NA
"chrX.124",NA,NA
"chrX.125",NA,NA
"chrX.126",NA,NA
"chrX.127",NA,NA
"chrX.128",NA,NA
"chrX.129",NA,NA
"chrX.130",NA,NA
"chrX.131",NA,NA
"chrX.132",NA,NA
"chrX.133",NA,NA
"chrX.134",NA,NA
"chrX.135",NA,NA
"chrX.136",NA,NA
"chrX.137",NA,NA
"chrX.138",NA,NA
"chrX.139",NA,NA
"chrX.140",NA,NA
"chrX.141",NA,NA
"chrX.142",NA,NA
"chrX.143",NA,NA
"chrX.144",NA,NA
"chrX.145",NA,NA
"chrX.146",NA,NA
"chrX.147",NA,NA
"chrX.148",NA,NA
"chrX.149",NA,NA
"chrX.150",NA,NA
"chrX.151",NA,NA
"chrY.1",NA,NA
"chrY.2",NA,NA
"chrY.3",NA,NA
"chrY.4",NA,NA
"chrY.5",NA,NA
"chrY.6",NA,NA
"chrY.7",NA,NA
"chrY.8",NA,NA
"chrY.9",NA,NA
"chrY.10",NA,NA
"chrY.11",NA,NA
"chrY.12",NA,NA
"chrY.13",NA,NA
"chrY.14",NA,NA
"chrY.15",NA,NA
"chrY.16",NA,NA
"chrY.17",NA,NA
"chrY.18",NA,NA
"chrY.19",NA,NA
"chrY.20",NA,NA
"chrY.21",NA,NA
"chrY.22",NA,NA
"chrY.23",NA,NA
"chrY.24",NA,NA
"chrY.25",NA,NA
"chrY.26",NA,NA
"chrY.27",NA,NA
"chrY.28",NA,NA
"chrY.29",NA,NA
"chrY.30",NA,NA
"chrY.31",NA,NA
"chrY.32",NA,NA
"chrY.33",NA,NA
"chrY.34",NA,NA
"chrY.35",NA,NA
"chrY.36",NA,NA
"chrY.37",NA,NA
"chrY.38",NA,NA
"chrY.39",NA,NA
"chrY.40",NA,NA
"chrY.41",NA,NA
"chrY.42",NA,NA
"chrY.43",NA,NA
"chrY.44",NA,NA
"chrY.45",NA,NA
"chrY.46",NA,NA
"chrY.47",NA,NA
"chrY.48",NA,NA
"chrY.49",NA,NA
"chrY.50",NA,NA
"chrY.51",NA,NA
"chrY.52",NA,NA
"chrY.53",NA,NA
"chrY.54",NA,NA
"chrY.55",NA,NA
"chrY.56",NA,NA
