,MSKScaled
chr1.5,-2.6289607684346
chr1.6,-4.51695148471413
chr1.7,-1.26658789749951
chr1.8,-1.44662015429605
chr1.9,-1.33871903446951
chr1.11,-1.19599451344403
chr1.12,-2.48483228439968
chr1.15,0.551538163785207
chr1.16,-3.00837850184518
chr1.19,-6.15241940647351
chr1.20,-2.45393758682026
chr1.21,-7.79771157270674
chr1.23,-2.62008650049334
chr1.24,-0.0937139562850015
chr1.25,-3.5010735367992
chr1.31,-0.842320128862458
chr1.32,-3.16647688586282
chr1.33,-2.76904439291193
chr1.34,-4.80690391898104
chr1.35,-2.65473336046594
chr1.36,-3.13834334706401
chr1.37,-4.44320710785099
chr1.38,-6.77516591962211
chr1.39,-2.92293036598406
chr1.42,-5.13623156349442
chr1.43,-5.83204597150832
chr1.44,-5.5340921123245
chr1.45,-6.50499387225561
chr1.49,0.469193951898295
chr1.51,-4.82561870837608
chr1.52,-2.37551287935674
chr1.53,-5.63747363025792
chr1.54,-1.84748008497675
chr1.55,-2.25407051179487
chr1.56,-0.566042214169444
chr1.57,-0.0915775244911181
chr1.58,-3.70454338307693
chr1.60,-7.81697062208304
chr1.61,-4.62250300010018
chr1.62,-3.15437554553842
chr1.63,-5.19858751530615
chr1.64,-0.238363403650623
chr1.65,-2.62704658215758
chr1.66,-4.37184008239361
chr1.67,-3.31389298615349
chr1.68,-5.8409076825834
chr1.69,-6.57971695059691
chr1.70,6.80403729775553
chr1.71,0.0511039377796059
chr1.72,-2.37116088451306
chr1.73,-6.53483851075729
chr1.74,0.0467012365890157
chr1.75,-4.78808873585802
chr1.76,2.28427754992543
chr1.77,1.02390228581599
chr1.78,-4.56630146585246
chr1.79,-1.73347419096779
chr1.80,4.44491580690187
chr1.81,5.88021598563978
chr1.82,5.6144028848765
chr1.83,-4.92898349235996
chr1.85,-6.13694938376641
chr1.86,-5.5394332838435
chr1.87,2.4680830984037
chr1.88,-1.70817871084105
chr1.89,-3.57563194446106
chr1.90,3.53795736123786
chr1.91,-3.9480431444268
chr1.92,2.05494116692528
chr1.93,-1.26887748690671
chr1.95,-6.92493240294202
chr1.96,-6.76814436811852
chr1.97,-0.319981690439906
chr1.98,-4.43507177780411
chr1.99,-3.64442533515958
chr1.100,5.69607467256044
chr1.101,-0.397595264817241
chr1.102,-4.43327581583115
chr1.103,4.08853702912434
chr1.106,11.7616669475185
chr1.107,12.5167874391241
chr1.108,-0.563122305781833
chr1.110,-3.80098173494025
chr1.111,-8.35629836971746
chr1.112,-4.60780359191318
chr1.113,-4.36298404175465
chr1.115,-3.40439004868039
chr1.116,-2.03049941543566
chr1.117,-5.09813553520425
chr1.118,-1.68285200556897
chr1.119,-1.52108909427564
chr1.120,1.77681157035196
chr1.149,6.88771103359917
chr1.150,5.36834162473509
chr1.152,-0.788852081081959
chr1.154,-2.84438875255112
chr1.155,11.5543073310142
chr1.156,16.8027632413515
chr1.157,2.88654808683008
chr1.160,-3.05499052763242
chr1.161,-3.05153677846239
chr1.162,-4.21080820496315
chr1.164,1.4636204948308
chr1.165,-3.22053188314045
chr1.166,1.83838457572998
chr1.167,1.41071435941213
chr1.168,13.5626706457047
chr1.169,-2.85535577742841
chr1.170,8.88952941799792
chr1.172,-4.36743456475485
chr1.173,-3.10904285327548
chr1.174,-5.24943879779331
chr1.175,-4.08484222063276
chr1.177,-2.33160329707272
chr1.178,-1.99014973916681
chr1.179,0.000788052789545524
chr1.180,0.725687487779424
chr1.181,-0.209244761850266
chr1.182,-2.19191758412257
chr1.183,1.05961018776748
chr1.184,7.8613059318715
chr1.185,0.617250117697791
chr1.186,5.48894964039365
chr1.187,4.19638460443584
chr1.188,8.43918110045317
chr1.189,8.02702063923614
chr1.190,-3.67742256942852
chr1.191,1.11168139169371
chr1.192,7.06069581551809
chr1.193,0.452972475904058
chr1.195,-0.667760831139963
chr1.196,6.08701563584365
chr1.197,11.2872871767847
chr1.198,-1.86150885117403
chr1.200,-0.846802441390886
chr1.201,1.3126694078507
chr1.202,-5.29887348144863
chr1.204,-0.365333245424383
chr1.206,-0.697096513340003
chr1.207,-0.319617911536791
chr1.208,1.69244140654956
chr1.209,-3.24342648060246
chr1.210,-2.65824072541637
chr1.211,-8.77708758040193
chr1.212,7.86234776309593
chr1.213,0.955727850109034
chr1.214,1.07512386748018
chr1.215,0.072138332497947
chr1.216,-3.03507225863236
chr1.217,-0.00119342152054153
chr1.218,0.467855477747462
chr1.219,-3.5029393789323
chr1.222,-1.00646534912741
chr1.223,-2.1862159950663
chr1.224,-1.20317466750266
chr1.225,-2.40727116173326
chr1.227,-1.06876720044359
chr1.228,-2.6262322747691
chr1.229,-1.32391820178236
chr1.230,-7.0746319925659
chr1.231,2.32132240150589
chr1.233,-0.359362518631779
chr1.234,1.44009080448968
chr1.235,5.11978551249917
chr1.236,9.89153220868619
chr1.237,1.84343544888291
chr1.238,-2.47047997832211
chr1.241,1.30530483978049
chr1.242,-1.06735772809385
chr1.243,-1.65275680860822
chr2.2,-3.80977837415572
chr2.3,-2.87359696813836
chr2.5,-7.57727732819006
chr2.7,-9.44181556532012
chr2.8,-7.14755518182938
chr2.9,-4.71525467706376
chr2.10,-1.37450308967711
chr2.11,-3.95024878197678
chr2.12,-6.02632712689735
chr2.13,-3.73936948939097
chr2.14,-3.37817727301341
chr2.15,-1.78416344055006
chr2.16,-3.61250064181435
chr2.18,-7.45606982291907
chr2.19,-8.50872070697807
chr2.20,-6.66524468691399
chr2.21,-6.25635197678312
chr2.22,0.531381837380421
chr2.23,-6.27719684513055
chr2.24,-9.27507858749454
chr2.25,-6.40364970560793
chr2.26,-2.66635263454764
chr2.27,-4.11806324598071
chr2.28,-2.04734074186739
chr2.29,-1.9271514509098
chr2.30,-3.41507992118675
chr2.31,-7.29141593775042
chr2.32,-3.57282921140308
chr2.34,4.28698616023778
chr2.35,18.1608190533845
chr2.36,15.8939588506312
chr2.37,4.05356942584733
chr2.38,-4.21175001226658
chr2.39,6.05608634454872
chr2.40,-4.99266469114803
chr2.41,-4.00827653011511
chr2.42,2.76649796658119
chr2.43,-6.1556596111548
chr2.44,-3.81754483378769
chr2.45,-2.50045893755819
chr2.46,-9.99286971410721
chr2.47,-5.8600211256791
chr2.48,-4.5586849817145
chr2.49,-4.72457381159426
chr2.50,6.12928726062664
chr2.51,-3.77026402888037
chr2.52,-0.877539555965611
chr2.53,-3.28004333309828
chr2.54,-2.34276714606219
chr2.55,-7.29188176098286
chr2.56,-2.9724503762499
chr2.57,-0.307265172683115
chr2.58,-3.32602169462084
chr2.59,-6.15010179377506
chr2.60,-4.22221865334558
chr2.61,-4.64423784185873
chr2.62,-1.59306731752162
chr2.63,2.20224788629055
chr2.64,-5.06264217055042
chr2.65,-4.58157825972577
chr2.66,-6.11788529252086
chr2.67,4.79642474099114
chr2.68,-2.47018008862839
chr2.69,-2.56922550056722
chr2.70,-4.73041449558713
chr2.71,-1.77987697019351
chr2.72,0.469315420759217
chr2.73,-1.71324138631183
chr2.74,-4.69079786227216
chr2.75,-4.95633997677059
chr2.76,-2.87110399183848
chr2.77,9.00102510775667
chr2.78,15.6651967728285
chr2.79,14.4267391098674
chr2.80,7.14347230436924
chr2.81,10.6513200611706
chr2.82,11.312692199458
chr2.83,1.62358696322894
chr2.84,2.36615106446499
chr2.85,0.802111179171976
chr2.86,-0.0713334312511996
chr2.87,-6.83050515929219
chr2.96,-4.32705823701947
chr2.97,-7.03525908358815
chr2.98,-3.50778485342979
chr2.99,-3.86572490743378
chr2.100,-5.59461640331375
chr2.101,2.6994979232348
chr2.102,3.57378799987268
chr2.103,-3.40304783067746
chr2.105,8.96799891576827
chr2.114,4.14237420852421
chr2.115,0.601928982517664
chr2.116,5.21053772021149
chr2.117,3.77437050416748
chr2.118,-5.25415297332415
chr2.119,-2.36028016963345
chr2.120,-3.58190717454081
chr2.121,-0.674553488841115
chr2.122,4.04433882662337
chr2.123,4.41867830561057
chr2.124,5.49605764693138
chr2.125,-3.40646518093997
chr2.126,-1.43644255429706
chr2.127,7.86453945981473
chr2.131,-0.516442840809824
chr2.132,-4.07893962432128
chr2.134,0.873051236605457
chr2.135,8.23555053570983
chr2.136,-6.84428191391798
chr2.137,3.77156190570815
chr2.138,1.34713807613575
chr2.140,-1.29646290302767
chr2.141,2.52251829135938
chr2.142,3.39337541035841
chr2.143,-0.482644619246908
chr2.144,5.41199702363442
chr2.145,-4.0486978762296
chr2.146,-2.6668181231671
chr2.148,0.00553332808034646
chr2.149,-4.92656524856081
chr2.151,-8.8153661458075
chr2.152,-1.47933957215831
chr2.153,-6.81726091905718
chr2.154,-1.74929899843679
chr2.155,-1.8837189540012
chr2.156,-4.33459084677721
chr2.157,-5.65908352683479
chr2.158,1.20123010106543
chr2.159,10.1381676489099
chr2.160,0.439230279646346
chr2.161,-3.47910039314533
chr2.162,-1.37821007232517
chr2.163,-5.92464754131041
chr2.164,-3.62748891922395
chr2.165,5.60454099970715
chr2.166,-2.18107223112228
chr2.167,-2.39456675061016
chr2.168,-2.37935978952737
chr2.169,-4.03239566711185
chr2.170,1.94807399779873
chr2.171,-5.06924608729734
chr2.172,-3.12548047807456
chr2.173,-3.80040390967317
chr2.174,0.503570543069349
chr2.175,-5.98188449390125
chr2.176,-4.14187288222243
chr2.177,-3.11660793496481
chr2.178,-3.41231105541768
chr2.179,-2.55509731119398
chr2.180,1.87632455359774
chr2.181,-0.0325590864336015
chr2.182,-2.39388088234
chr2.183,8.00995356470137
chr2.184,1.01949774837248
chr2.185,0.703558490862981
chr2.186,2.50181103570908
chr2.187,-1.56994524925636
chr2.188,-1.81003344519865
chr2.189,-4.82523953198139
chr2.190,-1.61200086677374
chr2.191,2.25787799905601
chr2.192,4.06973865228765
chr2.193,-0.474620191019346
chr2.194,-0.61107167770474
chr2.195,-1.77085569233249
chr2.196,-0.726566691908635
chr2.197,2.11721830646468
chr2.198,-4.82823849334699
chr2.200,2.09077490047046
chr2.202,-3.38960069295997
chr2.203,-0.256931666995908
chr2.204,-0.513262796397612
chr2.205,-6.25963683298997
chr2.206,-4.87891991207374
chr2.208,-5.11629006892072
chr2.209,-4.60116775385299
chr2.211,-0.0781191169060235
chr2.213,-4.62215460901417
chr2.214,-6.18746063755694
chr2.215,-8.80849810365853
chr2.216,-2.5409592750235
chr2.217,-1.74377133083011
chr2.218,-2.47532463814983
chr2.219,-5.08901405781204
chr2.220,-8.90537237456311
chr2.221,0.598378008950521
chr2.222,-5.17453013718615
chr2.223,-3.5340298325499
chr2.224,-3.67277118372846
chr2.225,-4.32745058221484
chr2.226,0.706364928228639
chr2.227,-2.03348201926319
chr2.228,-2.98672919838452
chr2.229,-2.86693274845519
chr2.232,-1.39327092833292
chr2.233,-5.14579016641398
chr2.234,-6.07529342826477
chr2.235,-4.27932585864957
chr2.236,-1.82128514831164
chr2.237,-9.09867430280405
chr2.238,-2.15814766762756
chr2.239,-6.5469108703428
chr3.2,-3.17273640824167
chr3.3,0.781675243211631
chr3.4,1.10276466597508
chr3.5,2.85882288587668
chr3.6,5.25932176945289
chr3.7,-1.49289985200935
chr3.8,-1.78952944907642
chr3.9,-1.13969441579146
chr3.10,-3.83437830569783
chr3.11,0.667474231500506
chr3.12,-4.50651060607382
chr3.13,-4.68422281421611
chr3.14,-1.42851518121055
chr3.15,3.42073360347777
chr3.16,2.63413245387559
chr3.17,-3.64195710472368
chr3.18,-6.12294610458977
chr3.19,-2.73022637890935
chr3.20,2.76388661969829
chr3.21,3.08899049073148
chr3.22,6.18668504697898
chr3.23,12.4047376169728
chr3.24,-1.97592740310973
chr3.25,6.60038836268507
chr3.26,0.028828138361023
chr3.28,-1.83655378061023
chr3.29,4.44804270700052
chr3.30,-2.73893931612363
chr3.31,1.24735064659944
chr3.32,-8.31730010695544
chr3.33,-1.47017794119824
chr3.34,-3.25456433257009
chr3.35,-1.07932366040417
chr3.36,-3.7551395209472
chr3.37,-8.3854966669825
chr3.38,-8.44807134080952
chr3.39,-2.96046779183061
chr3.40,1.2214521362028
chr3.41,3.63775936837699
chr3.42,1.37194599320589
chr3.43,-7.01359177325386
chr3.44,2.72017778530057
chr3.45,-2.82417967692139
chr3.46,-8.71898411446263
chr3.47,2.52363873305176
chr3.51,-1.12126636607796
chr3.53,-4.28117381189
chr3.54,-3.55841044435272
chr3.55,-5.53177241404493
chr3.56,-2.75243627932694
chr3.57,-5.54711624339814
chr3.60,-6.2056980012581
chr3.62,-6.73578653391772
chr3.63,-6.11284821734743
chr3.64,-6.24723064366851
chr3.65,-3.20290239385178
chr3.66,-5.00450025524657
chr3.68,2.89787450196059
chr3.69,-3.7766914905567
chr3.70,2.25545687085408
chr3.71,-0.26377224114386
chr3.72,-6.44508003885735
chr3.73,-6.85655275449441
chr3.74,-3.06094087513464
chr3.75,1.26436965087883
chr3.78,-4.57486936129277
chr3.79,-5.26524319318325
chr3.80,-2.66377167769595
chr3.81,3.03817530321232
chr3.82,8.93055628779674
chr3.83,0.335533802696157
chr3.84,0.940141316369723
chr3.85,3.13688361014712
chr3.87,2.95456568995994
chr3.88,12.6114229677273
chr3.89,8.63574025364119
chr3.90,6.33142648996618
chr3.91,14.0901849940972
chr3.92,21.7080988867596
chr3.93,23.0115164597173
chr3.94,9.20335205597562
chr3.95,9.12745202785219
chr3.96,9.95913552585093
chr3.97,-1.20363655959037
chr3.98,-0.0455802679897611
chr3.99,1.72538126487376
chr3.100,6.12129854993283
chr3.101,5.50861014711485
chr3.102,-4.18353108231252
chr3.103,3.09016887040799
chr3.104,2.23238071035376
chr3.105,-1.5333270146869
chr3.107,2.7848094267511
chr3.108,1.85694171967194
chr3.109,-2.04189087393136
chr3.110,-1.69776822294798
chr3.111,-0.416545489535075
chr3.112,-2.38662202893353
chr3.113,3.14196763072626
chr3.115,2.27406619895602
chr3.116,-1.12992532214992
chr3.117,-6.00941645971225
chr3.119,-0.627126765361319
chr3.120,-3.77308220407951
chr3.121,-3.90890502955169
chr3.122,-1.75363554864547
chr3.124,-2.66471426199214
chr3.125,-2.59143435956845
chr3.126,-0.270464449518849
chr3.128,-0.805840201706009
chr3.129,4.42305532720081
chr3.131,-3.43044868491937
chr3.132,-3.21726928869364
chr3.135,1.9649441961955
chr3.136,-0.129467211673127
chr3.137,-2.93627354872461
chr3.138,-2.02714587521256
chr3.139,-0.662193461915285
chr3.140,-1.08683379081347
chr3.141,-6.13198569966759
chr3.142,3.53028496467887
chr3.143,-1.21883899992717
chr3.144,11.9765142384104
chr3.145,4.49864532112304
chr3.146,-3.45294379684664
chr3.147,-0.356297646070417
chr3.148,8.42917677776816
chr3.149,1.66742920305015
chr3.150,11.264373036466
chr3.151,4.39459814704812
chr3.152,1.44631851215582
chr3.153,-3.59420257365726
chr3.154,-0.40883317867794
chr3.156,5.2327908613441
chr3.157,-7.19208945808249
chr3.158,0.696614153233011
chr3.159,11.9465272446734
chr3.160,11.2714171680856
chr3.161,0.928183664473869
chr3.162,-1.47243490587766
chr3.163,2.94736940218076
chr3.164,2.90545907344045
chr3.165,13.2213128393174
chr3.166,-1.89228841062455
chr3.167,-3.49224625292912
chr3.168,0.281652001469058
chr3.169,-2.53195072059131
chr3.170,-0.654087874588392
chr3.171,-0.504683538466911
chr3.173,-3.22479499256415
chr3.174,-7.07216733340194
chr3.175,-6.74896867496176
chr3.176,-1.81492065650616
chr3.177,1.9775804149057
chr3.178,1.35448148377115
chr3.179,-3.74748436833364
chr3.180,0.605016890549263
chr3.181,3.37433330148811
chr3.182,-1.39863800913963
chr3.183,-4.21131951246741
chr3.184,0.658388260994788
chr3.185,0.0442334889478777
chr3.186,3.83555813090208
chr3.187,7.5476960931909
chr3.188,-1.09223085513271
chr3.189,-8.05454189060251
chr3.190,1.55448886298284
chr3.191,-5.7384541061913
chr4.3,-2.81158011502756
chr4.6,2.98280964862851
chr4.7,-4.668581990875
chr4.8,-1.60924787515042
chr4.11,-2.80332066231935
chr4.12,-3.33331281828493
chr4.13,-2.80829450978869
chr4.14,-2.99096159907478
chr4.15,-6.17591608194813
chr4.16,-8.37620605481056
chr4.17,2.68916937454662
chr4.18,-1.94049608583044
chr4.19,4.66532337761062
chr4.20,4.16584290514094
chr4.21,-1.85175406446357
chr4.22,-2.12287351050372
chr4.23,3.81132405268471
chr4.24,0.329487640383929
chr4.25,0.225186250443518
chr4.26,-7.28016739825568
chr4.27,-6.35430793038201
chr4.28,1.01574784663233
chr4.29,-1.78920743940242
chr4.30,2.76777535282664
chr4.31,11.38176583711
chr4.32,9.22725834150909
chr4.33,4.40179185949896
chr4.34,4.16470604131466
chr4.35,-1.1991543943398
chr4.36,3.75221702007948
chr4.37,10.2913752594527
chr4.38,5.35622808960087
chr4.39,-1.29316001621979
chr4.42,-4.52621813681639
chr4.43,-5.82222517207404
chr4.44,-2.09275777396868
chr4.45,-1.93947654266492
chr4.46,5.31875797531738
chr4.47,2.27646183644294
chr4.48,-5.52797400170216
chr4.49,-0.275991667409819
chr4.52,1.70109856420796
chr4.53,0.787771768343405
chr4.54,2.89269825042853
chr4.56,-0.610275154454577
chr4.58,7.57031841760387
chr4.59,2.32292542778874
chr4.60,1.80335221736676
chr4.61,10.693843209168
chr4.62,4.71057239501747
chr4.63,7.01979730281559
chr4.64,4.912098952193
chr4.65,0.347688507797076
chr4.66,4.29890687953016
chr4.68,3.94570255380752
chr4.69,5.07948902739535
chr4.70,6.29610713121496
chr4.71,1.49784648709509
chr4.74,-5.07826323995011
chr4.75,-0.126447550553135
chr4.76,-0.185138073745961
chr4.77,-2.47354790764855
chr4.78,-2.8506026603127
chr4.79,-3.86432012418553
chr4.80,2.4697616377227
chr4.81,-4.98218575317657
chr4.82,-1.47349399090871
chr4.83,-1.0145809584649
chr4.84,-2.06605702259227
chr4.85,-1.11477133137884
chr4.86,-0.317687498336153
chr4.87,-5.92203576528497
chr4.88,-0.788112761997775
chr4.89,-1.00213795447675
chr4.90,-1.33080248765468
chr4.92,0.432034388864038
chr4.93,-3.39763786492886
chr4.94,-2.23516080884075
chr4.95,1.03079252890647
chr4.96,4.28790322113584
chr4.97,0.655981257110016
chr4.98,-0.97688378409671
chr4.99,-7.7875782680296
chr4.100,-4.97682046212479
chr4.102,-1.13769929035194
chr4.103,0.137440527881525
chr4.104,9.41404859605821
chr4.105,7.56145814098781
chr4.106,2.36516546683638
chr4.107,4.17290119756492
chr4.108,10.5261076998432
chr4.109,4.10378295210365
chr4.110,0.603364692549765
chr4.111,-10.4378939706627
chr4.112,-2.67520923867277
chr4.113,-1.85258986210086
chr4.114,0.635737363169725
chr4.115,2.69845907003013
chr4.118,-1.55614870588367
chr4.119,3.90140570608869
chr4.120,3.45421538829305
chr4.121,-4.11638709866231
chr4.122,-2.36528735535371
chr4.123,-1.50928567924895
chr4.124,5.0538770786491
chr4.125,8.67670120276654
chr4.127,-0.922723124201658
chr4.128,-0.840009683103172
chr4.129,7.5582451100144
chr4.131,-3.39271989168194
chr4.132,4.04769020710876
chr4.133,7.29294768292415
chr4.134,0.452129022174502
chr4.135,-5.1003186753339
chr4.136,-5.84565655085179
chr4.137,-4.79712113797353
chr4.138,-8.22734185894126
chr4.139,0.0985053650762086
chr4.140,-0.7731688000018
chr4.141,0.307694614884523
chr4.144,0.257074876078692
chr4.145,9.73404911835759
chr4.146,2.84075086969323
chr4.147,2.89214132896932
chr4.148,-6.13225475123087
chr4.149,-8.72146033269036
chr4.150,-10.6394712326847
chr4.151,-6.62247809852922
chr4.152,3.99575797579896
chr4.153,6.79635793163989
chr4.154,-1.0167735998081
chr4.155,-6.073346105775
chr4.156,-2.38766033150118
chr4.157,-0.177646639200909
chr4.158,8.81680750033036
chr4.159,7.68260719128248
chr4.160,-0.640211693076151
chr4.161,6.19196626775977
chr4.162,4.94309985720647
chr4.163,-1.90285628963877
chr4.164,1.52309679469494
chr4.165,7.45957803180563
chr4.166,-0.40476498820347
chr4.167,-5.72710898460293
chr4.168,5.19368797490924
chr4.169,7.15721451568621
chr4.170,4.83070474739475
chr4.171,-1.20967936111507
chr4.172,1.71648870824159
chr4.173,2.65754786117898
chr4.174,-0.307253292923718
chr4.175,4.58184362893096
chr4.176,16.6140788568887
chr4.177,16.5033501555303
chr4.178,5.04002890692119
chr4.179,-4.38848822700508
chr4.180,-4.35382636543503
chr4.181,-5.45865936371595
chr4.182,-6.64395357005124
chr4.183,-7.35917877796727
chr4.184,-7.08481083114613
chr4.185,-4.09713614044034
chr4.187,-6.10119773132432
chr5.2,-0.936572839129689
chr5.3,-4.4925366479201
chr5.4,0.0989034562785483
chr5.5,1.9402072198576
chr5.6,3.86711819788644
chr5.7,-3.96541064363077
chr5.8,-0.588400056755449
chr5.9,2.54648606805916
chr5.10,-3.79237897120949
chr5.11,0.702203160730736
chr5.12,-3.5029282837507
chr5.13,4.20068892984037
chr5.14,-2.11209817503178
chr5.15,-7.29895364781186
chr5.16,2.28120289291373
chr5.17,0.5413507440964
chr5.19,5.55500959149828
chr5.20,-0.801114454459583
chr5.23,-4.58186068268206
chr5.24,-2.58813260139114
chr5.25,2.3085946788947
chr5.26,11.7152165574391
chr5.27,0.940058995327734
chr5.28,6.65172019320264
chr5.29,7.27611348461497
chr5.30,0.987136731107739
chr5.31,-0.871221633530744
chr5.32,-0.490786959793279
chr5.33,2.02292249125876
chr5.34,1.28666114020464
chr5.36,7.04444728844161
chr5.37,-3.24581581439914
chr5.39,3.65388797244174
chr5.40,6.82317695419195
chr5.41,4.18417040583092
chr5.42,12.1287134186281
chr5.43,9.32211636120456
chr5.45,7.11892078772207
chr5.46,5.57418170538735
chr5.48,0.131664734809771
chr5.49,6.40458042694927
chr5.50,3.53466641902448
chr5.51,5.29293019662876
chr5.52,-2.1830660605777
chr5.53,-1.26432114660848
chr5.54,-1.49420287398874
chr5.55,-1.85205645964871
chr5.57,-3.87350165103531
chr5.58,-6.27253676427333
chr5.60,10.2848646584975
chr5.61,-6.08951832355873
chr5.62,-5.22567731636622
chr5.63,-9.15615535659048
chr5.64,0.379393913293902
chr5.65,-7.86423535190943
chr5.69,-7.0774740720604
chr5.70,-5.68208237300785
chr5.71,-3.4619619774901
chr5.73,2.13532333177743
chr5.74,-9.07489494906839
chr5.76,-0.383972949769288
chr5.78,-7.89300197584957
chr5.79,-1.21430706341362
chr5.80,-0.206485686384413
chr5.81,9.53521056747654
chr5.82,7.39276728888467
chr5.83,9.98642384773434
chr5.84,9.62677092130827
chr5.85,9.25258689619018
chr5.86,0.644954000448922
chr5.87,-2.42515481819563
chr5.88,-4.42920475679807
chr5.90,0.384527199105358
chr5.91,-6.0322565667363
chr5.92,-4.95046266814854
chr5.93,-6.99218059492963
chr5.94,1.75881067287631
chr5.95,-7.10746999267795
chr5.98,-0.132501470469195
chr5.99,-4.03319233850527
chr5.100,-5.98391580107636
chr5.101,-2.31290247934378
chr5.102,-5.96566308996745
chr5.103,-3.34421993122865
chr5.104,-7.6786103727888
chr5.105,-7.25773766239501
chr5.106,-5.2842493922892
chr5.107,3.2738020649634
chr5.108,-0.769305925829857
chr5.109,-0.65204600562035
chr5.110,-1.56264173563675
chr5.111,8.16154937692618
chr5.112,-5.70517015362811
chr5.113,0.481591329987264
chr5.114,3.92391981298752
chr5.115,2.12504990750513
chr5.116,0.398555789625419
chr5.117,1.09351443577944
chr5.118,0.704824063975946
chr5.119,-5.43166205492078
chr5.120,-4.18609241389671
chr5.121,-3.91434925659986
chr5.122,-5.19626756160417
chr5.124,-5.13607502838639
chr5.125,2.31653197369791
chr5.126,10.4123683907306
chr5.128,2.55362453549037
chr5.129,-3.71379894905231
chr5.130,-7.08886174990373
chr5.132,-6.04280521642281
chr5.133,-2.24430874822076
chr5.134,-6.43852077751022
chr5.137,-6.47531006636841
chr5.138,-4.77705996449531
chr5.139,-4.51622087704767
chr5.140,-7.1809420159809
chr5.141,-0.700916148113535
chr5.142,-0.0929768299794942
chr5.143,-3.03112960145918
chr5.144,-5.43031377486915
chr5.145,-1.2443471054226
chr5.146,-5.06643594135085
chr5.147,-3.0147908287822
chr5.148,-4.88679858777015
chr5.150,-0.723664945661547
chr5.151,-3.34466057140959
chr5.153,1.15157889767217
chr5.154,-3.10410529775144
chr5.155,8.82557786190707
chr5.156,-1.63355936689324
chr5.157,0.963750286373583
chr5.158,6.48417732293271
chr5.159,10.7969666098091
chr5.160,1.03690543029221
chr5.161,-5.39311414315992
chr5.162,7.76094235386604
chr5.163,10.4125248778016
chr5.164,0.499304814413519
chr5.165,1.70638400017796
chr5.166,1.25095935103141
chr5.167,4.1758182606287
chr5.168,-1.81441679174459
chr5.169,-2.53944919244308
chr5.170,3.19652352364099
chr5.171,2.74260288888796
chr6.2,6.96502889239132
chr6.3,-4.2190578283821
chr6.4,-4.45004272093958
chr6.5,1.14883248350764
chr6.6,-1.64401987107322
chr6.7,1.06265480974309
chr6.8,-2.63171713767423
chr6.9,3.55485696037212
chr6.10,9.58253278249767
chr6.11,3.30640028052421
chr6.12,-0.524356887061279
chr6.13,7.21574079184747
chr6.14,-1.47890255690465
chr6.15,-1.36073117426933
chr6.16,1.30729067761451
chr6.17,-0.604585347030868
chr6.18,0.45600389271795
chr6.19,-5.13604230502894
chr6.20,-3.17205097879387
chr6.21,-2.60790311707701
chr6.22,-0.69441401607695
chr6.23,-7.44537631887279
chr6.24,-2.7672909820699
chr6.25,-3.03006285790625
chr6.26,-2.94448046427924
chr6.28,5.9571187056506
chr6.29,2.21119883276892
chr6.30,11.6884432661835
chr6.31,2.56078633770699
chr6.33,8.55600256913034
chr6.34,1.75033280539974
chr6.35,-0.43201202853368
chr6.36,2.18398767006702
chr6.37,-0.625279822145791
chr6.38,-0.569371190258816
chr6.39,-2.52898824233151
chr6.40,-2.86274974015524
chr6.41,-5.98459440377316
chr6.42,-3.03431236316735
chr6.44,-1.2195276205404
chr6.45,1.83993637129629
chr6.46,0.379720171967584
chr6.47,1.1364043006444
chr6.48,-0.618837024555309
chr6.49,0.604200407113952
chr6.50,6.17836455387998
chr6.51,11.3911189662807
chr6.52,11.972644070009
chr6.53,-0.29509740428291
chr6.54,-0.276150235499197
chr6.55,18.159013981686
chr6.56,11.8051945062219
chr6.57,-1.92338341351502
chr6.60,11.2420491495963
chr6.61,1.92907996027798
chr6.63,4.16473992979095
chr6.64,7.1576924783625
chr6.65,3.35848748028802
chr6.66,10.4652719470467
chr6.67,4.00199373614354
chr6.68,0.802480393406698
chr6.69,7.37277263971397
chr6.70,0.50169721217537
chr6.73,5.72256762711567
chr6.74,9.63896513595768
chr6.75,15.3799321849935
chr6.76,9.5953077906769
chr6.77,-1.72533143759465
chr6.78,-1.39310573640353
chr6.79,-3.75326300687229
chr6.80,-0.436480922660686
chr6.81,-0.542562203648889
chr6.82,5.04835069370069
chr6.85,1.64153427543753
chr6.86,1.02689548170651
chr6.87,-4.03944714824994
chr6.88,-0.119935501652454
chr6.89,-1.69378687357386
chr6.90,2.47180561638067
chr6.91,-4.52699593559038
chr6.93,-1.66193513299038
chr6.94,0.651182493948247
chr6.95,4.244273289579
chr6.96,1.07122400659345
chr6.97,3.60386615824278
chr6.98,-5.4470391364367
chr6.99,-3.60563998883072
chr6.100,2.22372138191124
chr6.101,1.80337230691908
chr6.102,-2.55207598818577
chr6.103,-1.51401512409024
chr6.104,-3.28302951198181
chr6.105,-3.68783238202749
chr6.106,-4.18733730922346
chr6.107,-4.18496577633779
chr6.108,-5.41508617571227
chr6.109,-8.05927842787768
chr6.110,-5.62749254588694
chr6.111,-2.47552435312107
chr6.112,4.96644002414893
chr6.113,0.442880269448057
chr6.114,4.71506813179427
chr6.115,7.25982187969827
chr6.116,-5.50871564953477
chr6.117,0.706809546993953
chr6.118,1.07913408844025
chr6.119,1.39381957089675
chr6.120,-3.67624427646264
chr6.121,-3.14582901469305
chr6.122,-1.58610819616871
chr6.124,3.59153089831677
chr6.125,-2.94376495789669
chr6.126,-0.795819450271367
chr6.127,2.52257655576965
chr6.128,3.23958704648446
chr6.129,-2.04246529759363
chr6.130,2.30031039451887
chr6.131,-2.1737296671754
chr6.132,1.31342272258166
chr6.133,-4.86936183638458
chr6.134,-5.04854274278784
chr6.135,-2.90207201672727
chr6.136,-0.0307961268239819
chr6.137,0.103562161083302
chr6.138,-2.12786662544875
chr6.139,-1.02065462773011
chr6.140,0.859200206344139
chr6.141,8.84173758958188
chr6.142,4.92286153473691
chr6.143,3.25297171293042
chr6.144,-2.54470768743543
chr6.145,0.841543485341442
chr6.146,-4.24998107378934
chr6.147,-3.85987769790655
chr6.148,-0.22291172782793
chr6.149,4.43116576379015
chr6.150,1.69997720865669
chr6.151,0.713266790671948
chr6.152,0.165879401027778
chr6.153,-3.86184839862679
chr6.155,-4.50765856752872
chr6.156,0.900350891438975
chr6.157,5.92829841340301
chr6.160,-1.9463471139632
chr6.161,-2.37224001694077
chr6.162,1.45157025560007
chr6.163,4.61493500245148
chr6.166,-6.6011643996105
chr7.2,-2.2754460533863
chr7.3,0.432862456190475
chr7.4,-4.78383618817757
chr7.8,-1.85742698751847
chr7.9,-7.64857948201619
chr7.10,2.81336863189048
chr7.11,3.55337786911439
chr7.12,-4.96345072442045
chr7.13,-4.48358553236765
chr7.14,-0.266400907504903
chr7.15,-4.81223381748835
chr7.16,-3.51972583990614
chr7.17,-4.84925014101287
chr7.18,-1.40156446916104
chr7.19,4.67460308623533
chr7.20,8.95138727489346
chr7.21,3.12943178140792
chr7.22,-0.358008774927786
chr7.23,5.03191690656061
chr7.25,7.05611535851334
chr7.26,3.71502156609095
chr7.27,-5.48145695715743
chr7.28,1.11899972533667
chr7.29,-9.24333291037842
chr7.30,-6.26507847137638
chr7.31,-8.91953731079055
chr7.32,3.41064032519011
chr7.34,-3.95432270367948
chr7.35,6.71177149591645
chr7.37,-3.38959698502387
chr7.38,0.391133178319375
chr7.39,-0.816499781357696
chr7.40,0.469400459395073
chr7.41,0.633327893994841
chr7.42,-0.595280286780288
chr7.43,12.9905823607362
chr7.44,5.08842073653499
chr7.47,-1.47910305932121
chr7.48,-1.88122688791975
chr7.49,2.35344380617157
chr7.50,14.7088068767981
chr7.51,-3.39336410581098
chr7.52,2.007535500154
chr7.53,5.28674350585833
chr7.54,3.41447353381769
chr7.55,6.19890690819315
chr7.65,2.72126042035169
chr7.66,6.49683987852029
chr7.67,0.576993166722958
chr7.68,-0.189745834125444
chr7.75,-5.1030859919056
chr7.77,-4.75730310947319
chr7.78,-1.73529117747352
chr7.79,-8.20820548046593
chr7.80,1.85156420551534
chr7.81,-0.188735610738004
chr7.82,6.15676235637255
chr7.83,7.61346813312032
chr7.84,-4.40763399229291
chr7.85,-3.94236938748132
chr7.86,3.14282647777342
chr7.87,-0.760450312911801
chr7.88,-2.03034881231317
chr7.90,-1.48720170615813
chr7.91,0.0393496738099871
chr7.92,-5.31480049223894
chr7.93,-5.34631645237917
chr7.94,1.32716900792427
chr7.96,-3.46142325863527
chr7.101,0.199023428885903
chr7.103,0.642369526397032
chr7.104,0.543433326629338
chr7.105,-4.58124044424657
chr7.106,5.5259383093436
chr7.107,7.24655080910418
chr7.108,-0.312982537632505
chr7.109,-3.88853829708608
chr7.110,0.667349165871088
chr7.111,6.21224670782775
chr7.112,4.49175921388875
chr7.113,5.5347203434219
chr7.114,-2.63621712219714
chr7.115,2.49017411948726
chr7.116,-3.30371464960109
chr7.117,1.4315856733585
chr7.118,-3.65870966082605
chr7.119,0.82476266477134
chr7.120,-5.79766667644532
chr7.121,-1.50129931232664
chr7.122,-1.06379860346462
chr7.123,-4.57497203829275
chr7.124,-1.75003981626119
chr7.125,-3.4461993763551
chr7.127,-1.28839306634155
chr7.129,-1.46238071877363
chr7.130,-4.88499176542502
chr7.131,-6.97364805382088
chr7.132,-4.05567811841042
chr7.133,1.78386543318251
chr7.134,17.2340403869246
chr7.135,0.956180068352257
chr7.136,-0.703423249092579
chr7.139,-3.11956761136231
chr7.142,4.26913236391944
chr7.143,6.8615316147772
chr7.148,-1.83361740040458
chr7.149,-2.72614114679522
chr7.153,5.94350132082631
chr7.154,-2.94156047413409
chr7.155,-7.76595389878627
chr7.156,-0.364413572019675
chr8.2,4.0538069973636
chr8.3,4.46430229035165
chr8.5,5.61773568737382
chr8.6,0.739150320657761
chr8.10,0.109977980530362
chr8.11,-6.94701706112356
chr8.14,6.39886695332659
chr8.16,2.83299338635956
chr8.17,1.94330238469191
chr8.18,-6.16776778166053
chr8.19,3.96109139339179
chr8.20,9.60158211491819
chr8.21,-2.41949436429806
chr8.22,1.47869411344288
chr8.23,-1.90434767437734
chr8.24,6.20187223368958
chr8.25,3.14687816207622
chr8.26,0.258157983588839
chr8.27,1.94780381471242
chr8.28,-3.80292525480569
chr8.29,-5.93659164011514
chr8.30,-5.8857403436175
chr8.31,-4.18105935254815
chr8.32,-4.65411175626461
chr8.33,-3.78302576619875
chr8.34,-1.79465256723205
chr8.35,-0.287081107177625
chr8.36,-3.58948535683528
chr8.37,0.222139408598433
chr8.38,1.58727383991507
chr8.39,-0.0730235882890291
chr8.40,5.96284795675434
chr8.41,2.15483576577849
chr8.42,-0.225081648624349
chr8.44,-3.1410507737655
chr8.46,0.932590798205894
chr8.47,22.8467528313716
chr8.48,23.8867005742438
chr8.49,14.1361383971036
chr8.50,-3.3179535060348
chr8.51,1.6532150870649
chr8.52,4.49991101182675
chr8.53,6.85948834520094
chr8.54,9.83062393370132
chr8.55,3.02089902022004
chr8.56,-3.75372291486581
chr8.57,-6.18674722867957
chr8.58,-7.73709013006973
chr8.59,-6.59331441037181
chr8.60,0.0198075584482415
chr8.61,4.29527008702598
chr8.62,12.0082108670736
chr8.63,7.52357398788347
chr8.64,-2.86289988184587
chr8.65,0.836832631449392
chr8.66,10.9008519393191
chr8.67,3.53583982712086
chr8.68,3.74394905231519
chr8.69,7.22088144827796
chr8.70,-5.63063958060653
chr8.71,-2.94465489609977
chr8.72,1.52445558176791
chr8.73,12.5638188790061
chr8.74,8.57062911367344
chr8.75,8.13756956056627
chr8.76,-0.235636490128947
chr8.77,0.697796994223201
chr8.78,0.869823296373809
chr8.79,-0.708863909640624
chr8.80,-0.846614024111701
chr8.81,0.426320873925374
chr8.82,0.610677834922362
chr8.84,2.43523657638079
chr8.85,8.5672118932035
chr8.86,0.583298541565704
chr8.87,5.47783028864892
chr8.88,-1.59190079806172
chr8.89,0.111087136394397
chr8.90,-2.62802297651484
chr8.91,1.00623982486587
chr8.92,-2.80766380221687
chr8.93,-5.97932946309891
chr8.94,-4.96528259609301
chr8.95,0.300454573458167
chr8.96,4.15688049666277
chr8.97,-0.755015151324955
chr8.98,-2.92492181769605
chr8.99,-5.71743307661131
chr8.100,-4.53851436236154
chr8.101,-3.32134845725429
chr8.102,-0.673873638167047
chr8.104,11.9589202383806
chr8.105,16.6257920175028
chr8.106,11.8088154257677
chr8.107,-3.99966151472298
chr8.108,4.33254032072338
chr8.109,3.6364668314631
chr8.110,9.46522964139095
chr8.111,7.83842013102081
chr8.112,11.1041433918784
chr8.113,5.39151005889851
chr8.114,3.41769584126211
chr8.115,0.947463074624503
chr8.116,-4.04600923365242
chr8.117,7.31951044602354
chr8.118,-4.34385165497221
chr8.119,6.42990187093057
chr8.120,9.09404251909065
chr8.121,-0.307744994923161
chr8.122,-4.51612149349179
chr8.123,-2.28433726369229
chr8.124,-6.6314834951657
chr8.125,-1.57948589896865
chr8.126,-2.47406852924296
chr8.127,-2.81212635628975
chr8.128,-4.98827567952976
chr8.129,7.4484579046383
chr8.130,0.650230332393803
chr8.131,-7.36442287732539
chr8.132,-7.0004540586263
chr8.133,-7.51510444010182
chr8.134,1.74061305339026
chr8.135,2.93081672517093
chr8.136,1.05937184369128
chr8.137,-7.63410975794981
chr8.138,-3.64819041747637
chr8.140,-4.49053900255863
chr8.141,3.33103677191402
chr9.2,6.33527965734677
chr9.3,-5.59156830415928
chr9.4,-6.99106262830426
chr9.5,-3.03482734755001
chr9.6,1.78557208778907
chr9.8,-3.73329551101699
chr9.9,-7.45920736480481
chr9.11,-4.12079920161659
chr9.12,-1.22158865311549
chr9.13,-2.13352983514785
chr9.14,-0.923565602011778
chr9.15,-8.57049528113125
chr9.17,2.35436176805933
chr9.18,-2.06560870411239
chr9.19,-2.20491364278043
chr9.20,0.724789665977249
chr9.21,-5.43906461796469
chr9.22,3.38975513204715
chr9.23,5.75998733692311
chr9.24,7.48151031499729
chr9.25,9.36762290661022
chr9.26,10.9736878253476
chr9.27,1.77581983210914
chr9.28,-5.56615633449807
chr9.29,-3.80783746626932
chr9.30,-4.31259587930943
chr9.31,-2.04005659063413
chr9.32,-2.21273595087031
chr9.33,-1.75411120655318
chr9.36,-6.22414612881893
chr9.37,-2.11052083486601
chr9.38,-11.2621485957202
chr9.69,-5.10835596145103
chr9.71,4.40131456380405
chr9.72,4.42120946349753
chr9.73,8.31866651110483
chr9.74,16.1826917469797
chr9.75,4.63833378240244
chr9.76,0.186739609889829
chr9.77,-2.26067720472083
chr9.78,-0.402817550467768
chr9.79,-3.27686955749162
chr9.80,0.833071019736164
chr9.81,-0.58180020040751
chr9.82,-2.63726395565096
chr9.83,-4.42520492119654
chr9.85,4.13817522143036
chr9.87,-1.12133999165023
chr9.89,-0.701577159068447
chr9.91,0.781182299745357
chr9.92,-2.32938002486296
chr9.93,-1.5983617136458
chr9.95,-4.42661399368786
chr9.96,1.63921871998067
chr9.98,1.18099934942466
chr9.99,-2.23102837373213
chr9.100,0.395511204624353
chr9.101,6.35290501398396
chr9.102,2.38635690537667
chr9.103,2.77163082084997
chr9.104,1.54847188478557
chr9.105,-0.300241005085828
chr9.106,9.94856827052665
chr9.107,3.36023930855935
chr9.108,0.622368366978775
chr9.109,-1.16616454643081
chr9.110,7.00717764795366
chr9.111,3.5727496469745
chr9.112,-0.608021398914591
chr9.114,-4.89281260409246
chr9.115,4.01630141971888
chr9.116,11.6675266593138
chr9.117,4.6767206887141
chr9.118,8.37279602701533
chr9.119,0.163827663341562
chr9.120,-4.46378343587558
chr9.121,-2.93030144100798
chr9.122,2.7844996662801
chr9.123,1.92184722435403
chr9.124,-4.4398865040244
chr9.125,-1.6064012545678
chr9.126,-1.97234277574069
chr9.127,-1.58590091227579
chr9.131,-2.29729557425415
chr9.132,-5.0102553147367
chr9.133,-0.945573052169739
chr9.135,1.66378593678401
chr9.137,-0.0452990132512322
chr10.2,-5.62133292214653
chr10.3,-3.26056469597162
chr10.4,-0.289446248359694
chr10.5,-3.35071904565182
chr10.7,7.14684478589957
chr10.8,0.821401285652884
chr10.9,12.1567269438969
chr10.10,17.333101626578
chr10.11,10.0858746598486
chr10.12,-3.62986597630327
chr10.14,2.32935247948261
chr10.15,-5.41980543259118
chr10.16,5.19845545681796
chr10.17,5.99080620024286
chr10.20,2.79979765782936
chr10.21,2.7357621480431
chr10.22,-2.37159925186377
chr10.23,1.00058826533815
chr10.24,5.04239397258697
chr10.25,8.16908105145323
chr10.26,2.30420816267879
chr10.27,9.11724687910388
chr10.28,3.80280381857913
chr10.29,4.24183038276888
chr10.30,-0.286303137445452
chr10.31,-3.84277931548618
chr10.32,-1.44454931723529
chr10.34,-2.80791444384961
chr10.35,-4.18017557703022
chr10.36,1.12278487993488
chr10.37,2.68447347240812
chr10.41,3.17822115619881
chr10.42,12.4169093885454
chr10.51,18.8356439507643
chr10.52,21.2762517341426
chr10.53,16.9534846639802
chr10.55,19.7330805743375
chr10.56,13.4531773904273
chr10.57,10.1655860822598
chr10.58,-0.556417543159367
chr10.59,-5.21641411067649
chr10.60,-3.71024156501959
chr10.61,0.95547294331805
chr10.62,7.38216451114244
chr10.63,1.55084499333172
chr10.64,2.82932201099708
chr10.65,1.23596827281351
chr10.69,-1.53945485510249
chr10.70,-0.935129204184957
chr10.71,-2.67215161830191
chr10.74,-0.381275172670601
chr10.75,-6.34615338601579
chr10.76,-6.10060988001474
chr10.77,-6.16961149615679
chr10.78,-5.24297237348253
chr10.80,4.84416767552769
chr10.81,5.4077503951489
chr10.82,0.376328871219667
chr10.83,1.70740721429288
chr10.84,1.90389026195033
chr10.85,-0.614143546861882
chr10.87,-7.1698972127605
chr10.88,-6.37472723032089
chr10.89,-0.057091065683234
chr10.90,-0.675194131640931
chr10.92,-0.105140211217917
chr10.93,-1.46792346008014
chr10.95,2.46348431768913
chr10.96,-7.16138195230678
chr10.97,-3.86469015921506
chr10.100,-2.53665380992849
chr10.101,0.0968030053867558
chr10.103,-2.63071631454441
chr10.104,12.8560552214449
chr10.105,10.7043953221115
chr10.106,3.91106666080956
chr10.107,-0.157381720605463
chr10.108,3.80073116571336
chr10.109,0.808477410116981
chr10.110,-2.88568986317826
chr10.111,1.41186429991919
chr10.112,-6.7620216073528
chr10.113,-2.93387913181729
chr10.114,1.14680349154935
chr10.115,0.901197735425936
chr10.116,-4.5441518873361
chr10.117,-2.97904882901643
chr10.118,-2.73650926911628
chr10.119,4.21839792135751
chr10.120,-3.66827843101081
chr10.121,-5.28655535051929
chr10.122,-5.75639780197526
chr10.123,-2.02267689009801
chr10.124,-4.17937777702761
chr10.125,0.65562341057182
chr10.127,-0.459287451513301
chr10.128,5.34773805560714
chr10.129,-2.29457085146194
chr10.130,-1.46267229520841
chr10.132,-4.66000518257393
chr11.3,6.19143672945668
chr11.6,4.40280910058433
chr11.7,0.597769429842109
chr11.8,5.51049067639928
chr11.9,-3.80713981283425
chr11.11,-4.23555844550473
chr11.12,-0.720121287111747
chr11.13,-8.51843067310475
chr11.14,-3.24438114499282
chr11.16,-1.48687502442265
chr11.17,-0.206056810946257
chr11.18,-4.32020795180573
chr11.20,-1.45832145203101
chr11.21,-4.54763639986618
chr11.22,1.34865805545408
chr11.23,8.85166292674495
chr11.24,-3.2556380495269
chr11.25,2.49191503373607
chr11.26,5.02629052378875
chr11.27,3.48141394260897
chr11.28,-1.52874515982834
chr11.29,0.366126954941602
chr11.30,-4.13141187685752
chr11.31,-0.403067365928601
chr11.32,-2.52332122865785
chr11.33,4.26057320003766
chr11.34,1.31338284808631
chr11.35,-0.926977176842224
chr11.36,-5.42504726439918
chr11.37,4.09044758792148
chr11.38,15.8320477592364
chr11.39,8.08092208699466
chr11.40,11.445543435771
chr11.41,1.43211010309392
chr11.42,4.20202891705149
chr11.43,3.03532356787748
chr11.44,4.33475445394315
chr11.45,0.118336242508566
chr11.46,-5.14035159726087
chr11.47,-3.85404978202035
chr11.53,20.5934651675556
chr11.54,4.7403356689464
chr11.55,11.7698618031503
chr11.56,7.14826335655913
chr11.57,-2.77757853157102
chr11.61,6.12961998551234
chr11.62,0.0069128451633037
chr11.69,-1.61742246231785
chr11.70,-6.16007787932898
chr11.71,4.36890158486096
chr11.72,0.852596230265432
chr11.73,3.95753829937337
chr11.74,0.468826256673115
chr11.75,-7.35926286557997
chr11.76,-5.73464618184836
chr11.77,3.53308886231176
chr11.78,-0.126471599382348
chr11.79,6.94208364541821
chr11.80,-0.590319822738015
chr11.82,-3.10721186580855
chr11.83,-3.59468953701729
chr11.84,-0.155070583868462
chr11.88,-1.06942192073535
chr11.89,-5.08131988459712
chr11.90,-7.04707015337342
chr11.91,2.56225249460441
chr11.92,-5.12233936083234
chr11.94,8.05003087662026
chr11.95,12.1091297365082
chr11.96,6.12032512774006
chr11.97,8.02815116735305
chr11.98,6.90129266413404
chr11.99,0.307002909671769
chr11.100,-1.47489657892966
chr11.101,-3.1036347923284
chr11.102,-0.559014372538442
chr11.103,2.22687834126157
chr11.104,2.45395593420725
chr11.106,2.74955289522582
chr11.107,-3.73255060678019
chr11.108,-6.64254995276376
chr11.109,-1.83233730465229
chr11.110,-9.44757128422093
chr11.111,-5.40879364895253
chr11.112,-7.01846969980254
chr11.113,-2.21588742600082
chr11.114,-3.65309889194821
chr11.115,-3.7113175531557
chr11.116,-6.91331727017144
chr11.117,-4.75986810176594
chr11.118,-0.0159647228254712
chr11.119,5.30140346951705
chr11.120,3.70550129348882
chr11.121,-3.32918516987789
chr11.122,-4.9658412444407
chr11.123,-5.32286475254948
chr11.124,-2.54796074909324
chr11.125,-4.71591528747116
chr11.126,-5.99210778737323
chr11.127,-2.89080783303327
chr11.128,-0.812373886747247
chr11.129,4.18282619654028
chr11.130,-1.88822040941878
chr11.131,-3.5455330441742
chr12.2,-0.425178811907884
chr12.3,-0.813178999383032
chr12.4,-1.72370402252467
chr12.5,5.15035140165616
chr12.6,2.60930041446795
chr12.7,-1.3186278733095
chr12.11,10.2731708333626
chr12.12,-0.452407710554885
chr12.13,-0.76035694377246
chr12.14,-0.934871992418921
chr12.15,-0.406874672664738
chr12.16,-4.64836694073099
chr12.17,-2.25488586072829
chr12.18,11.0064371410324
chr12.19,1.64640487042497
chr12.20,-1.67544222022693
chr12.21,8.90465119381596
chr12.22,6.16955863334675
chr12.23,3.5659418361813
chr12.24,-3.04880104324926
chr12.25,-1.48916846484637
chr12.26,6.14932037921727
chr12.27,0.946440839466009
chr12.28,0.787995748316587
chr12.29,3.06481787916084
chr12.30,-2.25651117647623
chr12.31,-1.12161824277019
chr12.34,9.54440200686924
chr12.36,1.96620547305547
chr12.37,10.1941091959437
chr12.38,3.41053234086915
chr12.39,4.02054913200423
chr12.40,11.11208674738
chr12.41,3.82690541630002
chr12.42,1.18889751163419
chr12.43,1.01907231651329
chr12.44,5.64120931882692
chr12.45,5.09469592825046
chr12.47,2.15147448695621
chr12.49,-2.05446932778406
chr12.50,-1.68272161114291
chr12.51,1.1229792500005
chr12.55,3.90848923414181
chr12.56,1.10027487316638
chr12.57,3.68076282128934
chr12.58,9.82098475478174
chr12.59,2.83282575005475
chr12.60,-0.0214316506464858
chr12.62,1.03306332303221
chr12.63,1.48197530204478
chr12.64,3.08256437377986
chr12.65,6.0336455055469
chr12.66,4.01445394588699
chr12.67,1.81977971238028
chr12.68,2.3005685046561
chr12.69,-2.22918299249898
chr12.70,4.80273880645784
chr12.71,7.27602754664859
chr12.72,4.87227895746551
chr12.73,-3.27327947117891
chr12.74,2.02051563467863
chr12.75,-5.95034776291543
chr12.76,-1.91891408924934
chr12.77,-0.284454793527006
chr12.78,6.99395672853546
chr12.79,1.98580459716691
chr12.80,0.118106027921805
chr12.81,7.98026805047163
chr12.82,4.05174443128881
chr12.83,1.42680418922261
chr12.84,-1.07429444654826
chr12.85,4.83442767144157
chr12.86,5.25995835017643
chr12.87,-0.876507409118994
chr12.88,0.647146748457303
chr12.89,-3.19952480441653
chr12.90,-1.4021440260437
chr12.91,-0.909018152337365
chr12.92,4.82621858550588
chr12.93,3.44671689450275
chr12.94,-2.53414962997677
chr12.95,-2.07872029721481
chr12.96,0.928280618638281
chr12.97,-2.30107154675287
chr12.98,0.422406005786723
chr12.99,-2.17211405805565
chr12.100,-3.16054565173371
chr12.101,1.3295419975695
chr12.102,-2.71201651875384
chr12.103,-0.927931634931012
chr12.104,4.38334964071819
chr12.105,1.96932383693272
chr12.107,-1.34565943335577
chr12.108,1.70137777787771
chr12.110,1.38217564690812
chr12.111,-1.33267496567113
chr12.112,2.69763602170209
chr12.113,-2.1052500045735
chr12.114,1.26660547256558
chr12.115,-1.48453593247794
chr12.116,0.991448384690926
chr12.117,-4.34541432076766
chr12.121,-2.45461895152879
chr12.122,-1.75407051649819
chr12.123,1.09695596210294
chr12.124,-1.48438009506035
chr12.125,-0.956507741590941
chr12.126,11.1437981844115
chr12.127,-3.8061930235052
chr12.128,4.18165048114292
chr13.18,-3.13906413768928
chr13.19,-3.98483579574925
chr13.20,5.34555772052036
chr13.21,-5.908217710946
chr13.23,-4.46954173124924
chr13.24,-3.4709539738906
chr13.25,-9.43725592401218
chr13.26,-2.06959026962256
chr13.27,-2.39817010282641
chr13.28,-3.53509886941393
chr13.29,-5.63822367668817
chr13.30,-1.81154099239753
chr13.31,-5.99216015207963
chr13.32,-5.81986458426436
chr13.33,-3.22414587243512
chr13.34,-4.12578465580703
chr13.35,-5.62625414665919
chr13.36,-7.21392168842031
chr13.37,-4.88404649572636
chr13.39,-4.1822290175447
chr13.40,-4.08786667410829
chr13.41,-6.07282785573595
chr13.42,-4.03743245075234
chr13.43,-4.65153505957749
chr13.44,-1.81851103247837
chr13.45,3.8383594255787
chr13.46,-5.0528650079786
chr13.47,-3.92982575946489
chr13.48,-6.3079521951901
chr13.51,-2.04788926061433
chr13.52,-1.76463478617592
chr13.53,-0.501187521773113
chr13.54,-4.39682142364132
chr13.55,-4.16575322034346
chr13.56,-4.15615257372929
chr13.57,-5.48281329841922
chr13.58,2.86974517275759
chr13.59,-3.0852278060123
chr13.60,-3.65769062868794
chr13.62,-2.77517290726704
chr13.63,2.97066185947203
chr13.64,-8.09095817336969
chr13.65,4.9961334162496
chr13.66,2.99134783742892
chr13.67,4.44689661203897
chr13.68,-1.73961685513068
chr13.69,-3.80602604546871
chr13.70,-1.16668417310265
chr13.71,-5.1280363929334
chr13.72,1.06178952217291
chr13.73,-6.7083464152192
chr13.74,-6.83101654436924
chr13.75,-3.86502270796482
chr13.76,-2.91437790914097
chr13.77,0.0696164451980654
chr13.78,0.931898787710992
chr13.79,3.57952752749311
chr13.80,-1.88996619205837
chr13.81,0.311437829932355
chr13.82,-4.43218718069372
chr13.84,-3.91121038389414
chr13.85,0.770937614966479
chr13.86,-3.78414835587977
chr13.87,-2.74604829755512
chr13.88,-2.53801137355966
chr13.89,-5.32052381084788
chr13.90,-4.80416342554916
chr13.92,-4.21757397858446
chr13.93,1.64178805514555
chr13.94,-0.419252783875475
chr13.95,-0.0190825413464451
chr13.96,-4.55504918792299
chr13.97,-3.74064928026742
chr13.98,-6.25657172481365
chr13.99,-4.89842014371639
chr13.100,-5.62788195785017
chr13.101,-7.3137716937085
chr13.102,-4.66762741049529
chr13.103,4.43364368085576
chr13.104,-1.38540454953524
chr13.105,-7.6624766193259
chr13.106,-1.03659897486356
chr13.107,-4.17173564703976
chr13.108,-5.07551908386901
chr13.110,-3.36799537124069
chr14.18,1.46935030543909
chr14.19,12.3959546791825
chr14.22,8.87967021007612
chr14.23,3.92385544341269
chr14.24,0.383724975492619
chr14.25,-0.529314497533813
chr14.26,7.16980775160253
chr14.27,-6.12454179712051
chr14.28,-3.53364401228166
chr14.29,1.33670109650818
chr14.30,-9.25451302458202
chr14.31,1.07163893756351
chr14.33,-2.35127825510569
chr14.34,-3.98846325545858
chr14.35,0.869959609296222
chr14.37,3.43383298995052
chr14.38,2.75661679894064
chr14.39,3.3682478912995
chr14.40,3.97351389033416
chr14.41,0.672506297600687
chr14.43,14.1455659815961
chr14.44,8.92992063251294
chr14.45,6.44959963143111
chr14.46,1.27010948810641
chr14.47,3.37777246327628
chr14.48,-7.59564389448579
chr14.49,6.99975300955498
chr14.50,-3.91158323149013
chr14.51,-5.30531945295945
chr14.52,-0.779540441301025
chr14.53,-5.05934953977211
chr14.54,0.00904821330164667
chr14.55,3.517048713549
chr14.56,-6.3572317093833
chr14.57,-0.300625235732719
chr14.58,-1.47750809274552
chr14.59,-0.461063919850273
chr14.60,-2.59150027220324
chr14.61,2.17698047440287
chr14.62,-2.79030867131182
chr14.63,0.00687242397446708
chr14.64,-4.17451657397836
chr14.65,-3.65402675319163
chr14.66,-4.88000434634827
chr14.67,3.04592294986112
chr14.68,-7.08677268153193
chr14.69,0.938453968140065
chr14.70,-0.441489933851728
chr14.72,-5.10732869891071
chr14.73,-8.18379053584626
chr14.74,-4.33781460966776
chr14.75,-2.91637385993989
chr14.77,-3.897057220367
chr14.78,-2.66333063911434
chr14.79,-1.60895018334763
chr14.80,-6.21237383620939
chr14.81,-3.55428888404867
chr14.82,-6.49145333546245
chr14.83,0.0292011586836263
chr14.84,6.26852986331644
chr14.85,-1.64707410183816
chr14.86,-5.1606195815195
chr14.87,-3.88412757823805
chr14.88,-3.59561299138865
chr14.89,-2.61868434379718
chr14.90,-2.36214321174366
chr14.91,-6.10331104795342
chr14.92,-2.12617250379114
chr14.93,0.0577229587022676
chr14.94,8.89710894073547
chr14.95,8.90563222103759
chr14.96,2.36774289100344
chr14.97,-1.60109026392453
chr14.98,-1.79971389193514
chr14.99,-2.31586194160931
chr14.100,0.640868906493858
chr14.101,-2.08904348706171
chr14.102,-2.02228613529578
chr15.22,1.63769021533357
chr15.23,-2.42254856691064
chr15.24,-4.3533085177335
chr15.30,-3.51663692776779
chr15.32,-5.71243834567118
chr15.33,-1.72890962815545
chr15.34,-4.26861236061084
chr15.35,-2.15748253014227
chr15.36,-3.13314842568798
chr15.37,-4.57961536736536
chr15.39,-8.55237124319065
chr15.43,0.0744184961709393
chr15.44,-0.348523056243475
chr15.45,-5.11951988066721
chr15.46,-5.05115892385486
chr15.47,-2.34900082662736
chr15.48,-2.70708834502658
chr15.49,-0.970635547274327
chr15.50,4.777688278271
chr15.51,7.0877377491281
chr15.53,2.97685801222215
chr15.54,-6.25558494209278
chr15.55,-3.77628902391574
chr15.56,-1.76065203999797
chr15.57,-5.12310920260006
chr15.58,-4.29334970864918
chr15.59,-1.98094856165342
chr15.60,-1.51071503814826
chr15.61,-1.26383784882266
chr15.62,-0.353151733604814
chr15.63,-1.68885255577221
chr15.64,-4.75847575917548
chr15.65,-3.5946052044238
chr15.66,-5.33117048307823
chr15.67,-4.77635975928446
chr15.68,-5.73386565209463
chr15.70,-1.11366911264812
chr15.73,0.636355756498297
chr15.74,-1.03877040564249
chr15.75,2.4103856388305
chr15.76,-1.48660913166548
chr15.77,-1.17321163041446
chr15.78,-1.22153037941212
chr15.83,-1.82862773989622
chr15.84,11.6813898692622
chr15.85,6.25258758499391
chr15.86,2.26308854266133
chr15.88,-3.76849397571982
chr15.89,-3.47808420511028
chr15.90,4.12304191220242
chr15.91,0.566734076812001
chr15.92,9.34574046116747
chr15.93,6.95519030975947
chr15.94,18.9278617915695
chr15.95,8.20694366837221
chr15.96,3.28410245336392
chr15.97,4.77484335921636
chr15.98,-1.25018346932499
chr16.2,2.75119683100258
chr16.4,-0.814917244456944
chr16.5,1.15560007407569
chr16.6,4.5598013250334
chr16.8,2.99161503716938
chr16.10,1.02753281680143
chr16.11,6.50868599594422
chr16.12,3.71674461205833
chr16.13,-0.257830420809952
chr16.14,3.40991166181318
chr16.18,16.5566338757009
chr16.20,3.12054351695216
chr16.24,2.272846712972
chr16.25,-0.548079662941551
chr16.26,3.8620872552014
chr16.27,12.9333476256286
chr16.28,0.81524270261089
chr16.45,-1.63213306749335
chr16.46,3.62239344112419
chr16.47,0.681497876494339
chr16.48,4.0194054305603
chr16.49,7.82513619982128
chr16.50,-3.24082482840671
chr16.51,-0.406953614192389
chr16.52,-0.699429255406622
chr16.53,0.864796985592142
chr16.54,-2.56660030122493
chr16.55,-4.57942959858078
chr16.56,6.84994684891914
chr16.57,18.5098009278818
chr16.58,11.7759050559506
chr16.59,8.64984801893793
chr16.60,4.04604838201889
chr16.61,3.34066778416646
chr16.62,11.9936720105913
chr16.63,-1.94374719559496
chr16.64,-2.15101900090809
chr16.69,-3.23216069691772
chr16.70,-3.54838268390255
chr16.71,-6.02467526797185
chr16.73,3.04129154344184
chr16.74,-2.79405420353561
chr16.75,-6.41524583397753
chr16.76,-4.71905483017927
chr16.77,-3.63570925656334
chr16.78,-2.45319275522403
chr16.79,-4.01233071577762
chr16.80,-3.6519397296967
chr16.81,-3.17937592522929
chr16.82,-8.00349981823589
chr16.83,-1.42165300010939
chr16.84,1.97838472580298
chr17.6,-4.53385413398495
chr17.7,-1.53961730173242
chr17.9,-1.34620955569955
chr17.11,8.19406830341564
chr17.12,11.4905196402249
chr17.13,3.57287168197878
chr17.14,-7.13889266126629
chr17.15,-2.99256019761443
chr17.18,-3.10529164348873
chr17.24,-3.1474729559725
chr17.25,-3.95372472937499
chr17.29,-4.28606068770048
chr17.30,6.47706566789943
chr17.31,2.91063370787199
chr17.33,-2.53798726066503
chr17.36,0.0860772483716435
chr17.37,-0.961332201791034
chr17.44,-0.453525983186161
chr17.45,-2.66815080665254
chr17.46,-0.702036485373394
chr17.47,-3.58718321435974
chr17.48,5.05170121533059
chr17.49,8.47669585112604
chr17.50,0.512945141559041
chr17.51,3.1888786842546
chr17.52,3.61905633238971
chr17.53,-1.75663016547297
chr17.54,0.996303652073192
chr17.57,2.70587002272819
chr17.59,0.720287702398078
chr17.61,0.535486952063609
chr17.62,-0.604593584855238
chr17.64,-1.50602994541544
chr17.65,0.856042535396244
chr17.66,-5.39415405007101
chr17.67,-7.7201438647115
chr17.68,-5.11538881003447
chr17.69,-0.551986531566497
chr17.70,-2.8440577173599
chr17.73,-0.600711749014791
chr17.74,-1.92715407350658
chr17.76,0.97734931327811
chr18.2,4.96656481312486
chr18.3,2.00513649929936
chr18.4,-1.77889998465312
chr18.5,8.32537248282669
chr18.6,-0.0296307580246401
chr18.7,6.399532244131
chr18.8,3.73159557596248
chr18.9,-6.00810063834868
chr18.10,0.654768784928075
chr18.11,0.234579535031591
chr18.12,0.459880616715388
chr18.14,-1.08798983965637
chr18.17,8.44544753045515
chr18.18,2.58350495250065
chr18.19,-1.53450253038524
chr18.20,9.31813541615972
chr18.21,0.645787412068427
chr18.22,2.52144201461202
chr18.23,1.08108201716371
chr18.24,0.716847534388414
chr18.25,4.42237072139516
chr18.26,-2.87995660967328
chr18.27,0.905886137975193
chr18.28,-8.17510034644389
chr18.29,-5.60470825604197
chr18.30,-4.18561242088049
chr18.31,-0.19234136385948
chr18.32,-5.69681209761287
chr18.33,-1.53714769071524
chr18.34,-5.30863924426954
chr18.35,-1.19392788885382
chr18.36,-3.78855111820668
chr18.37,-4.50390811385071
chr18.38,0.568932628174821
chr18.39,-3.24985220636553
chr18.40,-0.787966718750542
chr18.41,-5.08439232046141
chr18.42,-1.8699098530513
chr18.43,-5.38667203951441
chr18.44,-1.20861204064944
chr18.45,-1.18337241116043
chr18.46,2.09310527176205
chr18.47,-4.2183903025718
chr18.48,4.80668308449595
chr18.50,-1.87755122918731
chr18.51,-3.91001852195085
chr18.52,-4.03215346253121
chr18.53,-4.23591313889619
chr18.54,-3.98134622333328
chr18.55,9.36353527148026
chr18.56,3.86180470050905
chr18.57,-5.09290263268403
chr18.58,-3.12871710540772
chr18.59,-1.11364546477874
chr18.60,-1.0214517305595
chr18.61,-0.627727718512124
chr18.62,8.4946134181629
chr18.63,10.3503699172826
chr18.64,-5.59993973698484
chr18.65,-3.91400969988245
chr18.66,1.4238315728197
chr18.67,-2.20846536990556
chr18.68,6.08790408191889
chr18.69,-0.813062815408659
chr18.70,-3.61056350842502
chr18.71,-2.71671483811918
chr18.72,-0.712960816097619
chr18.73,-2.72820376332624
chr18.74,-4.77021314612854
chr19.26,11.4298660645146
chr19.27,7.96309296286227
chr19.28,14.3075140777963
chr19.29,12.6324772953231
chr19.31,5.47034200690576
chr19.32,5.3350016864063
chr19.39,3.11428381072996
chr19.48,-0.325901749715249
chr19.49,6.1516789472624
chr19.54,1.69924252779794
chr20.2,-4.47216940285585
chr20.3,-1.74211021955312
chr20.5,1.22016055321958
chr20.6,-0.803922627380541
chr20.7,0.451997381114234
chr20.8,-5.18459621927607
chr20.9,-2.89563979232316
chr20.10,-2.82565076822221
chr20.11,-7.40756282965056
chr20.12,-6.86036268327382
chr20.13,-2.78981866144499
chr20.14,-2.0234088943132
chr20.17,-3.04955507983531
chr20.18,-6.17994532412771
chr20.19,0.40060955554186
chr20.20,-0.858432814014365
chr20.21,-5.57863990505005
chr20.22,-1.21502222792065
chr20.23,1.06383923649737
chr20.24,6.05368836862597
chr20.25,6.73844677582928
chr20.28,-0.751921540472419
chr20.29,-3.30271509049565
chr20.33,0.12041981308747
chr20.34,-2.57339234146626
chr20.35,6.12574115043494
chr20.36,3.11253247255445
chr20.37,8.15629592199954
chr20.38,4.82287859887712
chr20.39,-0.96021680855378
chr20.40,0.653309596490538
chr20.41,0.384612653355843
chr20.42,-2.81699268128961
chr20.43,-0.133100540973427
chr20.44,1.79499494313884
chr20.45,0.785081753812904
chr20.46,0.217618732090413
chr20.47,0.330977751641788
chr20.48,-1.22288256634723
chr20.49,-0.974235077152351
chr20.50,7.21336956650915
chr20.51,12.9051294014773
chr20.52,13.200709554116
chr20.53,8.88197097687005
chr20.54,3.76198310898177
chr20.55,0.0436534828127466
chr20.56,-4.51414611174448
chr20.57,-1.84127609722449
chr20.59,1.02021084665438
chr21.14,-0.230228480732061
chr21.15,-0.040174206280736
chr21.17,12.4485557488388
chr21.18,6.2327475557993
chr21.19,2.95721335530834
chr21.20,4.9758930976017
chr21.21,10.4329532634125
chr21.22,2.95792341703438
chr21.23,-0.711763226029907
chr21.24,1.75760481526268
chr21.25,-3.19192208363511
chr21.26,-2.30743633388158
chr21.27,-2.73078239257335
chr21.28,-3.17328928978324
chr21.29,0.82039927428859
chr21.30,-4.14768714944945
chr21.31,-3.69396548195631
chr21.32,-0.43233511464754
chr21.33,-4.93494368242435
chr21.35,0.102210666471105
chr21.36,-3.61008128654141
chr21.37,-5.59321509159307
chr21.38,-9.48581253423141
chr21.39,-1.41378917584522
chr21.41,-4.8345419852702
chr21.43,0.0946499382383759
chr21.44,-4.44750972147956
chr22.16,-5.65554263880696
chr22.20,1.736994819277
chr22.23,-6.01525519668686
chr22.24,-8.01452017151372
chr22.25,-4.00159709392066
chr22.27,-5.10116505750497
chr22.30,-1.96326036071987
chr22.31,-3.06746513679293
chr22.32,-3.02719117745394
chr22.33,-3.64408455169242
chr22.34,-4.33835493096452
chr22.36,-0.606156748312285
chr22.37,-8.10294138337579
chr22.40,-0.0328819247148142
chr22.41,-2.1461942366615
chr22.42,-4.72938720913343
chr22.43,-1.97906455833304
chr22.44,-5.29072985517012
chr22.45,-6.36283959178645
chr22.46,-3.89029193956374
