"","LUSC.all.snps","mel.all.snps","liver.all.snps","ESO.all.snps","GBM.all.snps","LUAD.all.snps","multiple_myeloma","CRC.all.snp"
"chr1.100",303,483,265,105,11,764,77,52
"chr1.101",100,367,171,33,19,232,44,26
"chr1.102",275,545,188,71,8,550,47,48
"chr1.103",563,873,502,206,33,963,81,66
"chr1.106",633,766,575,199,48,1198,91,101
"chr1.107",548,1125,617,219,46,1241,64,99
"chr1.108",275,859,523,214,13,879,58,84
"chr1.11",69,392,145,31,10,195,30,32
"chr1.110",91,401,144,32,11,272,22,18
"chr1.111",92,339,132,47,13,248,32,24
"chr1.112",193,616,206,66,11,370,35,35
"chr1.113",155,781,166,51,11,290,49,30
"chr1.115",146,440,153,31,13,289,45,26
"chr1.116",139,802,205,65,26,393,39,54
"chr1.117",125,435,195,35,9,300,41,21
"chr1.118",128,493,176,49,7,268,34,33
"chr1.119",180,639,230,58,19,318,42,33
"chr1.12",97,501,98,44,17,364,36,39
"chr1.120",208,893,221,87,33,490,42,44
"chr1.149",123,782,192,55,25,415,43,30
"chr1.15",112,429,264,125,16,264,50,35
"chr1.150",153,1083,284,99,27,624,55,48
"chr1.152",107,490,153,44,8,293,40,18
"chr1.154",187,735,194,55,17,425,41,37
"chr1.155",434,1027,395,166,16,903,35,37
"chr1.156",359,1034,317,187,38,961,46,63
"chr1.157",173,678,156,55,14,479,41,27
"chr1.16",93,398,188,50,9,238,43,32
"chr1.160",277,703,250,54,21,679,72,37
"chr1.161",406,1572,489,94,19,1231,82,52
"chr1.162",234,911,258,93,14,715,58,36
"chr1.164",275,819,205,54,13,643,41,36
"chr1.165",147,514,171,41,20,377,50,22
"chr1.166",176,502,158,43,16,350,40,29
"chr1.167",287,621,242,63,21,591,92,37
"chr1.168",196,734,191,90,14,646,66,31
"chr1.169",162,618,189,48,12,358,43,24
"chr1.170",202,820,171,60,17,476,45,28
"chr1.172",310,734,190,78,8,669,47,42
"chr1.173",392,914,231,110,6,891,48,52
"chr1.174",380,1304,300,188,12,1009,65,46
"chr1.175",185,628,190,53,11,511,57,44
"chr1.177",164,547,167,36,15,336,38,28
"chr1.178",164,712,188,44,10,433,39,40
"chr1.179",202,892,243,76,9,615,55,38
"chr1.180",141,567,198,45,17,336,53,26
"chr1.181",139,490,193,32,11,345,53,36
"chr1.182",149,473,204,30,14,358,53,33
"chr1.183",148,567,266,78,26,497,49,47
"chr1.184",327,717,487,142,16,823,71,65
"chr1.185",526,666,477,229,30,1216,89,114
"chr1.186",605,1150,611,186,35,1160,138,114
"chr1.187",701,1202,656,203,18,1321,111,91
"chr1.188",711,1174,622,222,40,1502,97,112
"chr1.189",478,794,568,165,32,1199,50,86
"chr1.19",168,780,154,67,23,458,46,31
"chr1.190",159,583,174,30,10,487,53,28
"chr1.191",395,1178,243,150,21,990,61,39
"chr1.192",593,1282,454,216,29,1562,89,74
"chr1.193",431,1049,269,211,19,1209,77,67
"chr1.195",199,649,205,62,19,428,38,30
"chr1.196",274,678,360,116,19,523,51,54
"chr1.197",224,954,190,67,22,478,52,30
"chr1.198",106,537,150,40,9,293,32,31
"chr1.20",77,414,133,30,6,244,38,30
"chr1.200",108,483,177,41,19,362,50,27
"chr1.201",122,441,135,37,12,327,55,32
"chr1.202",134,598,158,52,12,386,42,27
"chr1.204",84,473,152,53,18,250,34,26
"chr1.206",227,1390,265,160,12,666,64,53
"chr1.207",122,658,202,43,14,517,58,29
"chr1.208",197,578,200,90,27,581,56,43
"chr1.209",139,455,124,41,7,306,34,29
"chr1.21",143,489,116,29,12,310,36,21
"chr1.210",131,519,156,43,9,396,32,28
"chr1.211",245,798,149,76,16,649,55,38
"chr1.212",203,538,303,82,14,640,83,50
"chr1.213",339,729,224,92,30,1046,83,49
"chr1.214",377,727,389,136,10,945,91,65
"chr1.215",315,584,340,102,19,791,71,42
"chr1.216",212,659,230,78,17,553,62,69
"chr1.217",240,559,137,82,9,762,62,44
"chr1.218",277,790,209,104,20,836,62,60
"chr1.219",267,691,175,79,16,654,65,50
"chr1.222",166,608,152,84,16,389,48,26
"chr1.223",79,444,139,22,12,273,38,29
"chr1.224",117,411,177,34,10,326,36,28
"chr1.225",103,630,185,34,20,402,45,38
"chr1.227",142,531,137,39,8,393,39,28
"chr1.228",166,468,161,35,13,364,64,31
"chr1.229",114,485,234,54,6,436,38,36
"chr1.23",91,460,109,38,16,243,48,27
"chr1.230",121,570,168,37,13,427,58,23
"chr1.231",193,1283,172,45,26,479,54,65
"chr1.233",154,413,131,50,12,374,43,40
"chr1.234",261,557,245,93,32,766,59,61
"chr1.235",394,632,335,88,45,1586,100,84
"chr1.236",453,1155,449,101,57,1471,150,74
"chr1.237",419,914,383,104,24,995,111,64
"chr1.238",558,1322,250,116,10,1021,103,52
"chr1.24",86,418,131,24,15,210,53,19
"chr1.241",215,511,184,86,10,564,57,42
"chr1.242",125,524,167,56,18,307,65,46
"chr1.243",177,646,176,72,12,426,55,56
"chr1.25",76,366,84,41,19,177,34,31
"chr1.31",174,676,201,89,13,532,45,45
"chr1.32",98,420,135,31,23,255,49,28
"chr1.33",110,355,108,46,10,242,38,27
"chr1.34",63,386,109,40,9,200,49,24
"chr1.35",253,1142,267,108,6,586,50,46
"chr1.36",152,503,151,46,14,317,57,28
"chr1.37",91,358,105,23,14,211,29,31
"chr1.38",262,626,177,94,16,511,44,31
"chr1.39",167,595,157,60,15,287,54,39
"chr1.42",123,361,120,37,12,234,36,32
"chr1.43",101,395,122,59,9,224,35,31
"chr1.44",95,431,116,46,10,230,30,21
"chr1.45",102,374,143,42,12,197,37,33
"chr1.49",164,509,144,42,16,394,46,27
"chr1.5",184,844,272,172,36,738,55,53
"chr1.51",268,857,282,119,19,542,47,35
"chr1.52",118,363,131,41,19,218,33,32
"chr1.53",93,308,145,39,13,211,42,40
"chr1.54",116,382,144,48,11,268,49,21
"chr1.55",120,383,127,39,18,239,34,28
"chr1.56",91,532,152,53,5,296,40,29
"chr1.57",143,795,170,111,16,413,41,51
"chr1.58",197,1051,130,101,12,472,51,56
"chr1.6",199,946,310,194,16,658,66,59
"chr1.60",97,550,147,58,8,266,37,21
"chr1.61",177,550,163,80,14,354,58,24
"chr1.62",147,392,168,45,6,343,58,34
"chr1.63",102,441,153,41,13,255,44,36
"chr1.64",169,393,171,53,6,372,50,43
"chr1.65",104,502,192,49,9,220,39,34
"chr1.66",106,339,144,50,8,283,28,30
"chr1.67",304,634,184,117,12,620,38,34
"chr1.68",201,384,162,65,9,414,42,41
"chr1.69",152,410,158,29,18,367,46,34
"chr1.7",85,402,114,38,17,285,37,26
"chr1.70",362,896,388,221,33,1098,86,83
"chr1.71",320,441,278,101,23,711,58,58
"chr1.72",367,909,338,165,39,648,74,52
"chr1.73",350,496,473,194,19,736,88,65
"chr1.74",625,1154,539,227,45,1110,108,76
"chr1.75",415,861,427,118,19,782,109,52
"chr1.76",558,1146,332,172,39,974,58,75
"chr1.77",384,486,344,96,26,675,83,58
"chr1.78",376,555,294,104,16,638,59,55
"chr1.79",175,699,144,60,28,362,50,31
"chr1.8",105,523,128,53,12,342,61,36
"chr1.80",399,794,395,184,33,829,85,88
"chr1.81",459,1055,352,200,24,837,94,125
"chr1.82",340,674,316,161,33,916,93,86
"chr1.83",203,787,309,135,27,649,76,74
"chr1.85",121,297,147,66,16,361,43,31
"chr1.86",101,323,173,25,18,242,55,34
"chr1.87",156,378,274,72,27,325,53,48
"chr1.88",138,449,203,32,9,404,26,37
"chr1.89",206,698,248,33,7,615,49,34
"chr1.9",76,415,125,31,28,227,29,26
"chr1.90",121,436,129,48,12,333,26,20
"chr1.91",127,605,204,66,20,351,32,27
"chr1.92",239,617,217,80,26,475,56,33
"chr1.93",133,461,169,55,12,330,40,32
"chr1.95",78,421,153,26,11,204,41,21
"chr1.96",117,475,168,48,9,289,74,27
"chr1.97",295,1037,280,134,23,832,107,52
"chr1.98",270,995,199,120,12,516,58,61
"chr1.99",282,714,248,86,24,502,57,51
"chr10.10",431,1258,534,150,26,733,55,96
"chr10.100",98,372,125,33,10,336,35,29
"chr10.101",68,299,109,31,13,171,29,22
"chr10.103",76,377,133,41,8,268,36,41
"chr10.104",330,1211,372,230,17,928,66,54
"chr10.105",403,1269,286,250,19,1028,90,89
"chr10.106",542,384,284,297,12,1222,101,64
"chr10.107",477,702,462,289,23,1201,89,69
"chr10.108",443,823,406,254,22,1087,62,78
"chr10.109",170,527,173,59,18,550,38,36
"chr10.11",320,872,537,247,16,636,60,64
"chr10.110",194,494,182,43,6,475,39,28
"chr10.111",251,522,139,86,5,609,34,36
"chr10.112",89,357,119,38,11,261,42,27
"chr10.113",81,424,131,35,5,253,37,26
"chr10.114",176,449,161,68,7,460,66,30
"chr10.115",330,525,181,184,16,833,78,65
"chr10.116",218,336,165,59,10,539,71,44
"chr10.117",214,442,239,70,9,515,50,40
"chr10.118",114,432,146,54,9,322,32,43
"chr10.119",150,484,214,63,17,425,51,32
"chr10.12",145,397,216,97,13,256,37,34
"chr10.120",138,801,252,65,15,389,43,43
"chr10.121",75,423,131,38,9,274,58,34
"chr10.122",148,794,204,83,11,422,36,45
"chr10.123",114,608,190,95,10,421,46,28
"chr10.124",123,295,170,57,6,300,50,42
"chr10.125",204,617,285,121,14,410,69,54
"chr10.127",205,899,248,96,11,498,57,38
"chr10.128",429,1078,291,228,18,868,79,54
"chr10.129",235,690,175,148,6,634,59,68
"chr10.130",380,754,347,230,16,1087,97,81
"chr10.132",220,808,69,101,12,549,46,51
"chr10.14",133,440,167,57,14,331,49,45
"chr10.15",143,562,195,75,9,428,43,58
"chr10.16",294,705,227,71,15,691,38,40
"chr10.17",337,749,326,103,14,768,52,45
"chr10.2",258,937,302,112,28,716,64,50
"chr10.20",438,1478,376,206,37,739,84,57
"chr10.21",246,1455,316,228,23,699,77,37
"chr10.22",146,836,194,50,9,303,47,40
"chr10.23",185,473,226,49,6,397,50,43
"chr10.24",284,606,241,81,11,656,50,75
"chr10.25",153,966,269,64,13,394,44,40
"chr10.26",240,671,277,59,7,600,62,42
"chr10.27",330,901,282,90,30,678,48,62
"chr10.28",170,516,200,43,10,331,37,43
"chr10.29",169,852,223,66,13,314,43,41
"chr10.3",427,984,500,167,29,1041,110,97
"chr10.30",158,400,172,58,22,409,78,38
"chr10.31",137,711,166,56,24,386,42,46
"chr10.32",274,588,211,78,4,609,44,47
"chr10.34",176,697,157,36,11,393,57,32
"chr10.35",142,531,188,50,11,343,59,30
"chr10.36",118,434,154,39,13,317,37,33
"chr10.37",248,1181,435,187,14,887,76,69
"chr10.4",224,486,275,60,10,557,56,34
"chr10.41",262,729,184,59,11,470,39,43
"chr10.42",349,1274,293,79,15,798,69,52
"chr10.5",158,408,235,50,26,450,56,34
"chr10.51",351,651,336,101,18,671,56,49
"chr10.52",344,1244,245,101,10,790,79,43
"chr10.53",461,1154,418,226,16,1122,107,62
"chr10.55",632,882,407,241,23,1249,121,87
"chr10.56",621,492,471,271,37,939,107,60
"chr10.57",387,713,213,66,18,646,75,33
"chr10.58",231,567,164,135,13,592,88,29
"chr10.59",104,895,210,36,8,338,37,24
"chr10.60",117,528,257,41,10,395,62,41
"chr10.61",115,364,241,40,7,274,43,41
"chr10.62",212,360,210,69,10,444,57,41
"chr10.63",321,635,152,102,6,683,59,45
"chr10.64",427,672,286,121,13,811,102,57
"chr10.65",413,752,239,163,13,746,116,56
"chr10.69",110,444,136,34,9,250,40,28
"chr10.7",205,743,271,94,15,443,44,47
"chr10.70",107,444,128,50,8,407,30,27
"chr10.71",84,443,99,44,7,342,33,31
"chr10.74",76,336,126,44,7,211,45,29
"chr10.75",130,336,137,80,11,344,65,45
"chr10.76",185,489,144,89,12,470,67,42
"chr10.77",112,422,133,37,11,351,60,38
"chr10.78",127,361,109,31,1,304,42,29
"chr10.8",271,483,277,132,13,492,36,68
"chr10.80",289,854,277,175,19,859,47,64
"chr10.81",548,863,446,254,14,1004,103,78
"chr10.82",489,1207,532,257,17,1039,94,80
"chr10.83",239,953,321,116,10,640,56,34
"chr10.84",308,652,254,162,20,511,52,51
"chr10.85",224,583,207,88,10,544,61,40
"chr10.87",69,267,136,28,9,234,34,37
"chr10.88",92,412,133,25,14,249,34,31
"chr10.89",163,1005,220,103,12,534,38,47
"chr10.9",288,1190,327,125,18,778,75,57
"chr10.90",146,626,217,101,11,513,40,54
"chr10.92",75,388,128,39,12,264,53,36
"chr10.93",89,436,156,28,14,297,60,22
"chr10.95",118,409,152,28,11,280,39,28
"chr10.96",80,403,115,36,6,280,28,39
"chr10.97",95,346,150,45,14,270,40,30
"chr11.100",162,570,324,114,17,403,62,46
"chr11.101",289,506,460,202,22,633,50,62
"chr11.102",235,489,444,84,20,563,66,60
"chr11.103",295,694,422,113,16,667,74,50
"chr11.104",210,783,228,108,9,526,58,58
"chr11.106",164,496,284,141,13,498,73,51
"chr11.107",98,408,164,87,12,319,53,48
"chr11.108",80,420,181,43,7,301,39,32
"chr11.109",88,504,157,51,10,340,39,34
"chr11.11",73,446,167,37,7,261,49,41
"chr11.110",134,623,231,103,7,491,44,37
"chr11.111",142,654,165,97,13,342,51,37
"chr11.112",217,643,185,179,18,543,61,53
"chr11.113",168,699,158,122,15,428,50,44
"chr11.114",90,496,148,30,9,244,38,30
"chr11.115",93,506,136,35,17,210,48,25
"chr11.116",61,462,102,35,12,251,36,25
"chr11.117",83,584,142,49,18,347,48,31
"chr11.118",149,697,147,69,8,325,47,40
"chr11.119",206,749,159,173,8,490,61,75
"chr11.12",101,436,163,55,11,241,61,39
"chr11.120",199,572,258,63,11,526,44,46
"chr11.121",270,941,314,93,32,596,54,52
"chr11.122",150,399,128,53,13,375,53,44
"chr11.123",157,425,131,48,9,366,43,35
"chr11.124",262,913,251,214,30,675,73,67
"chr11.125",170,597,200,101,31,554,36,34
"chr11.126",103,717,166,43,23,291,62,38
"chr11.127",84,591,155,32,23,268,59,23
"chr11.128",171,1034,372,216,13,634,85,68
"chr11.129",359,739,389,277,15,922,110,115
"chr11.13",86,389,153,22,8,187,66,34
"chr11.130",366,940,402,215,10,816,103,91
"chr11.131",232,787,164,72,9,554,78,41
"chr11.14",142,580,210,48,15,336,42,28
"chr11.16",233,510,170,48,7,624,67,34
"chr11.17",131,460,169,56,7,342,56,26
"chr11.18",119,505,147,37,9,350,29,39
"chr11.20",138,553,154,42,9,291,37,45
"chr11.21",282,820,251,96,19,508,56,58
"chr11.22",482,709,436,164,19,980,99,100
"chr11.23",373,841,229,69,23,713,75,61
"chr11.24",400,756,374,108,46,861,112,62
"chr11.25",380,1009,446,98,44,832,95,74
"chr11.26",416,1202,453,233,57,871,87,113
"chr11.27",275,624,314,105,29,578,70,64
"chr11.28",177,608,187,45,15,485,48,34
"chr11.29",236,811,224,90,21,502,78,47
"chr11.3",97,584,123,35,14,310,30,25
"chr11.30",407,694,359,233,49,1014,115,100
"chr11.31",279,670,245,142,17,876,84,71
"chr11.32",212,674,263,109,15,574,59,54
"chr11.33",196,705,195,75,16,544,57,36
"chr11.34",115,459,176,41,18,317,47,35
"chr11.35",107,411,130,31,8,168,44,27
"chr11.36",97,435,177,51,9,271,47,23
"chr11.37",175,639,217,110,13,478,49,34
"chr11.38",459,1224,448,227,46,912,109,71
"chr11.39",442,1093,563,189,57,776,138,100
"chr11.40",705,1630,503,114,46,1383,150,119
"chr11.41",708,1496,275,226,42,1106,130,106
"chr11.42",677,1047,379,193,48,966,132,88
"chr11.43",597,1249,514,296,45,992,92,82
"chr11.44",292,742,250,87,19,550,45,53
"chr11.45",150,451,144,40,14,377,54,20
"chr11.46",149,505,147,40,13,369,49,39
"chr11.47",91,383,142,38,13,195,43,21
"chr11.53",578,1056,461,185,45,966,111,58
"chr11.54",147,768,181,52,20,295,50,28
"chr11.55",331,863,224,60,12,660,58,37
"chr11.56",242,605,137,56,24,486,69,38
"chr11.57",259,632,282,42,33,593,44,32
"chr11.6",327,1118,278,141,22,621,53,74
"chr11.61",107,498,112,34,10,274,45,22
"chr11.62",73,401,115,35,16,234,41,28
"chr11.69",82,483,133,29,9,251,39,22
"chr11.7",211,597,152,77,13,461,27,34
"chr11.70",58,425,132,35,8,152,29,32
"chr11.71",87,503,133,45,3,225,36,29
"chr11.72",83,431,128,28,11,227,39,26
"chr11.73",104,445,122,33,8,271,43,26
"chr11.74",93,438,133,47,8,231,51,39
"chr11.75",126,493,155,54,11,236,51,27
"chr11.76",142,915,363,111,7,459,70,66
"chr11.77",261,1462,537,69,17,695,113,63
"chr11.78",361,1317,512,150,14,1024,93,67
"chr11.79",263,1088,319,140,13,813,59,57
"chr11.8",169,852,185,62,6,476,43,51
"chr11.80",163,509,156,70,12,418,45,48
"chr11.82",232,773,187,92,15,447,51,35
"chr11.83",108,454,146,33,7,314,48,24
"chr11.84",176,482,217,74,11,470,61,50
"chr11.88",379,1311,356,105,40,958,123,92
"chr11.89",265,961,314,98,12,814,114,58
"chr11.9",127,626,193,54,6,297,50,41
"chr11.90",145,634,133,38,18,402,47,32
"chr11.91",133,654,186,48,13,375,65,40
"chr11.92",103,438,183,59,16,297,50,26
"chr11.94",314,1102,573,235,38,819,92,84
"chr11.95",460,1107,568,274,55,1071,114,111
"chr11.96",377,1136,344,248,32,915,113,95
"chr11.97",285,1118,316,136,28,716,84,76
"chr11.98",205,907,248,82,41,435,78,45
"chr11.99",108,494,157,40,21,260,77,27
"chr12.100",296,819,188,107,18,495,55,50
"chr12.101",131,635,168,54,7,350,35,41
"chr12.102",120,462,159,47,14,290,31,33
"chr12.103",134,597,176,82,11,360,36,40
"chr12.104",118,598,193,45,21,352,43,36
"chr12.105",200,797,229,84,24,550,48,45
"chr12.107",69,343,119,40,13,198,43,33
"chr12.108",139,626,135,66,12,385,47,37
"chr12.11",202,625,210,59,23,331,40,51
"chr12.110",122,648,134,43,14,313,35,26
"chr12.111",259,842,215,101,23,614,48,44
"chr12.112",288,768,171,60,36,785,67,38
"chr12.113",151,566,229,36,33,394,44,32
"chr12.114",142,602,155,44,9,275,35,34
"chr12.115",158,806,173,61,31,288,57,28
"chr12.116",280,1045,260,132,37,536,60,50
"chr12.117",124,595,142,50,21,245,39,21
"chr12.12",160,523,169,47,10,285,31,34
"chr12.121",99,504,120,38,13,238,40,29
"chr12.122",145,589,137,53,14,287,46,27
"chr12.123",288,1199,275,115,12,732,75,64
"chr12.124",439,1285,306,219,18,850,88,63
"chr12.125",689,1634,420,203,76,1279,81,72
"chr12.126",551,1265,274,220,68,1039,60,82
"chr12.127",424,762,343,186,56,792,71,79
"chr12.128",290,898,204,143,39,550,50,63
"chr12.13",110,420,141,38,13,191,46,26
"chr12.14",220,801,185,29,16,374,59,28
"chr12.15",256,694,202,36,17,398,46,30
"chr12.16",192,576,197,33,10,315,40,36
"chr12.17",173,685,184,45,22,265,56,45
"chr12.18",484,1266,407,173,35,687,85,74
"chr12.19",279,1132,185,64,45,604,107,60
"chr12.2",137,401,135,40,14,249,34,26
"chr12.20",170,664,178,42,22,348,85,34
"chr12.21",369,729,219,142,19,759,87,44
"chr12.22",318,964,145,129,26,547,65,46
"chr12.23",198,408,179,66,15,397,57,48
"chr12.24",220,612,184,194,17,553,54,78
"chr12.25",168,298,183,193,14,369,52,80
"chr12.26",189,552,228,136,16,455,57,68
"chr12.27",143,391,201,53,5,296,31,33
"chr12.28",119,439,136,39,20,287,43,19
"chr12.29",212,488,181,62,16,555,48,39
"chr12.3",217,817,182,56,18,517,47,29
"chr12.30",241,431,204,91,20,927,59,50
"chr12.31",273,597,212,119,34,938,40,58
"chr12.34",347,1605,306,121,47,1066,56,44
"chr12.36",226,619,275,122,32,477,61,64
"chr12.37",265,529,193,78,11,431,54,49
"chr12.38",330,557,423,207,17,738,48,84
"chr12.39",314,589,300,96,18,549,46,75
"chr12.4",120,563,166,51,12,314,51,27
"chr12.40",274,857,428,112,41,677,56,73
"chr12.41",238,561,220,60,13,590,43,48
"chr12.42",235,625,262,80,4,657,55,53
"chr12.43",130,610,178,42,11,372,31,39
"chr12.44",121,948,140,48,16,337,39,43
"chr12.45",115,583,135,45,12,258,45,40
"chr12.47",97,412,108,32,11,212,39,39
"chr12.49",126,503,144,40,13,296,37,28
"chr12.5",187,835,211,62,12,489,46,36
"chr12.50",77,543,147,34,15,222,39,39
"chr12.51",165,658,164,66,13,293,38,49
"chr12.55",108,705,202,39,16,366,41,29
"chr12.56",189,775,283,67,31,517,67,41
"chr12.57",321,965,333,77,39,745,88,74
"chr12.58",602,1428,368,231,36,1429,86,113
"chr12.59",349,965,285,131,29,783,76,75
"chr12.6",144,898,240,74,21,574,49,44
"chr12.60",261,427,234,28,20,520,59,35
"chr12.62",173,491,234,33,16,346,43,38
"chr12.63",174,584,313,35,27,463,50,45
"chr12.64",185,543,388,83,41,423,35,41
"chr12.65",227,676,243,59,16,593,33,28
"chr12.66",123,508,158,29,12,230,41,26
"chr12.67",189,899,183,43,9,348,47,29
"chr12.68",241,1004,283,37,32,608,67,29
"chr12.69",281,679,256,62,47,644,49,47
"chr12.7",104,512,94,51,16,259,48,46
"chr12.70",580,1437,272,240,69,929,87,82
"chr12.71",614,985,373,151,69,1028,95,85
"chr12.72",351,729,309,52,32,672,74,51
"chr12.73",157,424,179,36,9,381,51,30
"chr12.74",222,416,233,66,6,530,58,39
"chr12.75",444,426,399,118,13,980,60,56
"chr12.76",332,971,405,120,35,555,58,43
"chr12.77",163,702,232,71,19,437,59,34
"chr12.78",270,1084,296,147,25,621,81,54
"chr12.79",324,631,405,102,15,616,87,61
"chr12.80",211,435,312,67,18,434,73,28
"chr12.81",293,1027,521,218,31,915,114,95
"chr12.82",255,484,521,142,36,646,78,56
"chr12.83",241,655,501,142,38,576,105,81
"chr12.84",301,1270,453,189,46,832,127,77
"chr12.85",203,1021,225,66,25,536,74,44
"chr12.86",108,741,195,35,12,296,57,32
"chr12.87",190,747,292,47,8,519,54,33
"chr12.88",171,913,329,55,27,624,51,65
"chr12.89",161,453,206,46,11,400,36,45
"chr12.90",110,456,175,28,15,274,33,32
"chr12.91",110,370,123,39,7,229,36,30
"chr12.92",118,517,142,35,26,298,52,34
"chr12.93",116,537,159,52,23,275,36,23
"chr12.94",213,1029,314,99,17,532,37,81
"chr12.95",211,1404,280,72,13,527,69,50
"chr12.96",249,499,262,101,9,445,56,47
"chr12.97",249,729,223,114,19,398,50,52
"chr12.98",303,816,210,72,19,544,58,36
"chr12.99",130,525,187,76,26,300,49,23
"chr13.100",163,996,249,88,27,652,48,53
"chr13.101",326,1108,364,160,41,1150,73,95
"chr13.102",277,691,509,189,11,829,85,86
"chr13.103",157,689,511,60,16,547,96,45
"chr13.104",203,1137,442,72,19,511,65,60
"chr13.105",355,1289,457,97,36,553,91,74
"chr13.106",243,579,249,145,6,515,74,83
"chr13.107",148,518,159,89,9,526,58,53
"chr13.108",128,590,148,56,8,327,37,37
"chr13.110",123,775,123,90,19,295,30,46
"chr13.18",90,458,136,53,9,219,30,41
"chr13.19",167,927,299,120,35,473,67,65
"chr13.20",162,1096,377,193,29,575,63,67
"chr13.21",85,525,191,55,16,277,32,29
"chr13.23",140,553,264,91,32,417,32,60
"chr13.24",124,606,158,62,18,325,39,40
"chr13.25",147,505,174,45,26,398,40,33
"chr13.26",201,977,184,113,39,593,40,43
"chr13.27",95,489,153,41,9,327,26,34
"chr13.28",90,535,156,52,9,323,41,35
"chr13.29",158,636,155,47,19,334,40,47
"chr13.30",118,581,160,52,7,258,33,30
"chr13.31",123,577,165,41,8,311,26,42
"chr13.32",195,776,354,125,17,432,49,61
"chr13.33",120,597,346,208,7,379,52,83
"chr13.34",169,730,297,167,13,496,36,55
"chr13.35",212,763,311,164,17,550,68,65
"chr13.36",112,560,297,84,8,381,53,49
"chr13.37",99,489,197,71,13,420,15,62
"chr13.39",93,556,106,51,10,279,47,41
"chr13.40",120,613,164,81,20,421,35,43
"chr13.41",102,563,150,62,4,308,40,29
"chr13.42",67,459,153,61,11,202,44,27
"chr13.43",149,508,167,80,9,369,25,37
"chr13.44",150,699,160,92,17,436,42,31
"chr13.45",120,619,127,93,29,390,48,44
"chr13.46",80,391,136,43,11,300,32,31
"chr13.47",79,469,143,37,12,232,36,31
"chr13.48",87,551,135,53,9,325,31,38
"chr13.51",393,1159,511,236,23,1238,75,84
"chr13.52",394,1292,468,256,50,1163,115,102
"chr13.53",396,1473,352,276,49,1359,104,136
"chr13.54",285,1172,273,279,33,1283,96,110
"chr13.55",379,1108,401,223,14,1175,89,123
"chr13.56",381,852,449,192,18,1026,80,88
"chr13.57",198,586,226,59,22,465,44,44
"chr13.58",181,789,339,160,17,693,76,56
"chr13.59",384,1070,357,266,44,907,95,104
"chr13.60",471,867,575,249,52,1100,60,139
"chr13.62",409,1280,567,235,51,1189,92,124
"chr13.63",392,784,523,281,16,793,67,129
"chr13.64",270,587,415,233,9,562,52,116
"chr13.65",448,853,427,275,25,1182,120,125
"chr13.66",436,932,506,254,26,1082,97,122
"chr13.67",445,756,327,153,46,1066,117,62
"chr13.68",317,1300,357,78,53,852,59,81
"chr13.69",197,1282,403,92,31,736,85,30
"chr13.70",89,764,187,76,17,340,43,27
"chr13.71",101,584,172,83,14,383,45,35
"chr13.72",155,714,247,167,10,555,55,67
"chr13.73",110,573,267,102,23,298,28,47
"chr13.74",91,591,249,76,10,342,37,44
"chr13.75",200,632,291,127,18,509,32,71
"chr13.76",193,1168,265,121,24,545,50,46
"chr13.77",83,575,218,46,12,352,53,34
"chr13.78",159,1028,298,105,18,680,96,58
"chr13.79",244,1166,492,182,42,891,93,93
"chr13.80",331,1245,571,305,42,926,103,117
"chr13.81",264,1428,624,284,33,1183,106,169
"chr13.82",230,972,543,190,36,904,120,95
"chr13.84",303,1278,407,265,36,927,106,133
"chr13.85",289,911,473,287,33,723,91,123
"chr13.86",254,942,508,213,32,632,108,109
"chr13.87",287,1010,371,202,34,753,77,101
"chr13.88",380,1012,455,132,19,812,61,59
"chr13.89",330,1243,259,184,6,677,80,71
"chr13.90",284,1390,250,198,15,792,98,75
"chr13.92",102,590,169,65,16,302,40,59
"chr13.93",121,704,219,64,8,343,47,34
"chr13.94",186,974,246,55,12,480,48,49
"chr13.95",115,523,175,57,21,289,53,37
"chr13.96",54,517,136,49,14,191,31,26
"chr13.97",104,567,139,39,9,276,40,35
"chr13.98",158,749,186,122,12,498,50,49
"chr13.99",228,685,190,187,8,675,75,80
"chr14.100",66,450,110,40,7,237,48,28
"chr14.101",105,566,104,46,18,326,60,25
"chr14.102",85,473,67,42,21,334,25,19
"chr14.18",134,423,162,45,17,336,45,25
"chr14.19",186,982,321,49,22,409,47,39
"chr14.22",210,570,251,65,19,781,38,39
"chr14.23",368,1095,524,249,11,1188,89,73
"chr14.24",432,1124,476,238,10,1015,107,74
"chr14.25",541,1627,492,277,21,1194,110,87
"chr14.26",425,964,497,224,19,945,103,83
"chr14.27",240,676,346,158,10,625,77,46
"chr14.28",95,383,143,23,11,270,44,35
"chr14.29",131,471,148,42,5,332,46,33
"chr14.30",200,440,337,96,5,611,67,48
"chr14.31",164,464,240,52,7,484,55,26
"chr14.33",108,573,207,67,17,228,58,30
"chr14.34",68,619,203,49,43,259,80,38
"chr14.35",158,1273,189,56,61,432,92,42
"chr14.37",344,1436,314,194,43,749,60,80
"chr14.38",478,1147,497,245,50,1234,89,111
"chr14.39",527,737,562,249,62,1247,61,90
"chr14.40",511,671,446,190,67,1321,97,76
"chr14.41",401,517,299,192,63,1085,84,46
"chr14.43",333,561,388,178,48,872,89,51
"chr14.44",475,395,408,223,26,970,111,56
"chr14.45",506,605,484,290,36,1117,94,92
"chr14.46",305,646,371,182,23,753,51,58
"chr14.47",62,313,121,41,14,203,32,30
"chr14.48",90,349,180,61,15,361,39,28
"chr14.49",179,480,200,72,10,499,38,31
"chr14.50",114,420,139,60,12,263,36,34
"chr14.51",121,673,188,44,11,319,51,30
"chr14.52",77,332,130,39,8,219,46,27
"chr14.53",104,365,244,50,6,309,60,25
"chr14.54",151,708,211,74,20,422,65,50
"chr14.55",177,654,176,64,13,423,53,36
"chr14.56",159,487,205,47,16,430,40,37
"chr14.57",173,655,169,70,20,523,43,35
"chr14.58",96,407,165,44,16,289,44,31
"chr14.59",123,1005,252,59,22,445,56,44
"chr14.60",195,926,323,100,23,610,43,59
"chr14.61",82,362,130,39,12,226,41,26
"chr14.62",76,400,150,46,8,202,32,26
"chr14.63",157,678,200,48,11,436,37,24
"chr14.64",110,375,163,37,9,289,47,31
"chr14.65",79,347,107,29,8,205,41,22
"chr14.66",62,394,108,39,11,231,40,32
"chr14.67",143,802,124,55,12,450,31,32
"chr14.68",128,507,153,29,11,304,49,24
"chr14.69",218,1087,215,86,20,516,44,45
"chr14.70",138,441,134,54,16,321,42,31
"chr14.72",68,350,107,32,15,220,27,30
"chr14.73",94,408,149,49,10,294,30,24
"chr14.74",89,498,145,46,22,306,60,30
"chr14.75",161,741,274,79,16,458,43,32
"chr14.77",233,767,303,174,6,679,62,47
"chr14.78",118,418,153,72,7,438,41,35
"chr14.79",297,1096,287,248,27,1080,63,78
"chr14.80",247,1379,547,274,26,785,111,111
"chr14.81",403,684,618,156,34,1024,107,105
"chr14.82",317,860,493,158,35,858,122,127
"chr14.83",453,810,366,219,30,977,97,112
"chr14.84",587,1244,424,216,36,1436,95,105
"chr14.85",355,733,186,79,23,784,52,40
"chr14.86",133,489,152,47,11,310,43,36
"chr14.87",110,549,126,39,12,352,38,36
"chr14.88",73,335,128,32,13,216,40,38
"chr14.89",123,621,184,38,8,296,46,27
"chr14.90",124,512,128,49,13,333,36,26
"chr14.91",135,693,164,80,11,414,47,38
"chr14.92",163,661,139,45,23,462,58,29
"chr14.93",133,739,169,70,21,431,46,28
"chr14.94",164,790,251,146,24,781,40,54
"chr14.95",188,990,417,212,23,936,67,56
"chr14.96",127,685,297,89,25,627,55,42
"chr14.97",88,390,120,66,12,245,36,20
"chr14.98",156,798,194,82,21,558,58,38
"chr14.99",82,400,110,34,10,248,41,35
"chr15.22",399,836,265,156,26,713,85,78
"chr15.23",525,1055,447,194,38,869,89,101
"chr15.24",340,748,459,228,34,1169,97,79
"chr15.30",189,467,289,65,16,475,46,31
"chr15.32",135,508,156,66,10,400,56,44
"chr15.33",195,886,230,86,13,564,85,53
"chr15.34",246,1071,194,81,18,593,87,48
"chr15.35",141,572,233,40,10,315,61,23
"chr15.36",102,763,183,38,37,247,46,28
"chr15.37",68,438,123,26,11,173,59,26
"chr15.39",74,384,131,35,10,161,32,27
"chr15.43",234,999,276,159,17,572,67,38
"chr15.44",289,602,372,216,13,578,88,48
"chr15.45",188,384,318,112,7,366,51,44
"chr15.46",124,514,163,47,9,276,48,28
"chr15.47",130,600,139,57,22,297,38,35
"chr15.48",108,543,141,41,10,241,54,24
"chr15.49",82,406,146,30,9,175,29,29
"chr15.50",250,785,117,118,19,435,43,52
"chr15.51",329,1117,384,142,29,504,76,75
"chr15.53",133,492,137,37,14,253,57,39
"chr15.54",108,403,143,21,6,175,54,35
"chr15.55",139,491,146,41,12,292,65,30
"chr15.56",85,321,150,27,13,192,52,34
"chr15.57",94,556,192,24,22,259,58,34
"chr15.58",143,842,144,74,4,329,56,31
"chr15.59",131,599,177,35,12,259,48,32
"chr15.60",107,397,136,27,9,171,38,25
"chr15.61",93,430,135,29,14,165,34,22
"chr15.62",94,367,126,42,6,207,40,31
"chr15.63",104,435,125,18,8,240,42,25
"chr15.64",86,401,112,43,8,181,35,26
"chr15.65",92,451,169,33,8,288,46,32
"chr15.66",102,608,136,42,13,255,49,33
"chr15.67",104,518,142,40,14,274,42,29
"chr15.68",91,683,132,48,11,250,57,34
"chr15.70",118,506,173,42,9,316,42,31
"chr15.73",121,457,134,36,11,253,31,27
"chr15.74",155,417,157,42,7,272,33,21
"chr15.75",140,512,146,41,11,283,46,28
"chr15.76",168,557,174,53,12,278,44,43
"chr15.77",133,367,164,43,13,251,47,25
"chr15.78",119,526,154,65,16,337,30,31
"chr15.83",179,633,241,88,16,381,67,46
"chr15.84",417,1207,451,227,22,797,90,72
"chr15.85",345,1000,381,208,4,896,69,66
"chr15.86",132,567,156,56,13,330,49,34
"chr15.88",116,573,135,56,17,216,44,29
"chr15.89",152,687,203,65,18,278,44,35
"chr15.90",107,735,180,65,9,223,48,36
"chr15.91",110,1084,469,130,15,304,50,53
"chr15.92",241,1437,484,183,39,667,75,100
"chr15.93",208,837,206,167,49,500,90,96
"chr15.94",318,1564,412,195,65,938,128,70
"chr15.95",275,981,325,150,37,744,75,35
"chr15.96",110,361,214,53,20,273,54,31
"chr15.97",116,418,147,61,14,371,51,48
"chr15.98",116,616,126,64,30,255,43,36
"chr16.10",162,1084,153,50,25,476,58,46
"chr16.11",121,867,124,37,23,303,41,48
"chr16.12",56,351,95,38,9,216,32,23
"chr16.13",137,525,109,63,24,410,39,43
"chr16.14",200,1359,155,141,31,868,60,70
"chr16.18",217,867,278,110,19,854,49,45
"chr16.2",103,532,77,32,10,393,26,26
"chr16.20",80,509,147,39,10,245,61,23
"chr16.24",129,578,160,47,22,326,51,27
"chr16.25",186,668,213,88,27,482,45,67
"chr16.26",271,1002,289,148,40,712,50,52
"chr16.27",439,1445,291,200,52,1150,68,66
"chr16.28",166,493,154,66,19,504,50,30
"chr16.4",70,420,109,29,16,240,24,26
"chr16.45",244,512,156,56,11,393,26,28
"chr16.46",260,867,172,92,26,672,48,62
"chr16.47",202,584,160,71,4,537,44,34
"chr16.48",179,788,110,120,18,476,45,45
"chr16.49",230,1143,144,130,14,712,82,75
"chr16.5",67,342,87,34,15,198,38,24
"chr16.50",161,520,134,39,16,334,56,35
"chr16.51",113,362,115,59,8,241,32,37
"chr16.52",135,402,199,76,19,335,62,46
"chr16.53",165,464,139,102,7,431,48,57
"chr16.54",83,365,120,27,9,241,32,28
"chr16.55",87,378,71,35,7,256,32,28
"chr16.56",191,640,137,96,21,564,57,58
"chr16.57",444,492,364,196,36,1101,82,105
"chr16.58",593,777,474,274,36,1202,78,137
"chr16.59",549,1074,474,277,24,1123,114,140
"chr16.6",175,833,233,115,28,616,61,48
"chr16.60",582,1251,451,218,24,1463,133,142
"chr16.61",283,487,433,171,10,879,113,113
"chr16.62",297,636,430,232,18,803,95,96
"chr16.63",214,1299,257,164,20,635,52,64
"chr16.64",86,380,112,24,10,245,28,16
"chr16.69",126,528,114,42,7,284,30,46
"chr16.70",159,539,140,53,7,337,49,34
"chr16.71",190,876,237,97,14,655,43,53
"chr16.73",258,561,197,69,15,584,49,39
"chr16.74",398,840,252,148,27,862,46,92
"chr16.75",257,976,171,135,19,550,52,63
"chr16.76",172,333,142,126,15,405,56,75
"chr16.77",172,623,144,111,9,609,44,46
"chr16.78",197,566,114,71,23,355,38,37
"chr16.79",92,527,96,44,23,275,38,25
"chr16.8",272,1174,396,195,30,975,116,90
"chr16.80",176,647,284,167,19,571,54,56
"chr16.81",133,617,197,114,14,360,55,47
"chr16.82",83,342,120,29,12,210,42,23
"chr16.83",134,563,93,56,21,384,49,29
"chr16.84",213,542,160,68,23,603,36,60
"chr17.11",171,631,194,48,25,453,59,38
"chr17.12",146,612,223,56,10,406,90,35
"chr17.13",192,1049,223,65,41,368,76,24
"chr17.14",192,767,168,48,37,392,58,55
"chr17.15",140,700,149,69,17,394,82,57
"chr17.18",60,338,92,25,7,163,77,28
"chr17.24",115,446,121,35,12,243,46,22
"chr17.25",105,383,137,32,10,218,34,30
"chr17.29",196,838,335,87,24,618,63,36
"chr17.30",224,681,278,105,18,572,55,43
"chr17.31",117,495,187,56,14,300,31,33
"chr17.33",95,348,150,40,15,196,33,34
"chr17.36",98,377,157,74,18,220,18,20
"chr17.37",132,559,166,95,21,280,38,35
"chr17.44",162,538,166,41,24,363,49,36
"chr17.45",101,417,143,37,10,252,45,26
"chr17.46",69,368,143,41,12,162,39,30
"chr17.47",278,848,253,126,22,616,63,47
"chr17.48",495,1059,400,292,29,1085,80,71
"chr17.49",501,970,409,245,49,1179,94,109
"chr17.50",262,845,236,132,28,658,74,72
"chr17.51",230,962,171,68,13,476,59,44
"chr17.52",161,777,188,58,12,357,47,34
"chr17.53",91,383,160,46,9,227,38,33
"chr17.54",115,385,122,44,10,287,53,34
"chr17.57",120,410,165,49,13,307,42,25
"chr17.59",84,394,150,33,8,237,43,28
"chr17.6",117,556,150,56,12,313,45,26
"chr17.61",125,432,184,33,9,264,38,27
"chr17.62",100,369,156,38,9,275,41,33
"chr17.64",110,411,127,44,18,295,47,41
"chr17.65",128,497,258,81,12,543,46,41
"chr17.66",195,610,240,82,10,579,91,55
"chr17.67",195,490,302,47,8,554,81,33
"chr17.68",110,403,184,50,13,247,42,19
"chr17.69",132,516,207,52,9,401,42,32
"chr17.7",111,562,123,56,12,292,48,31
"chr17.70",110,548,133,55,19,289,41,42
"chr17.73",100,495,152,57,13,320,40,35
"chr17.74",96,488,168,47,11,287,37,23
"chr17.76",110,434,112,50,11,261,27,24
"chr17.9",94,395,89,47,15,228,116,36
"chr18.10",97,385,187,40,10,197,34,31
"chr18.11",136,453,234,97,19,467,51,37
"chr18.12",211,443,199,130,31,503,46,56
"chr18.14",213,580,143,75,15,527,45,28
"chr18.17",122,766,125,51,36,328,46,31
"chr18.18",62,375,126,21,11,163,49,19
"chr18.19",129,509,213,113,6,300,52,31
"chr18.2",372,1266,269,179,49,749,65,58
"chr18.20",297,543,485,176,10,644,58,49
"chr18.21",136,454,228,60,14,312,41,46
"chr18.22",184,566,219,195,17,595,70,74
"chr18.23",361,765,335,259,17,782,122,99
"chr18.24",456,932,537,232,26,844,113,86
"chr18.25",421,709,547,149,32,792,130,68
"chr18.26",119,834,174,23,20,351,79,32
"chr18.27",175,474,196,38,23,373,46,24
"chr18.28",223,800,333,96,19,688,63,47
"chr18.29",278,748,233,101,10,530,69,38
"chr18.3",174,799,219,56,27,367,56,31
"chr18.30",121,505,147,43,13,271,48,28
"chr18.31",92,415,207,58,13,290,52,37
"chr18.32",212,699,270,129,25,501,58,39
"chr18.33",271,1537,537,231,36,851,101,84
"chr18.34",223,1277,460,90,13,591,133,62
"chr18.35",276,1438,551,178,6,709,137,83
"chr18.36",260,1326,369,207,13,886,114,63
"chr18.37",280,655,238,86,19,686,75,48
"chr18.38",384,961,376,202,29,771,97,71
"chr18.39",203,868,305,154,21,677,49,51
"chr18.4",100,412,189,35,7,253,59,15
"chr18.40",168,747,164,92,17,527,38,41
"chr18.41",111,523,136,65,16,285,49,36
"chr18.42",170,860,179,49,12,343,45,26
"chr18.43",84,496,115,23,13,198,26,16
"chr18.44",104,538,144,37,6,261,37,22
"chr18.45",124,890,143,28,5,265,47,27
"chr18.46",227,751,269,66,15,506,50,39
"chr18.47",470,1163,430,107,29,694,83,46
"chr18.48",357,1341,474,126,16,503,71,52
"chr18.5",270,610,472,175,34,716,78,38
"chr18.50",121,1010,309,51,19,380,53,35
"chr18.51",169,1008,257,74,14,579,47,54
"chr18.52",178,786,126,22,15,407,41,28
"chr18.53",80,473,136,19,11,204,29,23
"chr18.54",147,707,252,46,29,330,40,41
"chr18.55",246,643,447,90,41,463,56,38
"chr18.56",266,1158,276,81,23,581,85,41
"chr18.57",126,525,121,22,19,234,38,25
"chr18.58",105,588,193,25,26,340,58,30
"chr18.59",347,1163,223,136,45,712,83,54
"chr18.6",335,567,291,223,50,634,61,47
"chr18.60",453,1032,481,174,68,864,135,69
"chr18.61",355,758,493,97,43,656,152,51
"chr18.62",337,942,220,129,18,568,108,64
"chr18.63",449,995,383,144,27,667,100,71
"chr18.64",369,907,231,109,31,690,89,58
"chr18.65",245,552,196,38,23,465,64,26
"chr18.66",531,795,458,151,60,1011,86,56
"chr18.67",518,829,419,180,57,911,96,64
"chr18.68",344,1040,340,120,47,537,114,76
"chr18.69",129,459,157,28,26,250,47,25
"chr18.7",166,701,242,234,26,388,54,49
"chr18.70",218,491,205,46,26,407,69,34
"chr18.71",241,598,256,73,23,400,94,47
"chr18.72",268,748,257,66,33,444,69,38
"chr18.73",258,936,369,121,22,584,77,66
"chr18.74",248,898,176,61,19,412,51,28
"chr18.8",209,378,272,183,27,500,81,64
"chr18.9",153,366,197,71,21,349,52,43
"chr19.26",623,653,347,257,33,1170,71,67
"chr19.27",316,578,208,117,24,816,71,42
"chr19.28",403,1023,346,236,23,1289,99,80
"chr19.29",364,1160,412,259,31,1094,92,59
"chr19.31",171,535,175,53,25,425,52,39
"chr19.32",159,552,132,46,13,284,34,27
"chr19.39",103,650,169,55,16,290,36,35
"chr19.48",175,646,182,48,19,396,54,43
"chr19.49",227,741,224,84,15,476,75,40
"chr19.54",315,887,233,157,21,716,74,54
"chr2.10",93,389,154,41,12,234,47,28
"chr2.100",130,776,194,32,29,321,46,17
"chr2.101",371,1209,359,168,18,982,95,53
"chr2.102",504,891,351,135,13,1043,89,68
"chr2.103",225,599,272,85,13,599,48,38
"chr2.105",260,1329,506,232,19,1022,100,66
"chr2.11",89,388,139,30,13,264,48,36
"chr2.114",714,1016,527,287,61,1287,129,93
"chr2.115",706,931,437,131,61,1341,120,75
"chr2.116",308,975,214,86,26,695,70,38
"chr2.117",270,991,207,99,21,571,74,43
"chr2.118",133,449,136,45,11,300,43,33
"chr2.119",114,491,204,47,8,319,57,35
"chr2.12",112,461,136,59,19,327,37,29
"chr2.120",315,498,296,134,23,626,58,53
"chr2.121",529,464,453,241,39,1045,105,117
"chr2.122",631,845,599,271,44,1380,117,88
"chr2.123",684,1016,476,243,43,1495,112,64
"chr2.124",574,670,390,268,54,1259,68,52
"chr2.125",230,581,168,64,37,557,41,38
"chr2.126",127,520,122,53,13,350,34,33
"chr2.127",255,1236,395,181,38,1140,57,66
"chr2.13",197,447,279,70,10,682,43,51
"chr2.131",202,481,181,79,4,584,79,44
"chr2.132",233,499,217,51,5,449,49,43
"chr2.134",246,551,256,60,20,494,51,45
"chr2.135",534,1652,467,243,37,805,58,78
"chr2.136",239,753,198,70,21,417,60,32
"chr2.137",604,1271,387,200,45,962,92,58
"chr2.138",709,1263,522,294,12,1258,126,74
"chr2.14",300,1113,485,118,24,1162,70,51
"chr2.140",394,623,314,198,18,967,95,71
"chr2.141",309,650,273,149,23,617,48,60
"chr2.142",312,354,353,103,13,561,54,56
"chr2.143",380,368,440,231,14,829,68,77
"chr2.144",307,537,339,179,18,819,64,96
"chr2.145",225,932,344,92,14,724,62,58
"chr2.146",187,540,230,49,15,359,34,33
"chr2.148",194,474,177,68,19,544,72,49
"chr2.149",178,354,214,68,18,530,72,49
"chr2.15",283,1222,485,154,22,1197,69,48
"chr2.151",293,921,379,156,20,700,66,57
"chr2.152",607,1408,456,211,21,1091,68,72
"chr2.153",528,912,265,97,37,979,77,64
"chr2.154",265,519,305,67,44,604,65,38
"chr2.155",197,648,265,60,22,476,41,33
"chr2.156",137,507,149,36,16,345,58,35
"chr2.157",89,359,182,30,11,202,43,33
"chr2.158",97,426,193,43,10,226,36,29
"chr2.159",140,546,267,46,12,329,40,32
"chr2.16",184,652,201,67,4,566,36,34
"chr2.160",338,689,282,81,17,495,57,42
"chr2.161",359,897,334,133,20,726,76,74
"chr2.162",299,573,308,189,19,597,91,78
"chr2.163",158,522,164,50,19,386,57,49
"chr2.164",193,524,220,77,22,340,58,51
"chr2.165",437,955,422,167,20,951,77,45
"chr2.166",206,495,278,55,16,532,56,31
"chr2.167",148,554,151,52,18,304,35,26
"chr2.168",127,378,188,43,7,244,38,34
"chr2.169",131,436,180,44,4,288,40,33
"chr2.170",111,453,162,47,11,340,45,29
"chr2.171",120,426,159,37,8,300,33,21
"chr2.172",104,471,207,45,6,326,50,16
"chr2.173",198,397,181,86,19,487,38,32
"chr2.174",281,570,250,113,20,623,65,40
"chr2.175",156,541,190,79,15,385,42,30
"chr2.176",177,494,171,66,10,422,54,36
"chr2.177",312,855,229,81,22,439,32,63
"chr2.178",292,800,220,92,28,572,51,43
"chr2.179",277,660,341,62,23,697,39,55
"chr2.18",163,914,194,114,25,785,49,48
"chr2.180",191,725,232,62,17,544,40,36
"chr2.181",231,623,194,93,17,468,49,29
"chr2.182",550,1075,368,217,31,1110,56,70
"chr2.183",606,1168,498,179,47,1251,69,82
"chr2.184",297,692,254,72,12,641,36,41
"chr2.185",242,829,287,77,26,622,45,56
"chr2.186",279,753,290,68,26,547,79,51
"chr2.187",193,646,296,92,25,512,58,60
"chr2.188",136,411,159,31,16,286,28,38
"chr2.189",100,324,166,45,26,178,27,29
"chr2.19",130,815,230,105,26,379,44,34
"chr2.190",202,765,221,79,34,388,66,29
"chr2.191",390,1235,377,101,66,879,80,63
"chr2.192",494,1400,482,137,71,1213,86,92
"chr2.193",460,1474,533,131,55,926,70,46
"chr2.194",194,709,279,64,16,383,36,25
"chr2.195",151,386,152,42,18,293,33,38
"chr2.196",243,551,320,137,20,626,54,45
"chr2.197",484,943,370,182,23,966,66,23
"chr2.198",170,379,186,56,13,404,46,30
"chr2.2",323,1308,397,296,19,792,80,74
"chr2.20",136,858,146,51,20,373,43,33
"chr2.200",135,389,164,45,13,286,44,28
"chr2.202",159,464,186,51,9,354,35,26
"chr2.203",162,352,213,68,12,320,68,40
"chr2.204",141,490,201,63,7,407,57,37
"chr2.205",176,510,231,125,10,457,47,43
"chr2.206",160,387,175,48,14,303,26,21
"chr2.208",222,436,250,81,12,481,51,56
"chr2.209",406,896,240,189,18,766,63,57
"chr2.21",87,332,121,54,5,237,30,19
"chr2.211",134,1048,294,94,11,450,59,59
"chr2.213",176,580,269,91,11,452,51,52
"chr2.214",156,409,163,81,20,319,36,45
"chr2.215",110,481,205,130,8,489,58,42
"chr2.216",90,504,154,76,15,206,24,38
"chr2.217",105,388,132,47,9,307,33,33
"chr2.218",121,965,341,109,14,497,56,59
"chr2.219",175,652,550,189,19,630,80,58
"chr2.22",313,835,170,227,17,732,64,47
"chr2.220",197,551,405,89,19,414,72,48
"chr2.221",136,421,258,66,10,344,65,45
"chr2.222",157,367,224,66,13,420,68,41
"chr2.223",247,531,258,109,18,448,57,52
"chr2.224",265,468,276,99,30,594,70,55
"chr2.225",153,468,191,36,7,304,44,34
"chr2.226",298,856,295,98,17,524,71,59
"chr2.227",301,1252,225,215,17,488,74,55
"chr2.228",156,834,187,88,8,377,42,37
"chr2.229",111,390,150,30,14,280,29,19
"chr2.23",437,871,317,248,30,1049,90,85
"chr2.232",128,564,147,42,19,308,59,28
"chr2.233",126,407,186,51,11,341,68,47
"chr2.234",114,400,176,39,10,303,88,32
"chr2.235",108,532,199,67,13,350,57,33
"chr2.236",81,406,119,50,8,269,47,26
"chr2.237",139,479,158,66,11,374,42,25
"chr2.238",178,746,196,77,12,554,50,55
"chr2.239",116,520,87,60,14,340,29,31
"chr2.24",209,475,144,89,10,606,56,36
"chr2.25",55,301,144,44,11,198,40,34
"chr2.26",78,341,164,51,8,259,37,29
"chr2.27",88,452,137,43,7,290,48,27
"chr2.28",93,376,120,42,18,268,34,31
"chr2.29",93,372,144,31,12,253,41,30
"chr2.3",343,1211,417,258,21,1057,84,75
"chr2.30",137,428,222,58,6,368,55,43
"chr2.31",140,569,233,47,10,401,49,38
"chr2.32",190,996,185,98,31,472,39,47
"chr2.34",219,490,188,74,15,578,38,34
"chr2.35",384,470,416,280,39,1056,73,63
"chr2.36",386,841,483,274,33,1051,82,78
"chr2.37",213,487,346,91,14,599,43,36
"chr2.38",128,311,167,53,17,231,40,22
"chr2.39",70,360,121,38,11,228,37,24
"chr2.40",83,359,121,33,8,231,38,22
"chr2.41",328,706,411,148,15,943,48,51
"chr2.42",355,510,339,151,14,808,70,53
"chr2.43",105,413,162,36,10,251,44,27
"chr2.44",113,412,132,41,6,257,41,24
"chr2.45",153,363,152,57,7,325,42,26
"chr2.46",149,458,172,40,8,344,42,27
"chr2.47",78,289,141,25,8,211,43,21
"chr2.48",129,498,122,44,10,230,45,24
"chr2.49",256,567,178,69,14,497,50,31
"chr2.5",491,1143,560,253,48,1043,95,86
"chr2.50",603,981,432,303,15,1117,95,73
"chr2.51",409,876,470,250,8,1199,95,81
"chr2.52",417,1421,391,293,11,1118,107,108
"chr2.53",437,655,339,278,10,1162,96,80
"chr2.54",369,455,327,109,15,690,48,53
"chr2.55",119,285,155,46,6,230,30,17
"chr2.56",113,386,160,40,9,263,28,33
"chr2.57",290,900,319,219,28,561,77,71
"chr2.58",537,844,320,199,44,1118,61,89
"chr2.59",343,626,310,91,28,692,46,48
"chr2.60",375,1025,460,154,48,977,62,59
"chr2.61",216,685,276,64,44,631,40,47
"chr2.62",125,336,153,36,10,270,46,31
"chr2.63",119,351,126,40,16,313,41,39
"chr2.64",143,387,180,54,15,323,46,37
"chr2.65",117,345,173,34,7,215,23,25
"chr2.66",117,472,149,55,10,237,45,31
"chr2.67",196,841,275,109,19,602,54,45
"chr2.68",173,702,292,72,25,558,50,56
"chr2.69",168,425,174,49,16,421,45,50
"chr2.7",555,1248,472,147,33,890,62,71
"chr2.70",107,295,174,48,9,244,42,38
"chr2.71",68,454,158,34,15,243,42,36
"chr2.72",176,548,166,51,18,438,53,45
"chr2.73",166,495,177,80,21,431,51,36
"chr2.74",150,451,128,57,14,304,49,36
"chr2.75",112,365,132,39,11,226,33,30
"chr2.76",180,647,176,64,31,314,46,39
"chr2.77",571,1157,396,212,48,960,89,82
"chr2.78",706,718,512,200,35,1155,149,106
"chr2.79",882,506,621,263,45,1533,137,84
"chr2.8",249,430,288,145,15,536,48,52
"chr2.80",912,672,575,226,19,1622,126,63
"chr2.81",748,721,539,266,15,1296,96,61
"chr2.82",749,1418,636,272,41,1370,127,89
"chr2.83",904,1529,499,201,50,1280,134,67
"chr2.84",741,1172,292,253,54,1216,90,70
"chr2.85",359,939,268,126,20,708,53,34
"chr2.86",108,392,143,38,11,217,48,21
"chr2.87",105,412,136,36,8,242,28,23
"chr2.9",193,532,156,39,12,492,42,24
"chr2.96",165,510,177,48,6,299,41,26
"chr2.97",133,446,173,60,13,279,46,24
"chr2.98",238,484,169,71,15,392,66,46
"chr2.99",121,435,181,34,17,324,62,23
"chr20.10",229,1156,412,45,39,639,60,39
"chr20.11",159,677,160,48,10,440,54,39
"chr20.12",218,629,336,53,9,672,104,39
"chr20.13",443,1009,295,112,19,695,91,64
"chr20.14",205,533,156,75,26,310,54,42
"chr20.17",266,608,243,84,23,417,57,36
"chr20.18",190,456,207,56,22,323,59,32
"chr20.19",186,699,207,50,16,350,49,40
"chr20.2",172,695,165,81,10,385,23,31
"chr20.20",167,857,266,46,13,338,51,37
"chr20.21",195,676,190,71,16,389,46,38
"chr20.22",297,991,224,121,18,635,51,46
"chr20.23",248,1185,233,67,29,508,77,34
"chr20.24",258,745,279,118,18,486,64,48
"chr20.25",251,1242,255,108,19,542,60,43
"chr20.28",136,467,140,48,17,295,33,25
"chr20.29",117,567,147,49,12,278,44,38
"chr20.3",140,556,148,59,16,382,30,41
"chr20.33",109,494,157,63,16,269,36,28
"chr20.34",132,527,148,58,13,306,30,37
"chr20.35",221,660,269,168,21,602,38,62
"chr20.36",168,999,228,178,25,513,57,61
"chr20.37",110,641,174,58,17,227,34,34
"chr20.38",221,1790,357,230,21,662,70,70
"chr20.39",171,1370,244,146,23,485,45,48
"chr20.40",152,764,170,57,15,373,50,33
"chr20.41",116,607,149,40,15,301,45,35
"chr20.42",115,525,178,71,11,328,40,42
"chr20.43",89,703,168,58,13,292,34,48
"chr20.44",189,834,215,68,14,682,35,49
"chr20.45",96,481,148,42,5,261,40,37
"chr20.46",94,441,132,48,18,239,38,27
"chr20.47",97,514,174,54,12,320,49,33
"chr20.48",147,925,185,74,18,436,52,46
"chr20.49",170,1099,162,72,26,507,37,66
"chr20.5",156,715,220,64,16,356,47,40
"chr20.50",153,649,258,86,15,396,42,48
"chr20.51",299,1360,348,200,28,967,65,82
"chr20.52",220,908,241,175,27,661,61,60
"chr20.53",134,606,175,61,18,451,42,35
"chr20.54",158,609,184,65,13,460,38,36
"chr20.55",196,692,282,92,15,557,56,52
"chr20.56",204,854,372,179,23,420,50,68
"chr20.57",263,1050,384,214,22,817,71,95
"chr20.59",184,768,91,80,26,424,38,40
"chr20.6",176,729,169,53,8,345,34,31
"chr20.7",237,1309,247,54,19,404,61,47
"chr20.8",336,1039,201,138,21,682,65,69
"chr20.9",265,950,322,66,17,614,76,54
"chr21.14",169,636,163,30,22,313,59,28
"chr21.15",191,1031,210,146,7,465,83,51
"chr21.17",409,779,398,154,39,718,85,69
"chr21.18",663,861,574,190,53,1035,105,109
"chr21.19",638,1247,557,194,40,766,153,104
"chr21.20",619,654,382,231,23,774,110,89
"chr21.21",622,1106,386,208,62,1062,115,85
"chr21.22",564,1381,548,220,59,1108,111,101
"chr21.23",564,1381,528,211,38,1005,60,90
"chr21.24",342,965,287,129,25,646,42,71
"chr21.25",143,755,255,119,14,614,76,34
"chr21.26",260,547,374,209,19,672,86,62
"chr21.27",147,695,180,92,18,512,59,41
"chr21.28",138,434,162,51,6,377,45,24
"chr21.29",273,443,434,179,24,804,59,61
"chr21.30",127,445,223,84,16,462,51,42
"chr21.31",103,466,165,32,5,248,42,31
"chr21.32",78,431,149,26,15,215,45,28
"chr21.33",86,535,128,22,19,224,46,35
"chr21.35",87,424,137,32,11,232,34,36
"chr21.36",106,588,161,36,9,229,55,28
"chr21.37",71,971,216,50,21,230,67,38
"chr21.38",82,685,175,41,12,266,50,33
"chr21.39",199,1335,356,86,9,421,98,53
"chr21.41",95,587,117,28,16,251,43,31
"chr21.43",124,584,110,46,22,316,43,30
"chr21.44",146,629,90,53,25,294,46,46
"chr22.16",128,422,106,30,11,235,28,26
"chr22.20",173,614,143,65,28,333,222,29
"chr22.23",153,788,230,78,17,398,44,36
"chr22.24",183,867,174,74,12,453,34,31
"chr22.25",108,444,139,56,9,258,48,39
"chr22.27",74,449,125,22,10,177,30,16
"chr22.30",190,483,156,58,12,314,38,34
"chr22.31",228,868,212,92,28,478,62,50
"chr22.32",179,873,189,98,13,422,52,26
"chr22.33",95,439,129,27,9,184,41,26
"chr22.34",126,623,124,38,15,306,38,22
"chr22.36",118,488,120,40,12,259,31,24
"chr22.37",99,471,172,33,12,241,38,35
"chr22.40",102,534,115,38,11,281,44,33
"chr22.41",143,602,146,49,16,311,30,36
"chr22.42",119,533,133,50,14,330,49,34
"chr22.43",62,425,100,41,13,165,32,20
"chr22.44",157,655,156,60,14,305,40,44
"chr22.45",318,935,310,128,20,612,47,49
"chr22.46",316,851,223,144,29,642,51,67
"chr3.10",90,500,147,21,10,221,47,34
"chr3.100",555,1328,426,215,52,962,91,95
"chr3.101",518,975,404,220,50,814,73,95
"chr3.102",263,643,262,105,37,454,66,63
"chr3.103",233,770,387,69,18,620,49,62
"chr3.104",241,710,280,87,13,496,55,52
"chr3.105",196,712,241,37,14,351,34,31
"chr3.107",463,817,261,80,42,736,92,56
"chr3.108",279,782,210,48,20,560,48,37
"chr3.109",169,575,285,41,15,388,35,40
"chr3.11",110,677,146,54,11,309,38,35
"chr3.110",144,428,216,62,13,337,30,40
"chr3.111",198,475,207,46,9,340,50,41
"chr3.112",288,593,217,68,6,683,44,46
"chr3.113",454,469,452,109,12,1140,75,61
"chr3.115",590,1170,375,277,10,1290,68,82
"chr3.116",272,590,234,76,9,562,44,54
"chr3.117",167,418,167,39,8,307,46,18
"chr3.119",119,943,172,59,21,311,33,25
"chr3.12",64,599,190,25,11,238,52,22
"chr3.120",156,451,152,37,10,288,39,18
"chr3.121",208,600,155,57,6,410,61,44
"chr3.122",160,565,142,48,14,289,68,27
"chr3.124",199,690,164,50,9,403,35,37
"chr3.125",141,474,148,34,4,251,41,36
"chr3.126",121,481,138,42,16,245,52,29
"chr3.128",154,671,257,67,11,353,50,45
"chr3.129",196,841,291,64,18,396,44,48
"chr3.13",84,573,159,21,22,268,44,38
"chr3.131",126,507,157,50,7,321,41,31
"chr3.132",332,729,232,160,27,829,49,60
"chr3.135",192,599,200,43,15,362,61,40
"chr3.136",179,856,149,63,21,525,57,37
"chr3.137",261,822,313,190,15,756,52,48
"chr3.138",155,559,191,58,17,371,35,20
"chr3.139",144,397,132,39,9,307,40,22
"chr3.14",93,608,148,47,10,342,37,28
"chr3.140",196,512,252,47,14,506,43,41
"chr3.141",253,854,243,198,14,793,62,57
"chr3.142",544,1322,433,198,31,1181,122,108
"chr3.143",341,683,228,114,22,742,99,50
"chr3.144",770,832,459,228,35,1224,101,89
"chr3.145",578,934,334,146,23,945,69,49
"chr3.146",179,409,171,40,14,271,41,44
"chr3.147",142,404,149,49,7,279,35,30
"chr3.148",207,751,152,67,16,429,54,58
"chr3.149",170,458,193,37,17,366,39,43
"chr3.15",92,587,148,42,27,314,55,31
"chr3.150",206,559,297,84,20,565,72,45
"chr3.151",346,721,281,96,22,556,59,77
"chr3.152",332,738,249,102,25,465,53,31
"chr3.153",238,659,225,40,10,345,54,50
"chr3.154",275,538,201,51,8,357,39,35
"chr3.156",423,1232,228,115,25,588,56,57
"chr3.157",270,614,172,46,9,335,49,43
"chr3.158",285,901,224,68,6,539,71,43
"chr3.159",590,1465,530,205,16,946,117,73
"chr3.16",88,515,157,45,13,240,28,43
"chr3.160",764,1243,457,280,26,1204,123,124
"chr3.161",724,889,409,262,35,1269,122,86
"chr3.162",573,802,248,185,16,1089,166,63
"chr3.163",493,1235,444,252,25,963,135,86
"chr3.164",376,1092,378,175,26,797,86,68
"chr3.165",294,737,271,62,7,540,72,36
"chr3.166",192,1229,380,37,29,319,62,32
"chr3.167",211,524,124,44,18,355,42,34
"chr3.168",217,559,153,35,10,415,56,35
"chr3.169",148,458,169,40,11,269,46,40
"chr3.17",153,595,158,59,11,361,50,45
"chr3.170",389,724,408,93,13,673,85,66
"chr3.171",436,424,329,83,7,605,97,66
"chr3.173",374,1021,328,144,25,784,76,51
"chr3.174",191,531,197,55,8,301,61,43
"chr3.175",285,714,259,69,11,531,58,48
"chr3.176",273,580,202,78,15,424,35,58
"chr3.177",601,969,365,150,12,871,69,84
"chr3.178",297,672,258,110,16,632,59,60
"chr3.179",243,606,285,37,8,442,49,38
"chr3.18",141,506,170,32,16,357,39,41
"chr3.180",167,388,165,32,13,237,60,37
"chr3.181",148,514,156,44,15,259,40,27
"chr3.182",168,418,196,39,17,229,33,38
"chr3.183",145,511,168,35,7,328,34,35
"chr3.184",185,550,131,59,16,393,103,43
"chr3.185",179,400,174,38,17,258,125,23
"chr3.186",140,875,146,29,13,291,67,49
"chr3.187",127,860,171,38,17,268,65,35
"chr3.188",404,1017,210,90,21,669,75,82
"chr3.189",466,1413,316,148,12,658,56,66
"chr3.19",163,989,389,66,28,642,71,54
"chr3.190",185,731,281,74,9,328,62,39
"chr3.191",149,449,135,31,9,299,46,30
"chr3.2",428,735,559,199,51,792,100,87
"chr3.20",243,964,404,67,16,781,69,58
"chr3.21",192,1076,195,133,7,566,72,60
"chr3.22",287,1621,361,182,34,914,96,124
"chr3.23",262,1184,367,194,34,787,73,74
"chr3.24",113,496,223,65,11,338,46,52
"chr3.25",84,727,162,47,13,281,64,45
"chr3.26",106,542,258,44,12,437,60,37
"chr3.28",115,550,283,63,23,340,74,34
"chr3.29",119,710,326,91,10,390,79,47
"chr3.3",377,907,428,212,55,597,80,77
"chr3.30",91,542,344,117,21,331,96,53
"chr3.31",86,609,242,28,15,282,51,26
"chr3.32",79,504,242,29,15,240,56,28
"chr3.33",66,484,151,29,24,166,34,22
"chr3.34",94,542,171,31,10,206,46,33
"chr3.35",224,1573,392,110,13,632,58,33
"chr3.36",201,939,229,151,23,725,92,73
"chr3.37",158,1443,253,171,7,449,53,64
"chr3.38",58,389,170,39,9,177,42,26
"chr3.39",101,770,148,43,15,303,42,26
"chr3.4",222,1063,291,109,22,528,58,54
"chr3.40",115,752,161,38,18,313,55,30
"chr3.41",142,604,174,37,9,325,46,38
"chr3.42",109,545,176,40,14,281,49,24
"chr3.43",85,448,162,23,17,254,36,29
"chr3.44",114,476,170,30,14,313,33,23
"chr3.45",92,460,161,38,10,272,26,41
"chr3.46",37,423,155,27,13,164,29,22
"chr3.47",91,639,126,27,8,268,30,28
"chr3.5",101,521,154,52,8,273,25,32
"chr3.51",74,696,161,38,4,209,22,31
"chr3.53",32,405,140,31,9,159,34,22
"chr3.54",49,497,137,35,7,174,43,31
"chr3.55",99,1326,313,109,32,450,79,43
"chr3.56",87,1128,263,133,16,330,59,41
"chr3.57",82,957,259,72,14,235,43,40
"chr3.6",224,1050,304,58,33,698,64,41
"chr3.60",122,635,236,51,26,376,62,29
"chr3.62",111,513,167,31,14,331,69,20
"chr3.63",143,432,301,41,19,378,70,20
"chr3.64",123,589,326,53,32,336,71,24
"chr3.65",83,499,277,52,7,254,71,30
"chr3.66",90,944,177,36,10,270,94,37
"chr3.68",132,858,191,45,18,397,46,36
"chr3.69",233,1599,265,129,30,604,56,44
"chr3.7",368,1121,439,152,41,955,94,60
"chr3.70",66,366,220,40,11,243,64,36
"chr3.71",154,688,368,89,36,523,70,36
"chr3.72",87,550,195,34,11,245,50,29
"chr3.73",106,486,148,22,8,368,57,33
"chr3.74",190,546,315,97,14,649,68,41
"chr3.75",257,834,353,157,31,790,118,63
"chr3.78",196,761,444,142,23,592,123,63
"chr3.79",124,878,364,151,19,462,155,75
"chr3.8",234,1091,333,94,19,747,86,67
"chr3.80",229,750,412,161,35,732,118,65
"chr3.81",383,1331,494,104,71,1058,151,63
"chr3.82",233,907,233,107,22,504,92,38
"chr3.83",298,747,391,217,16,692,113,73
"chr3.84",430,575,523,215,22,1105,165,125
"chr3.85",523,896,559,199,22,1145,168,112
"chr3.87",468,1360,529,192,28,1021,136,98
"chr3.88",302,1141,416,79,33,662,75,44
"chr3.89",325,881,445,166,31,764,79,67
"chr3.9",130,673,183,68,12,373,66,43
"chr3.90",401,930,479,136,31,1053,125,70
"chr3.91",428,1015,158,141,29,871,94,67
"chr3.92",674,983,545,188,47,1183,114,73
"chr3.93",787,1106,648,229,61,1424,110,111
"chr3.94",434,1358,522,205,53,987,74,73
"chr3.95",272,690,248,91,25,545,50,54
"chr3.96",293,1035,363,195,16,603,47,80
"chr3.97",163,470,145,43,11,310,46,22
"chr3.98",163,494,214,75,19,415,45,27
"chr3.99",245,884,208,66,24,508,51,49
"chr4.100",129,535,185,38,14,279,42,49
"chr4.102",249,1138,276,107,30,635,58,64
"chr4.103",127,726,170,38,16,337,43,32
"chr4.104",115,769,203,72,28,421,54,39
"chr4.105",174,1018,254,119,33,548,79,46
"chr4.106",122,404,174,57,12,399,60,40
"chr4.107",131,447,144,77,8,502,55,47
"chr4.108",209,851,140,61,24,508,50,27
"chr4.109",301,1190,276,164,57,942,88,46
"chr4.11",148,470,258,76,16,460,57,31
"chr4.110",154,523,194,43,32,433,64,28
"chr4.111",179,365,157,71,6,502,58,37
"chr4.112",133,622,235,62,13,488,56,34
"chr4.113",356,991,423,119,39,867,101,48
"chr4.114",514,1191,403,180,65,1076,113,83
"chr4.115",444,1275,333,183,55,898,119,74
"chr4.118",252,764,282,98,11,599,57,58
"chr4.119",228,660,343,90,15,476,40,40
"chr4.12",213,778,416,55,25,529,73,28
"chr4.120",201,645,230,74,14,454,43,41
"chr4.121",107,459,147,42,12,309,55,31
"chr4.122",129,430,228,49,12,366,99,45
"chr4.123",150,656,280,113,22,415,119,80
"chr4.124",302,1013,406,204,19,648,128,117
"chr4.125",297,817,345,207,15,639,93,80
"chr4.127",249,561,220,107,24,565,76,52
"chr4.128",524,1216,277,263,48,1131,126,86
"chr4.129",500,1186,457,291,51,1194,147,138
"chr4.13",319,914,312,156,33,765,74,58
"chr4.131",551,960,594,230,19,1328,170,105
"chr4.132",476,1052,551,258,22,1149,208,103
"chr4.133",631,1291,539,228,34,1332,167,126
"chr4.134",595,1248,558,237,32,1364,160,99
"chr4.135",351,1208,477,221,31,985,116,82
"chr4.136",144,752,338,79,9,504,65,42
"chr4.137",81,553,120,47,11,242,34,28
"chr4.138",88,475,136,39,11,249,45,22
"chr4.139",227,584,216,73,20,550,40,40
"chr4.14",229,315,157,123,16,548,39,56
"chr4.140",220,491,294,53,19,615,65,28
"chr4.141",174,564,210,67,7,436,43,24
"chr4.144",147,751,220,69,15,388,47,43
"chr4.145",126,904,279,72,20,362,55,38
"chr4.146",109,454,185,41,7,265,87,36
"chr4.147",201,718,242,66,20,486,126,42
"chr4.148",108,488,240,44,17,327,58,30
"chr4.149",68,514,131,43,15,222,49,30
"chr4.15",244,421,174,107,16,525,56,65
"chr4.150",95,492,164,30,8,334,40,23
"chr4.151",81,357,162,37,12,194,29,33
"chr4.152",158,736,155,125,28,544,56,50
"chr4.153",213,948,225,172,36,527,72,57
"chr4.154",182,677,232,176,29,534,124,61
"chr4.155",194,770,271,144,17,495,124,72
"chr4.156",218,819,230,67,18,470,71,40
"chr4.157",122,718,146,99,25,378,51,33
"chr4.158",305,1158,352,218,73,945,72,55
"chr4.159",342,1107,308,220,56,1034,128,77
"chr4.16",119,417,161,71,16,319,51,32
"chr4.160",401,1098,371,115,34,982,113,78
"chr4.161",394,1237,311,120,36,1049,53,36
"chr4.162",334,1480,397,247,24,1054,64,79
"chr4.163",166,1045,185,105,29,490,74,60
"chr4.164",291,1462,339,175,52,905,108,70
"chr4.165",230,1274,329,174,57,882,131,65
"chr4.166",137,887,198,52,13,570,82,39
"chr4.167",53,378,127,38,9,234,50,34
"chr4.168",270,969,224,72,39,816,56,38
"chr4.169",380,634,470,213,52,1141,92,92
"chr4.17",247,755,207,77,12,592,42,45
"chr4.170",359,583,465,137,36,996,96,73
"chr4.171",176,783,266,39,8,526,52,40
"chr4.172",217,826,269,65,30,649,86,36
"chr4.173",315,1331,347,153,20,706,77,81
"chr4.174",361,798,324,163,9,838,62,88
"chr4.175",251,825,281,146,30,717,60,43
"chr4.176",487,920,297,183,62,1209,131,72
"chr4.177",558,733,445,264,60,1602,166,117
"chr4.178",514,366,549,244,66,1398,170,105
"chr4.179",489,746,452,243,41,1473,143,80
"chr4.18",233,666,176,97,15,560,47,40
"chr4.180",292,794,269,177,39,838,98,60
"chr4.181",105,437,124,33,23,373,44,37
"chr4.182",77,472,105,52,19,225,45,28
"chr4.183",75,335,124,50,8,272,40,28
"chr4.184",149,702,121,52,21,374,74,42
"chr4.185",166,910,272,133,54,613,123,45
"chr4.187",541,1290,260,242,75,1476,143,108
"chr4.19",427,893,409,141,39,684,66,53
"chr4.20",362,985,569,234,52,629,106,87
"chr4.21",320,848,373,184,57,544,85,60
"chr4.22",405,1258,451,197,42,865,98,66
"chr4.23",300,814,209,86,22,747,61,36
"chr4.24",245,564,204,56,25,548,64,36
"chr4.25",154,486,174,47,11,355,55,32
"chr4.26",86,427,166,27,6,183,30,19
"chr4.27",97,405,182,36,13,276,57,32
"chr4.28",278,884,393,192,50,702,76,69
"chr4.29",407,983,508,251,60,1122,101,96
"chr4.3",88,322,114,36,12,219,24,22
"chr4.30",426,758,548,243,91,1083,170,92
"chr4.31",273,504,655,184,62,825,163,74
"chr4.32",277,510,570,122,34,744,126,75
"chr4.33",330,826,389,274,30,722,141,84
"chr4.34",446,1037,459,275,49,1066,166,110
"chr4.35",450,903,447,227,49,882,149,91
"chr4.36",344,1036,453,212,40,683,105,77
"chr4.37",278,890,330,79,12,598,60,34
"chr4.38",222,714,172,55,16,436,55,26
"chr4.39",102,514,131,36,10,299,32,13
"chr4.42",134,736,193,49,16,287,56,23
"chr4.43",304,988,307,86,28,433,40,50
"chr4.44",551,1570,538,168,21,1007,93,89
"chr4.45",568,1308,454,190,14,1061,85,71
"chr4.46",779,1570,522,159,42,1236,134,81
"chr4.47",698,1260,487,159,45,1300,98,43
"chr4.48",278,698,233,112,26,600,48,28
"chr4.49",140,552,108,43,14,307,45,19
"chr4.52",234,486,240,79,13,523,42,44
"chr4.53",224,540,324,43,23,431,51,47
"chr4.54",188,360,248,41,6,430,54,31
"chr4.56",629,1019,476,261,33,1099,104,99
"chr4.58",534,854,487,251,47,1019,135,130
"chr4.59",349,767,495,98,12,963,149,114
"chr4.6",200,480,298,147,18,410,68,66
"chr4.60",410,537,500,227,19,1236,130,80
"chr4.61",599,514,527,268,53,1428,145,111
"chr4.62",500,945,515,204,39,1200,133,119
"chr4.63",479,493,444,243,23,986,126,106
"chr4.64",432,959,499,277,29,895,117,104
"chr4.65",242,661,308,164,27,732,52,60
"chr4.66",143,790,144,82,32,524,41,32
"chr4.68",221,714,205,49,38,524,56,35
"chr4.69",204,479,119,36,16,334,42,31
"chr4.7",90,563,143,42,12,318,38,25
"chr4.70",286,666,218,138,34,579,67,52
"chr4.71",145,638,216,46,19,341,51,38
"chr4.74",92,385,112,22,12,201,44,30
"chr4.75",115,604,143,37,15,290,40,23
"chr4.76",105,523,188,47,28,307,43,30
"chr4.77",162,609,266,86,36,380,46,55
"chr4.78",161,956,291,62,34,400,52,41
"chr4.79",188,706,216,68,40,406,64,37
"chr4.8",80,571,101,54,7,223,60,46
"chr4.80",123,573,147,41,14,363,51,31
"chr4.81",95,480,133,29,25,281,34,22
"chr4.82",261,665,295,99,28,566,50,41
"chr4.83",148,457,281,78,11,413,65,46
"chr4.84",99,445,226,78,13,315,50,32
"chr4.85",99,427,116,51,12,243,38,49
"chr4.86",138,409,104,56,14,356,38,25
"chr4.87",145,317,182,43,21,446,41,31
"chr4.88",196,566,405,58,41,528,72,45
"chr4.89",256,1037,451,82,47,597,113,58
"chr4.90",352,1200,348,118,28,823,113,58
"chr4.92",185,774,209,56,21,555,57,35
"chr4.93",178,382,310,102,12,548,112,60
"chr4.94",338,675,436,171,45,1067,136,102
"chr4.95",393,1037,284,209,44,1108,95,75
"chr4.96",159,553,145,72,22,433,58,51
"chr4.97",94,666,142,46,18,343,55,35
"chr4.98",143,753,247,68,21,437,52,49
"chr4.99",133,624,195,40,26,354,46,49
"chr5.10",367,797,239,103,11,876,75,31
"chr5.100",176,616,310,71,22,551,81,51
"chr5.101",425,722,565,168,29,969,145,53
"chr5.102",397,939,568,202,42,947,112,96
"chr5.103",259,731,595,115,24,560,100,86
"chr5.104",122,381,390,42,17,234,61,45
"chr5.105",161,399,192,61,18,330,50,45
"chr5.106",194,554,155,63,13,455,43,39
"chr5.107",192,893,197,176,17,672,71,73
"chr5.108",171,827,215,105,21,420,68,47
"chr5.109",95,551,206,52,10,224,41,51
"chr5.11",244,736,189,50,15,568,59,38
"chr5.110",133,703,228,107,10,415,48,38
"chr5.111",342,1011,384,151,16,668,73,57
"chr5.112",163,463,137,34,19,318,42,29
"chr5.113",138,368,240,88,8,529,59,44
"chr5.114",270,628,509,146,25,904,98,57
"chr5.115",246,464,285,107,26,501,58,64
"chr5.116",153,775,239,69,33,422,59,45
"chr5.117",277,781,506,189,58,795,89,63
"chr5.118",220,422,522,102,28,808,95,76
"chr5.119",114,927,206,72,3,341,75,32
"chr5.12",617,1216,379,221,7,1180,103,82
"chr5.120",95,554,253,33,8,376,44,32
"chr5.121",114,386,252,24,5,300,66,31
"chr5.122",106,411,266,26,6,292,63,49
"chr5.124",94,409,278,42,14,347,51,25
"chr5.125",222,622,471,82,25,628,66,44
"chr5.126",196,566,352,140,23,514,58,65
"chr5.128",103,409,161,34,12,256,52,40
"chr5.129",69,294,165,25,10,175,31,30
"chr5.13",816,1546,522,299,33,1454,87,80
"chr5.130",67,375,205,45,3,247,48,31
"chr5.132",66,511,161,36,10,306,54,30
"chr5.133",100,940,286,104,20,478,62,45
"chr5.134",97,487,230,79,14,374,49,42
"chr5.137",91,498,156,49,12,270,45,30
"chr5.138",126,462,174,50,12,331,43,40
"chr5.139",78,392,152,29,12,211,43,28
"chr5.14",480,1474,304,166,27,798,90,52
"chr5.140",96,400,172,51,8,279,38,38
"chr5.141",196,988,411,154,20,620,73,42
"chr5.142",139,610,288,39,18,458,76,35
"chr5.143",106,375,241,69,5,414,70,38
"chr5.144",121,434,219,48,10,305,76,47
"chr5.145",91,692,171,59,11,299,59,25
"chr5.146",58,300,165,24,19,213,40,28
"chr5.147",75,373,129,46,10,273,31,23
"chr5.148",70,425,190,39,16,300,42,37
"chr5.15",140,576,184,46,10,377,67,32
"chr5.150",208,1068,349,184,28,662,65,60
"chr5.151",72,322,155,41,13,255,47,23
"chr5.153",318,294,392,134,56,1122,45,70
"chr5.154",168,496,166,47,14,411,22,43
"chr5.155",178,512,194,86,37,495,55,65
"chr5.156",106,514,279,84,33,289,56,42
"chr5.157",120,419,339,41,36,287,46,33
"chr5.158",189,919,582,85,61,629,109,51
"chr5.159",406,786,470,191,52,1035,124,75
"chr5.16",275,707,310,147,15,1043,87,52
"chr5.160",310,648,255,139,41,723,94,59
"chr5.161",425,478,555,229,29,1035,136,93
"chr5.162",491,482,584,183,43,1339,154,94
"chr5.163",365,680,438,256,46,1125,173,109
"chr5.164",182,949,282,201,29,772,127,60
"chr5.165",117,611,168,46,13,438,61,45
"chr5.166",172,797,381,116,19,565,51,58
"chr5.167",153,519,350,84,12,455,54,51
"chr5.168",110,483,229,45,31,328,55,33
"chr5.169",61,370,125,31,23,211,57,25
"chr5.17",332,844,322,84,30,831,76,41
"chr5.170",88,380,154,46,13,271,37,29
"chr5.171",167,510,269,59,23,521,63,46
"chr5.19",659,759,600,245,72,1089,94,91
"chr5.2",374,1069,147,111,36,650,34,33
"chr5.20",788,1085,676,242,83,1329,133,126
"chr5.23",717,1131,540,214,67,1641,161,127
"chr5.24",947,1351,284,266,74,1562,152,126
"chr5.25",1139,1302,456,251,25,1832,159,123
"chr5.26",914,1194,550,283,64,1445,153,131
"chr5.27",802,1408,562,259,65,1654,132,142
"chr5.28",514,1323,654,229,65,1487,176,119
"chr5.29",586,1495,624,263,89,1129,139,123
"chr5.3",517,1345,508,166,51,1087,91,78
"chr5.30",969,1334,630,233,74,1751,163,119
"chr5.31",599,1302,485,254,36,1406,103,98
"chr5.32",242,559,298,83,9,613,58,47
"chr5.33",206,599,197,73,19,517,41,34
"chr5.34",375,788,236,118,33,899,63,68
"chr5.36",370,902,175,77,14,764,86,43
"chr5.37",173,675,187,63,12,507,40,40
"chr5.39",245,1012,256,91,24,485,69,48
"chr5.4",551,1042,609,275,41,1254,101,121
"chr5.40",242,686,238,68,29,639,69,38
"chr5.41",322,910,239,44,43,688,68,37
"chr5.42",428,1028,253,72,46,901,73,50
"chr5.43",310,1130,198,130,23,845,55,56
"chr5.45",635,748,333,181,46,924,102,64
"chr5.46",1021,1124,312,252,65,1450,116,90
"chr5.48",329,1138,484,110,61,831,90,53
"chr5.49",170,672,278,100,46,427,95,40
"chr5.5",520,996,542,265,55,1102,102,123
"chr5.50",137,438,183,53,18,406,60,31
"chr5.51",139,530,184,50,19,331,39,42
"chr5.52",94,453,155,33,16,218,46,30
"chr5.53",105,405,182,32,14,280,33,23
"chr5.54",101,527,190,42,21,402,42,38
"chr5.55",148,586,251,32,24,389,67,24
"chr5.57",135,438,308,34,16,343,35,30
"chr5.58",102,537,228,45,12,328,48,39
"chr5.6",472,1032,296,193,41,1072,61,83
"chr5.60",403,1177,358,209,24,736,102,79
"chr5.61",131,674,203,91,12,367,73,53
"chr5.62",126,686,178,48,8,303,30,32
"chr5.63",71,631,179,53,12,253,50,47
"chr5.64",116,489,161,43,11,353,59,32
"chr5.65",110,545,143,46,8,273,55,32
"chr5.69",72,389,178,36,13,216,47,25
"chr5.7",306,959,199,102,17,940,67,45
"chr5.70",63,460,174,16,12,226,52,23
"chr5.71",89,489,159,18,8,225,70,28
"chr5.73",179,635,163,33,20,474,60,22
"chr5.74",140,533,156,44,14,380,43,31
"chr5.76",78,425,160,37,11,288,39,31
"chr5.78",87,434,176,36,6,268,43,50
"chr5.79",119,539,211,54,8,384,51,43
"chr5.8",416,652,380,138,21,1039,83,77
"chr5.80",200,536,361,65,12,565,54,47
"chr5.81",253,636,515,186,40,874,119,95
"chr5.82",457,902,384,217,66,1065,111,94
"chr5.83",417,802,419,146,28,804,84,70
"chr5.84",303,783,337,96,15,694,56,52
"chr5.85",337,663,341,120,7,529,50,54
"chr5.86",281,520,534,190,25,477,38,65
"chr5.87",135,581,203,62,21,274,52,41
"chr5.88",123,709,311,83,20,339,76,45
"chr5.9",702,790,444,156,17,1523,98,52
"chr5.90",156,495,285,82,7,396,76,46
"chr5.91",84,594,230,52,11,270,52,52
"chr5.92",112,603,198,29,24,286,52,30
"chr5.93",68,492,142,27,14,209,37,36
"chr5.94",149,790,289,89,10,461,43,34
"chr5.95",187,537,378,42,19,488,61,29
"chr5.98",175,923,578,171,36,434,76,81
"chr5.99",196,819,379,102,35,388,46,66
"chr6.10",171,499,309,103,53,671,66,78
"chr6.100",487,1034,453,286,46,833,87,87
"chr6.101",611,1221,432,292,45,868,107,95
"chr6.102",247,608,305,94,27,441,45,40
"chr6.103",164,496,219,29,22,274,35,37
"chr6.104",114,449,139,35,15,229,33,31
"chr6.105",121,358,102,35,9,256,37,34
"chr6.106",103,319,99,40,13,189,33,27
"chr6.107",155,484,158,58,20,306,36,38
"chr6.108",109,236,139,37,9,136,39,41
"chr6.109",143,330,156,80,10,342,52,41
"chr6.11",132,507,212,46,17,403,60,43
"chr6.110",222,518,324,115,9,601,57,49
"chr6.111",261,517,249,59,15,495,47,46
"chr6.112",466,1226,372,166,28,732,57,49
"chr6.113",188,699,145,46,16,378,45,48
"chr6.114",215,801,192,76,26,399,56,37
"chr6.115",288,441,244,151,11,476,40,57
"chr6.116",143,528,146,51,13,206,44,47
"chr6.117",281,1200,341,108,39,536,44,74
"chr6.118",273,997,328,91,25,492,65,56
"chr6.119",224,764,408,160,19,524,88,74
"chr6.12",91,516,162,30,8,276,33,27
"chr6.120",365,720,302,63,19,544,75,68
"chr6.121",346,938,322,256,40,657,106,72
"chr6.122",183,701,159,191,16,386,60,53
"chr6.124",277,575,262,122,20,407,47,51
"chr6.125",166,808,190,48,10,304,60,42
"chr6.126",232,622,327,82,17,475,70,43
"chr6.127",215,810,192,57,25,487,37,40
"chr6.128",209,942,159,59,18,426,37,33
"chr6.129",220,465,149,34,11,372,50,41
"chr6.13",126,828,181,42,14,325,54,36
"chr6.130",190,681,174,60,20,394,55,49
"chr6.131",152,516,180,63,12,344,51,29
"chr6.132",130,369,132,36,16,224,30,33
"chr6.133",133,715,150,41,11,246,37,34
"chr6.134",93,420,177,42,15,202,50,25
"chr6.135",108,400,152,43,20,245,35,29
"chr6.136",99,375,137,47,11,234,39,29
"chr6.137",215,506,168,68,17,375,43,43
"chr6.138",253,450,216,95,22,434,58,59
"chr6.139",215,582,176,78,24,414,49,53
"chr6.14",96,471,187,32,9,284,39,41
"chr6.140",119,409,156,38,13,238,26,21
"chr6.141",106,421,160,50,12,177,34,36
"chr6.142",174,466,166,63,10,277,39,37
"chr6.143",264,432,226,105,15,442,51,47
"chr6.144",288,411,270,55,18,494,61,35
"chr6.145",160,386,213,52,14,379,70,48
"chr6.146",112,359,192,41,7,238,38,55
"chr6.147",89,436,168,38,14,212,32,30
"chr6.148",111,371,125,46,10,232,37,28
"chr6.149",246,455,161,119,27,356,36,65
"chr6.15",152,618,214,44,11,359,77,43
"chr6.150",284,573,375,176,30,499,56,68
"chr6.151",233,432,360,124,33,398,49,62
"chr6.152",138,365,235,56,17,261,41,36
"chr6.153",215,758,415,91,22,524,39,39
"chr6.155",102,370,139,40,12,220,22,22
"chr6.156",128,452,135,53,8,236,34,34
"chr6.157",150,674,148,63,11,247,41,38
"chr6.16",136,536,201,39,12,330,41,24
"chr6.160",249,480,174,142,14,504,72,65
"chr6.161",254,348,273,232,11,604,69,98
"chr6.162",491,517,409,251,12,947,76,92
"chr6.163",330,394,245,98,20,527,57,52
"chr6.166",211,1003,224,115,21,691,67,62
"chr6.17",125,491,152,35,11,292,46,23
"chr6.18",113,571,173,35,17,308,52,37
"chr6.19",120,557,257,54,13,353,49,47
"chr6.2",106,527,171,56,25,287,38,44
"chr6.20",175,714,407,87,18,419,74,51
"chr6.21",120,451,192,29,9,265,45,22
"chr6.22",141,579,238,55,9,283,76,37
"chr6.23",210,571,349,139,9,499,91,60
"chr6.24",304,704,314,145,11,696,83,70
"chr6.25",154,598,215,33,17,337,52,36
"chr6.26",138,543,167,33,15,305,38,34
"chr6.28",281,741,259,104,25,562,68,42
"chr6.29",233,776,210,55,23,494,48,49
"chr6.3",108,520,161,35,9,284,35,24
"chr6.30",196,792,197,62,22,459,40,49
"chr6.31",118,548,149,41,10,255,46,27
"chr6.33",92,613,168,50,22,203,47,62
"chr6.34",92,603,126,56,20,254,39,33
"chr6.35",98,479,137,28,15,241,46,20
"chr6.36",72,533,115,32,9,201,42,28
"chr6.37",64,474,163,36,12,221,25,24
"chr6.38",95,498,150,46,9,230,34,42
"chr6.39",119,520,156,43,11,244,47,27
"chr6.4",73,520,128,29,6,282,42,19
"chr6.40",186,638,176,68,15,374,52,39
"chr6.41",209,932,238,97,17,446,50,32
"chr6.42",88,547,145,55,11,255,48,19
"chr6.44",66,511,119,56,7,199,41,22
"chr6.45",125,551,179,63,17,356,43,33
"chr6.46",175,559,243,84,39,343,44,32
"chr6.47",163,596,199,53,35,273,52,24
"chr6.48",127,574,268,63,31,341,52,32
"chr6.49",294,857,442,132,41,939,84,85
"chr6.5",136,550,200,48,11,402,41,32
"chr6.50",346,1361,282,104,44,818,74,53
"chr6.51",412,789,384,191,77,953,82,73
"chr6.52",233,571,206,117,44,621,56,50
"chr6.53",132,509,158,51,10,270,33,31
"chr6.54",102,581,152,35,15,311,37,39
"chr6.55",250,1378,317,75,45,897,83,47
"chr6.56",262,1392,430,121,35,666,93,57
"chr6.57",116,659,195,47,10,374,70,22
"chr6.6",125,519,172,51,12,308,31,32
"chr6.60",423,1247,407,239,76,662,72,77
"chr6.61",260,834,191,92,45,397,48,46
"chr6.63",678,594,583,305,33,991,109,96
"chr6.64",691,507,626,273,43,949,115,126
"chr6.65",510,524,523,290,35,693,103,104
"chr6.66",508,520,539,283,15,711,84,98
"chr6.67",351,810,356,157,17,639,67,55
"chr6.68",256,556,239,52,8,372,41,35
"chr6.69",254,901,355,134,12,450,49,66
"chr6.7",183,788,219,51,23,481,55,51
"chr6.70",225,763,393,139,24,404,35,60
"chr6.73",144,470,203,55,17,233,58,50
"chr6.74",357,884,366,118,61,585,80,60
"chr6.75",445,1209,279,117,47,761,82,84
"chr6.76",279,1043,281,130,28,499,71,49
"chr6.77",182,487,187,43,13,277,41,31
"chr6.78",303,539,204,96,26,433,58,49
"chr6.79",305,589,176,76,35,439,68,44
"chr6.8",105,613,169,32,20,332,38,23
"chr6.80",188,735,259,64,42,346,48,47
"chr6.81",221,879,230,64,21,447,64,44
"chr6.82",338,1222,223,95,33,682,78,58
"chr6.85",154,430,146,49,14,267,29,36
"chr6.86",240,506,210,75,4,405,34,43
"chr6.87",113,317,145,57,9,242,32,36
"chr6.88",173,614,298,107,16,468,48,62
"chr6.89",449,808,463,168,22,842,75,80
"chr6.9",154,482,196,70,29,470,35,39
"chr6.90",372,1037,554,221,34,808,111,91
"chr6.91",315,1222,613,117,26,810,113,72
"chr6.93",393,1149,348,82,32,783,67,75
"chr6.94",339,556,269,106,11,614,55,46
"chr6.95",494,1055,406,254,9,830,73,93
"chr6.96",238,534,314,169,16,556,66,51
"chr6.97",240,807,267,120,24,468,50,52
"chr6.98",225,573,180,125,23,433,59,51
"chr6.99",353,698,341,281,28,652,98,92
"chr7.10",463,766,442,310,24,1117,103,117
"chr7.101",321,780,252,95,39,700,55,56
"chr7.103",128,398,145,40,16,284,42,32
"chr7.104",236,421,222,61,26,429,47,33
"chr7.105",169,411,197,35,10,440,49,39
"chr7.106",319,828,357,204,31,641,85,92
"chr7.107",356,760,404,215,44,806,97,81
"chr7.108",198,500,232,118,19,430,90,73
"chr7.109",192,475,168,57,20,425,68,55
"chr7.11",438,787,349,273,26,1072,79,88
"chr7.110",264,794,286,83,23,588,70,65
"chr7.111",246,1062,371,208,50,723,78,87
"chr7.112",183,670,279,131,26,382,50,75
"chr7.113",208,949,309,95,27,402,55,70
"chr7.114",124,473,187,42,22,216,47,30
"chr7.115",206,708,291,74,21,423,76,44
"chr7.116",444,1126,465,268,63,990,112,83
"chr7.117",544,1472,431,229,45,1042,104,96
"chr7.118",256,978,244,96,12,601,68,57
"chr7.119",125,491,277,49,11,488,61,48
"chr7.12",338,596,211,117,17,571,64,62
"chr7.120",220,727,243,63,21,458,58,45
"chr7.121",263,732,276,56,24,615,66,55
"chr7.122",361,712,318,161,28,767,87,73
"chr7.123",555,1082,567,326,85,1190,84,136
"chr7.124",366,1254,372,206,34,961,62,56
"chr7.125",145,443,198,54,14,323,28,29
"chr7.127",98,399,154,16,14,280,38,31
"chr7.129",209,848,269,80,10,553,60,48
"chr7.13",227,690,295,78,31,500,80,48
"chr7.130",226,573,219,55,15,470,54,48
"chr7.131",154,418,159,59,14,342,61,48
"chr7.132",102,470,156,47,12,349,50,40
"chr7.133",186,634,258,96,25,527,57,56
"chr7.134",444,1032,435,253,36,1061,82,118
"chr7.135",278,879,178,116,27,548,52,62
"chr7.136",152,657,179,32,16,317,45,33
"chr7.139",213,1162,208,50,21,525,60,39
"chr7.14",338,795,367,98,17,603,91,72
"chr7.142",384,905,360,143,47,974,66,72
"chr7.143",717,1596,681,292,97,1726,111,110
"chr7.148",145,931,140,49,16,414,38,25
"chr7.149",175,743,180,78,15,280,48,34
"chr7.15",420,752,269,100,8,901,109,82
"chr7.153",196,810,151,69,29,552,48,38
"chr7.154",147,627,149,48,28,384,65,40
"chr7.155",249,1468,223,125,39,745,90,73
"chr7.156",230,1323,123,73,26,579,72,44
"chr7.16",396,586,205,124,16,964,106,65
"chr7.17",127,543,212,40,17,317,72,37
"chr7.18",93,442,175,38,37,210,47,27
"chr7.19",222,1121,453,112,27,675,47,59
"chr7.2",145,826,96,81,14,454,35,28
"chr7.20",346,836,587,213,26,1061,82,91
"chr7.21",233,756,464,59,30,593,54,45
"chr7.22",245,927,211,82,25,436,50,62
"chr7.23",161,750,203,74,18,368,31,52
"chr7.25",168,932,205,60,25,466,40,34
"chr7.26",200,564,250,54,20,467,41,22
"chr7.27",163,622,227,57,32,403,43,24
"chr7.28",167,489,183,52,23,359,41,32
"chr7.29",168,553,230,56,13,393,54,53
"chr7.3",120,580,106,62,10,297,48,28
"chr7.30",145,466,174,51,19,369,58,27
"chr7.31",129,447,146,37,14,248,30,31
"chr7.32",354,1005,366,90,25,615,51,53
"chr7.34",146,500,181,74,18,422,41,52
"chr7.35",319,1682,361,117,54,812,67,60
"chr7.37",175,585,145,73,20,425,47,51
"chr7.38",307,839,203,209,24,701,51,64
"chr7.39",289,538,259,118,29,450,60,43
"chr7.4",121,849,363,78,27,362,48,55
"chr7.40",208,811,240,73,24,459,49,50
"chr7.41",210,533,168,203,31,622,55,46
"chr7.42",333,1076,190,354,47,1123,74,74
"chr7.43",193,616,379,254,32,601,52,80
"chr7.44",147,648,224,98,28,451,51,48
"chr7.47",176,569,222,70,26,508,61,58
"chr7.48",116,460,148,53,14,342,35,39
"chr7.49",232,617,369,180,27,560,62,70
"chr7.50",430,1316,573,295,47,1129,58,98
"chr7.51",236,739,215,83,30,565,50,40
"chr7.52",347,1239,243,88,23,757,59,52
"chr7.53",532,1801,501,187,58,1197,92,101
"chr7.54",532,1905,507,349,63,1340,104,125
"chr7.55",294,1487,398,169,33,896,85,94
"chr7.65",475,848,311,265,32,927,100,126
"chr7.66",447,1142,288,301,32,760,111,121
"chr7.67",185,624,192,122,10,379,115,60
"chr7.68",373,1213,315,191,57,795,95,59
"chr7.75",154,473,181,78,14,346,56,45
"chr7.77",278,586,239,113,41,551,121,73
"chr7.78",175,459,355,54,69,442,119,40
"chr7.79",312,588,488,114,35,768,116,82
"chr7.8",152,492,178,48,16,297,30,32
"chr7.80",304,1042,552,121,25,592,133,66
"chr7.81",298,618,617,86,30,587,125,71
"chr7.82",261,527,578,165,35,901,109,90
"chr7.83",477,932,542,276,44,852,111,98
"chr7.84",329,1007,298,147,33,583,63,42
"chr7.85",263,668,202,114,21,516,55,40
"chr7.86",589,607,472,228,27,932,88,75
"chr7.87",356,887,249,127,14,789,59,52
"chr7.88",244,651,212,143,19,612,59,50
"chr7.9",356,800,323,130,21,619,53,62
"chr7.90",151,559,214,65,23,437,49,29
"chr7.91",271,827,410,163,55,581,54,68
"chr7.92",268,462,205,87,16,369,74,49
"chr7.93",198,416,165,62,32,428,75,36
"chr7.94",270,728,193,116,33,735,81,65
"chr7.96",146,684,147,49,33,344,51,42
"chr8.10",150,472,86,58,15,466,52,41
"chr8.100",129,637,207,55,15,286,28,36
"chr8.101",173,692,207,99,24,491,43,40
"chr8.102",305,783,295,290,33,889,70,74
"chr8.104",232,901,298,73,21,610,54,42
"chr8.105",271,1534,421,202,12,772,57,78
"chr8.106",293,731,250,134,13,585,48,57
"chr8.107",282,1088,273,81,20,623,52,46
"chr8.108",617,1608,528,305,67,1110,93,64
"chr8.109",880,826,627,263,58,1319,113,63
"chr8.11",131,509,114,62,18,446,47,29
"chr8.110",803,889,587,271,36,1494,122,92
"chr8.111",769,1426,693,267,45,1578,110,121
"chr8.112",588,1367,635,304,51,1389,87,151
"chr8.113",342,709,438,223,10,1020,108,114
"chr8.114",264,769,338,107,19,748,62,83
"chr8.115",210,1098,277,113,24,551,50,44
"chr8.116",135,1001,222,34,22,302,49,35
"chr8.117",198,801,231,50,40,464,50,41
"chr8.118",146,499,145,58,15,271,44,36
"chr8.119",217,605,206,91,22,623,72,30
"chr8.120",169,651,161,84,20,524,63,49
"chr8.121",108,530,119,37,6,243,30,19
"chr8.122",137,589,194,46,17,456,32,45
"chr8.123",131,507,139,35,10,282,55,44
"chr8.124",282,788,217,60,20,595,48,73
"chr8.125",159,661,171,44,11,438,48,56
"chr8.126",189,696,199,66,16,422,35,36
"chr8.127",241,576,332,138,12,665,46,71
"chr8.128",157,568,263,88,11,416,42,57
"chr8.129",467,1622,348,348,14,1046,77,111
"chr8.130",303,961,327,152,12,483,55,42
"chr8.131",122,606,178,79,13,404,33,44
"chr8.132",235,1050,220,124,17,501,41,54
"chr8.133",344,781,232,224,18,678,74,56
"chr8.134",411,1076,484,256,36,1003,96,93
"chr8.135",751,1343,402,308,79,1378,106,106
"chr8.136",687,1303,293,219,21,1178,86,80
"chr8.137",346,1223,288,143,28,729,55,71
"chr8.138",130,492,149,38,9,254,37,34
"chr8.14",363,771,244,160,35,661,88,81
"chr8.140",247,948,146,101,20,668,40,51
"chr8.141",230,940,109,91,32,488,30,36
"chr8.16",237,1008,381,219,70,669,86,120
"chr8.17",212,712,222,123,36,523,81,58
"chr8.18",56,415,107,27,21,145,40,22
"chr8.19",98,485,120,23,12,225,46,27
"chr8.2",265,1158,173,145,32,790,76,50
"chr8.20",128,397,160,49,19,292,42,29
"chr8.21",148,897,234,133,32,569,53,43
"chr8.22",133,736,175,71,24,422,57,28
"chr8.23",46,420,76,39,10,185,41,22
"chr8.24",128,861,176,39,22,308,36,39
"chr8.25",175,1193,170,65,45,364,37,40
"chr8.26",161,804,174,67,27,320,61,33
"chr8.27",114,592,105,50,12,257,45,36
"chr8.28",74,461,97,39,6,235,35,25
"chr8.29",73,382,106,28,9,217,22,21
"chr8.3",294,1329,307,181,23,913,77,82
"chr8.30",127,425,159,25,18,275,35,16
"chr8.31",93,416,139,24,7,224,43,28
"chr8.32",240,1043,224,198,39,667,58,56
"chr8.33",164,962,179,174,26,502,82,75
"chr8.34",341,1109,227,125,17,625,40,45
"chr8.35",650,1254,325,248,25,976,99,74
"chr8.36",469,1049,337,172,13,856,89,64
"chr8.37",309,570,370,196,29,798,89,51
"chr8.38",147,452,185,29,22,395,33,25
"chr8.39",137,375,116,27,12,321,42,31
"chr8.40",236,1251,257,60,26,377,60,44
"chr8.41",311,1327,250,82,29,539,85,41
"chr8.42",159,618,149,43,6,418,48,46
"chr8.44",570,1885,38,267,53,1271,100,94
"chr8.46",190,482,204,101,25,652,69,40
"chr8.47",556,1435,396,194,12,1442,91,114
"chr8.48",589,1166,285,239,15,1572,70,100
"chr8.49",417,1244,389,202,19,1090,49,67
"chr8.5",257,1099,273,181,29,866,122,91
"chr8.50",303,945,232,72,26,585,51,49
"chr8.51",261,1110,295,103,29,642,61,46
"chr8.52",308,1324,303,90,20,541,55,53
"chr8.53",321,1241,416,101,19,604,62,60
"chr8.54",247,1205,362,97,19,530,51,51
"chr8.55",423,1155,214,99,16,804,71,67
"chr8.56",266,700,186,69,13,554,55,44
"chr8.57",493,1199,407,73,14,663,46,64
"chr8.58",298,650,260,41,10,514,49,38
"chr8.59",279,896,194,48,14,542,32,22
"chr8.6",251,1486,338,226,29,832,84,89
"chr8.60",354,758,313,62,10,683,68,42
"chr8.61",426,1154,285,176,17,958,66,60
"chr8.62",374,1199,312,294,34,917,85,83
"chr8.63",221,1051,180,131,19,477,49,57
"chr8.64",200,745,158,54,12,294,48,46
"chr8.65",216,905,275,92,10,443,51,35
"chr8.66",364,1445,447,252,34,600,71,92
"chr8.67",301,852,334,206,28,688,69,63
"chr8.68",203,660,215,84,15,464,38,53
"chr8.69",252,792,333,151,22,781,55,63
"chr8.70",289,1343,396,180,34,839,75,68
"chr8.71",153,657,198,53,18,322,46,34
"chr8.72",195,661,211,111,29,438,55,59
"chr8.73",383,938,335,116,31,801,99,60
"chr8.74",594,992,344,186,20,1175,106,68
"chr8.75",513,1164,382,225,30,1300,96,81
"chr8.76",314,1152,371,189,25,803,58,61
"chr8.77",332,951,273,142,20,697,51,51
"chr8.78",135,443,151,39,7,359,42,27
"chr8.79",179,535,224,45,14,380,37,44
"chr8.80",536,1457,520,193,33,1054,92,78
"chr8.81",806,1496,574,252,45,1633,123,99
"chr8.82",652,1045,345,157,48,1396,90,88
"chr8.84",348,875,226,82,16,714,66,61
"chr8.85",792,1256,542,292,21,1473,82,107
"chr8.86",656,895,575,231,15,1495,92,107
"chr8.87",469,980,397,194,10,1066,69,76
"chr8.88",281,835,228,93,20,791,42,57
"chr8.89",418,960,363,154,26,1056,63,64
"chr8.90",440,1471,506,216,19,1025,104,58
"chr8.91",229,1051,216,109,31,587,64,34
"chr8.92",117,552,203,49,17,339,47,41
"chr8.93",171,1114,184,91,10,375,40,33
"chr8.94",288,790,206,150,12,595,41,43
"chr8.95",212,546,147,97,15,529,45,46
"chr8.96",151,529,142,72,13,293,36,37
"chr8.97",202,510,170,50,12,370,51,36
"chr8.98",147,568,166,46,18,315,32,52
"chr8.99",130,612,179,51,15,280,35,34
"chr9.100",144,339,134,44,10,300,43,34
"chr9.101",182,810,176,78,16,426,81,40
"chr9.102",356,1136,237,165,59,853,112,78
"chr9.103",370,1082,424,210,62,860,120,105
"chr9.104",233,1026,271,123,41,582,55,62
"chr9.105",76,439,147,55,7,283,43,21
"chr9.106",177,424,179,111,9,658,57,53
"chr9.107",136,395,151,56,11,363,79,35
"chr9.108",159,429,190,41,10,424,70,28
"chr9.109",81,338,122,35,16,213,42,22
"chr9.11",383,727,399,138,54,551,96,100
"chr9.110",118,456,140,56,22,323,47,37
"chr9.111",122,613,173,44,10,263,65,33
"chr9.112",60,294,143,27,11,177,43,26
"chr9.114",104,419,110,36,25,254,45,39
"chr9.115",116,665,203,60,15,291,53,32
"chr9.116",167,872,221,140,15,477,68,61
"chr9.117",241,1095,273,178,12,834,91,49
"chr9.118",482,907,227,181,19,1089,103,47
"chr9.119",427,1191,350,214,18,848,84,68
"chr9.12",296,465,509,172,43,678,126,99
"chr9.120",197,871,197,136,15,463,41,51
"chr9.121",47,323,143,25,14,191,36,36
"chr9.122",110,468,127,36,13,277,43,31
"chr9.123",97,470,142,38,17,247,58,19
"chr9.124",90,408,139,35,8,278,37,30
"chr9.125",79,337,115,35,8,183,39,31
"chr9.126",148,457,158,63,8,272,48,34
"chr9.127",100,374,119,32,12,228,37,32
"chr9.13",221,430,334,82,23,426,121,58
"chr9.131",100,374,107,53,13,256,20,33
"chr9.132",113,367,119,32,19,246,34,41
"chr9.133",105,424,129,61,14,229,51,21
"chr9.135",194,654,155,111,18,527,70,63
"chr9.137",102,492,54,46,20,257,35,18
"chr9.14",151,435,250,73,5,392,105,54
"chr9.15",130,474,215,30,8,249,65,34
"chr9.17",169,320,209,73,22,488,79,56
"chr9.18",174,402,201,143,19,415,84,52
"chr9.19",123,445,198,95,13,374,69,38
"chr9.2",133,963,243,105,22,430,45,60
"chr9.20",144,481,229,48,12,369,51,40
"chr9.21",106,449,267,37,10,280,43,47
"chr9.22",127,462,226,22,18,354,52,45
"chr9.23",204,718,147,82,21,439,55,57
"chr9.24",305,996,247,134,38,780,103,72
"chr9.25",478,1030,480,165,45,1236,111,90
"chr9.26",325,834,446,172,18,987,110,84
"chr9.27",240,671,353,130,17,665,73,60
"chr9.28",152,434,223,49,28,379,57,37
"chr9.29",279,567,471,172,36,755,111,95
"chr9.3",88,416,207,33,8,268,41,40
"chr9.30",346,462,558,167,47,911,116,100
"chr9.31",347,640,505,150,48,747,108,90
"chr9.32",261,448,340,94,34,691,81,85
"chr9.33",200,526,213,66,30,497,41,47
"chr9.36",77,350,129,36,17,172,43,32
"chr9.37",96,404,163,37,16,233,51,34
"chr9.38",82,296,116,22,13,225,78,45
"chr9.4",109,483,181,40,9,262,48,37
"chr9.5",117,520,131,41,9,182,41,39
"chr9.6",72,336,138,35,12,229,38,33
"chr9.69",124,398,153,36,12,209,46,40
"chr9.71",237,545,178,66,15,416,78,53
"chr9.72",102,374,152,27,15,257,87,32
"chr9.73",147,531,196,56,15,492,116,46
"chr9.74",257,738,293,172,9,659,81,82
"chr9.75",185,888,199,73,24,518,59,43
"chr9.76",145,812,238,35,16,415,73,32
"chr9.77",161,520,199,33,9,320,67,32
"chr9.78",125,498,184,79,14,360,66,45
"chr9.79",197,778,350,146,17,629,78,79
"chr9.8",209,535,273,69,16,606,73,43
"chr9.80",284,693,401,192,17,747,73,85
"chr9.81",254,440,279,101,18,591,86,74
"chr9.82",202,467,165,84,16,472,98,61
"chr9.83",152,470,175,46,13,317,71,35
"chr9.85",158,393,319,50,16,376,63,63
"chr9.87",195,407,188,67,16,369,70,51
"chr9.89",132,483,173,58,7,242,55,37
"chr9.9",218,696,249,164,16,756,90,59
"chr9.91",141,574,165,41,15,277,43,37
"chr9.92",124,531,156,38,14,315,42,31
"chr9.93",82,401,133,31,6,275,45,21
"chr9.95",79,315,110,30,13,205,47,24
"chr9.96",107,339,140,35,7,267,42,23
"chr9.98",73,435,125,33,21,259,36,52
"chr9.99",165,367,180,56,15,368,48,54
