"","SCLC","SCLC.P","SCLC.A","SCLC.N","SCLC.Y"
"chr1.1",305,36,131,28,6
"chr1.2",794,70,338,75,11
"chr1.3",1113,99,479,96,15
"chr1.4",718,61,308,68,9
"chr1.5",1888,200,782,164,28
"chr1.6",1783,171,730,165,25
"chr1.7",837,79,376,70,11
"chr1.8",984,98,414,96,11
"chr1.9",662,56,305,47,9
"chr1.10",810,64,346,77,11
"chr1.11",736,65,330,70,14
"chr1.12",1055,87,448,111,21
"chr1.13",929,87,398,88,13
"chr1.14",415,36,166,28,6
"chr1.15",1026,105,459,91,7
"chr1.16",754,62,349,60,9
"chr1.17",733,62,323,60,7
"chr1.18",970,100,436,93,6
"chr1.19",1854,152,791,137,26
"chr1.20",813,64,366,63,9
"chr1.21",1465,133,637,141,23
"chr1.22",711,56,320,62,7
"chr1.23",788,56,330,79,7
"chr1.24",830,74,365,85,9
"chr1.25",669,51,295,65,6
"chr1.26",846,79,345,79,10
"chr1.27",776,55,346,65,10
"chr1.28",689,49,296,64,4
"chr1.29",753,69,321,64,6
"chr1.30",779,46,339,77,10
"chr1.31",1881,155,793,167,26
"chr1.32",1059,99,473,93,17
"chr1.33",787,62,352,63,8
"chr1.34",646,49,275,53,10
"chr1.35",2269,227,939,207,28
"chr1.36",1126,97,467,102,9
"chr1.37",733,69,291,70,11
"chr1.38",1919,171,836,156,28
"chr1.39",1114,97,468,92,19
"chr1.40",889,68,388,68,11
"chr1.41",940,67,419,73,6
"chr1.42",799,65,342,73,8
"chr1.43",771,65,358,49,5
"chr1.44",673,44,297,69,8
"chr1.45",812,63,347,79,11
"chr1.46",716,48,307,63,9
"chr1.47",688,63,296,65,6
"chr1.48",822,60,360,78,10
"chr1.49",1380,139,581,103,17
"chr1.50",2043,203,821,203,33
"chr1.51",2423,237,1032,169,32
"chr1.52",954,94,410,75,6
"chr1.53",820,67,370,67,3
"chr1.54",1089,71,496,96,14
"chr1.55",988,75,428,75,14
"chr1.56",943,77,430,72,8
"chr1.57",1427,111,604,123,20
"chr1.58",1668,137,727,147,22
"chr1.59",1397,119,599,117,17
"chr1.60",809,74,323,65,8
"chr1.61",1444,110,605,130,16
"chr1.62",1214,102,517,109,14
"chr1.63",913,81,372,92,12
"chr1.64",1398,121,574,134,25
"chr1.65",978,78,432,78,9
"chr1.66",1033,89,438,84,10
"chr1.67",2339,228,982,181,33
"chr1.68",1582,139,676,117,32
"chr1.69",1300,113,550,117,17
"chr1.70",3440,293,1445,244,59
"chr1.71",3251,257,1400,277,67
"chr1.72",3697,320,1554,295,54
"chr1.73",2963,254,1251,258,42
"chr1.74",5741,509,2492,468,69
"chr1.75",3999,381,1760,306,49
"chr1.76",5743,530,2517,520,69
"chr1.77",3835,363,1687,322,50
"chr1.78",3513,305,1518,315,54
"chr1.79",1682,149,718,136,20
"chr1.80",3703,306,1606,343,37
"chr1.81",3816,336,1672,330,47
"chr1.82",3075,301,1256,251,53
"chr1.83",1751,182,722,130,22
"chr1.84",1584,135,679,140,28
"chr1.85",1107,86,485,83,18
"chr1.86",810,64,362,80,10
"chr1.87",1432,130,643,118,23
"chr1.88",1598,151,679,141,26
"chr1.89",2186,213,961,170,25
"chr1.90",1078,86,486,88,15
"chr1.91",1369,118,586,122,13
"chr1.92",2216,199,956,218,25
"chr1.93",1555,127,654,128,23
"chr1.94",931,55,390,94,18
"chr1.95",845,61,403,64,8
"chr1.96",1057,99,455,93,13
"chr1.97",2924,274,1284,220,46
"chr1.98",2316,220,981,209,26
"chr1.99",2664,237,1208,205,39
"chr1.100",3034,269,1322,228,54
"chr1.101",950,71,389,91,14
"chr1.102",2428,210,1052,213,43
"chr1.103",5090,461,2204,423,72
"chr1.104",4106,353,1751,392,61
"chr1.105",4456,387,1934,369,58
"chr1.106",6056,475,2736,473,67
"chr1.107",4656,406,2028,357,55
"chr1.108",2281,172,966,204,34
"chr1.109",1621,161,671,116,26
"chr1.110",906,80,397,77,13
"chr1.111",826,71,357,86,6
"chr1.112",1773,166,717,172,23
"chr1.113",1222,102,494,117,10
"chr1.114",935,86,379,105,16
"chr1.115",1361,120,610,117,22
"chr1.116",1505,126,643,126,22
"chr1.117",1239,112,513,117,27
"chr1.118",936,70,447,71,19
"chr1.119",1497,146,622,147,15
"chr1.120",1696,124,768,154,26
"chr1.121",761,64,320,58,12
"chr1.122",0,0,0,0,0
"chr1.123",0,0,0,0,0
"chr1.124",0,0,0,0,0
"chr1.125",0,0,0,0,0
"chr1.126",0,0,0,0,0
"chr1.127",0,0,0,0,0
"chr1.128",0,0,0,0,0
"chr1.129",0,0,0,0,0
"chr1.130",0,0,0,0,0
"chr1.131",0,0,0,0,0
"chr1.132",0,0,0,0,0
"chr1.133",0,0,0,0,0
"chr1.134",0,0,0,0,0
"chr1.135",0,0,0,0,0
"chr1.136",0,0,0,0,0
"chr1.137",0,0,0,0,0
"chr1.138",0,0,0,0,0
"chr1.139",0,0,0,0,0
"chr1.140",3558,338,1623,289,46
"chr1.141",274,18,134,20,1
"chr1.142",783,78,315,67,11
"chr1.143",354,27,145,37,1
"chr1.144",1342,135,564,98,20
"chr1.145",247,17,111,12,7
"chr1.146",2386,213,1074,173,33
"chr1.147",789,78,337,89,10
"chr1.148",694,56,319,51,9
"chr1.149",1065,98,503,77,8
"chr1.150",1637,158,689,141,26
"chr1.151",875,83,388,86,11
"chr1.152",780,83,337,65,7
"chr1.153",702,66,320,58,10
"chr1.154",1587,148,714,132,22
"chr1.155",3225,300,1396,264,42
"chr1.156",3097,306,1331,265,42
"chr1.157",1454,110,669,138,21
"chr1.158",1226,128,545,92,18
"chr1.159",1252,101,546,110,19
"chr1.160",2446,233,1050,212,42
"chr1.161",3623,353,1578,251,55
"chr1.162",2060,211,896,180,29
"chr1.163",2775,263,1164,220,42
"chr1.164",2025,157,849,180,32
"chr1.165",1128,93,481,110,14
"chr1.166",1217,90,475,130,12
"chr1.167",2218,210,980,185,43
"chr1.168",1584,114,693,118,21
"chr1.169",911,75,388,82,16
"chr1.170",1413,102,648,124,16
"chr1.171",1325,132,559,116,20
"chr1.172",2677,227,1166,206,48
"chr1.173",3727,323,1717,279,60
"chr1.174",3267,345,1425,243,44
"chr1.175",1701,164,752,151,16
"chr1.176",1675,132,765,136,28
"chr1.177",1214,108,550,120,24
"chr1.178",1271,94,539,107,17
"chr1.179",1976,186,919,129,23
"chr1.180",1162,95,510,101,14
"chr1.181",1176,97,522,109,15
"chr1.182",1088,95,468,94,18
"chr1.183",1136,106,499,84,9
"chr1.184",2496,230,1103,232,22
"chr1.185",4364,407,1823,377,52
"chr1.186",5137,461,2238,475,61
"chr1.187",6215,617,2712,503,80
"chr1.188",6511,589,2925,528,104
"chr1.189",4354,421,1917,369,55
"chr1.190",1561,156,669,123,21
"chr1.191",3645,341,1664,252,45
"chr1.192",6299,554,2836,494,108
"chr1.193",3821,378,1595,323,60
"chr1.194",2476,197,1037,219,34
"chr1.195",1846,153,787,164,21
"chr1.196",2054,170,939,177,26
"chr1.197",2039,185,864,182,19
"chr1.198",929,80,405,70,8
"chr1.199",619,54,252,65,6
"chr1.200",1010,86,425,87,17
"chr1.201",964,105,440,78,12
"chr1.202",1128,117,493,101,11
"chr1.203",496,44,220,39,4
"chr1.204",708,48,325,69,5
"chr1.205",1073,85,472,106,15
"chr1.206",1857,171,767,182,21
"chr1.207",1221,128,514,104,18
"chr1.208",1890,188,817,139,29
"chr1.209",1033,84,455,101,18
"chr1.210",1223,115,525,105,12
"chr1.211",1978,173,813,212,21
"chr1.212",1594,139,689,139,18
"chr1.213",3384,327,1429,302,41
"chr1.214",3186,280,1362,256,31
"chr1.215",2956,250,1308,224,37
"chr1.216",1440,118,607,107,12
"chr1.217",2385,205,1029,188,31
"chr1.218",2949,243,1292,229,56
"chr1.219",2614,218,1105,229,28
"chr1.220",1165,112,511,114,17
"chr1.221",836,63,362,74,12
"chr1.222",1279,121,521,131,18
"chr1.223",754,64,340,72,13
"chr1.224",944,84,406,89,12
"chr1.225",932,64,393,81,11
"chr1.226",1263,95,545,113,31
"chr1.227",1328,131,549,135,21
"chr1.228",1277,111,532,125,19
"chr1.229",943,86,400,73,13
"chr1.230",948,63,421,88,11
"chr1.231",1739,137,725,161,25
"chr1.232",747,67,340,52,9
"chr1.233",938,69,413,85,10
"chr1.234",2418,197,1031,219,32
"chr1.235",3826,356,1697,284,56
"chr1.236",5056,510,2278,415,60
"chr1.237",3714,370,1630,331,48
"chr1.238",4687,426,2004,468,83
"chr1.239",2459,200,1068,218,32
"chr1.240",3731,352,1638,319,63
"chr1.241",1617,154,721,145,17
"chr1.242",1042,82,470,97,10
"chr1.243",1000,94,448,106,12
"chr1.244",1258,101,582,106,23
"chr1.245",5464,509,2437,422,94
"chr10.1",834,79,372,89,18
"chr10.2",1486,132,685,101,11
"chr10.3",2875,289,1257,223,34
"chr10.4",1383,120,593,131,20
"chr10.5",1069,103,441,98,7
"chr10.6",616,62,284,54,6
"chr10.7",1046,98,444,109,7
"chr10.8",1642,167,696,155,23
"chr10.9",2066,197,892,191,31
"chr10.10",2412,258,1005,214,23
"chr10.11",1904,191,807,209,20
"chr10.12",883,98,357,86,7
"chr10.13",781,83,336,63,6
"chr10.14",836,75,364,78,12
"chr10.15",1008,92,445,92,10
"chr10.16",1926,182,868,157,23
"chr10.17",2826,250,1275,250,51
"chr10.18",1408,133,633,105,18
"chr10.19",2013,167,884,174,21
"chr10.20",2637,214,1167,257,19
"chr10.21",1661,165,714,128,22
"chr10.22",1012,86,438,91,15
"chr10.23",1215,111,522,126,11
"chr10.24",1735,158,762,154,26
"chr10.25",959,84,424,90,16
"chr10.26",1854,176,827,138,26
"chr10.27",2621,223,1195,182,44
"chr10.28",1110,114,494,112,20
"chr10.29",1275,139,542,118,11
"chr10.30",1250,134,529,114,23
"chr10.31",1139,111,491,82,14
"chr10.32",2080,223,875,170,35
"chr10.33",1328,121,594,104,11
"chr10.34",1132,91,490,107,13
"chr10.35",895,78,381,77,13
"chr10.36",882,78,389,88,7
"chr10.37",2003,193,840,164,21
"chr10.38",4457,430,2027,406,34
"chr10.39",3623,323,1686,303,33
"chr10.40",3016,223,1370,288,40
"chr10.41",1692,160,772,177,24
"chr10.42",2825,257,1323,234,37
"chr10.43",1456,105,684,139,17
"chr10.44",345,31,161,25,0
"chr10.45",382,36,176,29,4
"chr10.46",631,52,293,55,13
"chr10.47",1220,102,530,121,15
"chr10.48",1759,168,808,140,30
"chr10.49",544,40,251,34,5
"chr10.50",1904,181,865,180,24
"chr10.51",2777,250,1259,240,31
"chr10.52",2795,262,1313,242,38
"chr10.53",3934,399,1811,328,45
"chr10.54",4458,396,2059,413,81
"chr10.55",5240,362,2539,452,92
"chr10.56",4544,318,2111,396,62
"chr10.57",2227,127,1051,246,27
"chr10.58",1359,123,572,149,24
"chr10.59",822,76,379,78,13
"chr10.60",968,83,459,74,5
"chr10.61",858,64,389,84,11
"chr10.62",1513,92,698,147,34
"chr10.63",2461,173,1138,225,35
"chr10.64",2995,208,1375,264,48
"chr10.65",3032,237,1326,286,37
"chr10.66",2470,188,1175,221,37
"chr10.67",1337,97,610,139,18
"chr10.68",760,64,353,76,10
"chr10.69",941,52,466,87,12
"chr10.70",779,53,351,62,13
"chr10.71",651,37,282,68,6
"chr10.72",484,32,225,40,5
"chr10.73",440,25,213,55,3
"chr10.74",667,56,316,72,3
"chr10.75",708,59,338,64,7
"chr10.76",1111,73,491,113,15
"chr10.77",790,53,372,87,11
"chr10.78",899,62,416,91,11
"chr10.79",905,77,443,76,4
"chr10.80",2619,200,1235,233,53
"chr10.81",4596,350,2156,433,91
"chr10.82",3618,275,1658,321,61
"chr10.83",2099,141,924,218,57
"chr10.84",1499,98,722,132,20
"chr10.85",1340,121,565,121,21
"chr10.86",591,47,267,59,15
"chr10.87",576,43,286,52,8
"chr10.88",574,47,283,37,11
"chr10.89",1235,88,592,95,16
"chr10.90",1235,84,578,112,19
"chr10.91",734,51,353,67,10
"chr10.92",797,56,363,67,9
"chr10.93",918,65,427,81,12
"chr10.94",1229,91,568,126,23
"chr10.95",905,59,385,88,17
"chr10.96",829,48,383,61,10
"chr10.97",678,48,291,67,13
"chr10.98",1474,117,676,139,25
"chr10.99",773,60,349,74,18
"chr10.100",1038,66,480,109,20
"chr10.101",566,49,282,64,1
"chr10.102",521,46,235,54,11
"chr10.103",688,46,313,55,8
"chr10.104",2603,179,1181,210,38
"chr10.105",3243,268,1487,240,49
"chr10.106",4224,332,1924,416,64
"chr10.107",3079,221,1354,255,43
"chr10.108",3666,261,1621,368,82
"chr10.109",1533,130,707,129,29
"chr10.110",1656,132,772,162,20
"chr10.111",2230,185,1045,169,29
"chr10.112",689,59,308,58,9
"chr10.113",607,52,278,58,8
"chr10.114",1236,93,559,112,18
"chr10.115",2525,185,1130,212,45
"chr10.116",1726,132,768,180,25
"chr10.117",1481,99,668,135,20
"chr10.118",865,64,399,84,14
"chr10.119",992,64,467,78,22
"chr10.120",821,56,393,72,9
"chr10.121",561,54,238,43,11
"chr10.122",1015,78,459,105,24
"chr10.123",864,60,377,82,13
"chr10.124",829,61,380,67,7
"chr10.125",1261,95,573,125,17
"chr10.126",780,54,358,68,5
"chr10.127",1380,101,636,135,17
"chr10.128",2548,183,1162,255,42
"chr10.129",1703,114,783,161,26
"chr10.130",2443,186,1089,195,35
"chr10.131",1246,127,573,114,19
"chr10.132",1156,72,509,123,20
"chr11.1",538,48,239,53,2
"chr11.2",1105,97,531,98,10
"chr11.3",967,75,464,82,9
"chr11.4",805,56,375,84,5
"chr11.5",2116,196,954,188,27
"chr11.6",2836,261,1231,265,32
"chr11.7",1776,151,825,176,18
"chr11.8",1534,162,697,102,5
"chr11.9",886,79,377,81,5
"chr11.10",639,53,302,71,3
"chr11.11",803,64,379,79,5
"chr11.12",833,76,348,65,8
"chr11.13",592,48,279,52,2
"chr11.14",1302,135,555,124,7
"chr11.15",1672,161,726,139,12
"chr11.16",2629,240,1142,212,27
"chr11.17",1008,89,455,73,7
"chr11.18",1222,125,552,106,10
"chr11.19",1431,111,621,150,18
"chr11.20",1166,90,494,126,10
"chr11.21",2399,235,962,205,16
"chr11.22",4190,442,1899,308,32
"chr11.23",3277,312,1411,286,31
"chr11.24",3209,271,1364,277,27
"chr11.25",3479,331,1491,314,20
"chr11.26",3851,399,1733,284,30
"chr11.27",2341,210,1065,199,17
"chr11.28",1400,154,622,131,10
"chr11.29",1541,160,668,112,12
"chr11.30",3334,299,1478,286,21
"chr11.31",2293,149,1056,186,22
"chr11.32",1906,184,813,160,24
"chr11.33",2039,157,885,188,11
"chr11.34",1103,110,503,77,10
"chr11.35",650,79,282,62,5
"chr11.36",860,84,389,69,11
"chr11.37",1543,143,704,115,12
"chr11.38",4131,345,1882,353,34
"chr11.39",3660,280,1647,351,26
"chr11.40",6237,551,2777,494,41
"chr11.41",5766,517,2617,451,38
"chr11.42",5600,474,2363,520,44
"chr11.43",4729,401,2127,421,24
"chr11.44",2577,257,1164,219,24
"chr11.45",1710,174,726,146,9
"chr11.46",1473,124,679,132,9
"chr11.47",729,56,358,52,3
"chr11.48",750,58,346,53,7
"chr11.49",3411,299,1588,229,24
"chr11.50",4511,379,2062,332,36
"chr11.51",5450,519,2444,410,39
"chr11.52",6146,524,2787,483,93
"chr11.53",4847,418,2145,355,67
"chr11.54",1365,104,634,124,9
"chr11.55",3374,297,1450,251,63
"chr11.56",2366,184,1047,200,35
"chr11.57",2577,223,1108,234,28
"chr11.58",931,87,423,89,16
"chr11.59",985,83,417,90,12
"chr11.60",1118,102,499,98,12
"chr11.61",839,69,381,77,6
"chr11.62",750,67,349,53,13
"chr11.63",774,55,371,74,7
"chr11.64",768,70,362,72,9
"chr11.65",806,61,345,82,11
"chr11.66",1262,96,574,100,24
"chr11.67",1150,104,497,101,16
"chr11.68",931,54,396,85,5
"chr11.69",856,76,380,76,12
"chr11.70",637,63,286,48,8
"chr11.71",740,77,325,68,11
"chr11.72",957,79,416,86,16
"chr11.73",959,75,419,73,11
"chr11.74",882,80,368,106,8
"chr11.75",928,71,409,93,10
"chr11.76",1483,138,639,104,17
"chr11.77",2474,213,1064,213,28
"chr11.78",4067,370,1725,327,57
"chr11.79",2689,250,1181,216,36
"chr11.80",1694,157,792,125,37
"chr11.81",2841,216,1211,253,38
"chr11.82",1923,161,833,160,23
"chr11.83",937,71,403,74,14
"chr11.84",1867,164,773,149,17
"chr11.85",1913,171,815,135,26
"chr11.86",2849,240,1257,242,38
"chr11.87",2703,201,1162,220,39
"chr11.88",3203,252,1430,256,44
"chr11.89",1938,178,837,150,24
"chr11.90",1465,127,634,122,24
"chr11.91",1378,119,626,116,15
"chr11.92",986,70,429,80,8
"chr11.93",928,62,431,74,11
"chr11.94",3544,281,1520,312,54
"chr11.95",4296,385,1868,354,59
"chr11.96",3736,325,1654,278,54
"chr11.97",2223,174,988,192,35
"chr11.98",1615,107,745,125,8
"chr11.99",850,58,373,93,5
"chr11.100",1305,88,549,97,15
"chr11.101",2318,178,1081,180,29
"chr11.102",2780,212,1250,224,43
"chr11.103",2781,223,1148,266,31
"chr11.104",2161,185,940,194,26
"chr11.105",969,80,416,95,19
"chr11.106",1740,156,743,159,23
"chr11.107",1042,68,455,103,10
"chr11.108",810,71,367,72,9
"chr11.109",929,74,416,88,5
"chr11.110",1511,118,667,145,25
"chr11.111",1497,128,634,129,22
"chr11.112",2175,207,913,194,25
"chr11.113",2199,185,958,216,19
"chr11.114",974,95,464,77,7
"chr11.115",678,69,302,63,6
"chr11.116",874,58,419,75,13
"chr11.117",1034,99,477,83,11
"chr11.118",1228,113,521,120,16
"chr11.119",2001,166,875,178,34
"chr11.120",2438,217,1091,175,38
"chr11.121",3268,290,1428,292,60
"chr11.122",1721,135,766,150,36
"chr11.123",1645,151,764,110,26
"chr11.124",3359,363,1489,249,70
"chr11.125",2289,238,1014,175,40
"chr11.126",1126,102,508,95,13
"chr11.127",776,57,345,70,8
"chr11.128",2059,166,859,157,27
"chr11.129",3602,307,1478,292,56
"chr11.130",3430,303,1422,316,56
"chr11.131",2044,186,880,181,20
"chr12.1",895,91,341,78,16
"chr12.2",776,62,329,78,7
"chr12.3",1541,106,657,145,26
"chr12.4",854,55,396,79,12
"chr12.5",1376,94,588,116,13
"chr12.6",1067,58,467,76,15
"chr12.7",647,56,276,65,11
"chr12.8",1597,122,673,155,24
"chr12.9",1500,110,615,138,18
"chr12.10",1005,71,452,94,15
"chr12.11",1347,97,577,123,17
"chr12.12",1078,66,459,116,25
"chr12.13",667,57,294,52,9
"chr12.14",1538,127,633,152,26
"chr12.15",1843,139,803,159,28
"chr12.16",1433,107,612,146,15
"chr12.17",1162,92,488,108,11
"chr12.18",2984,217,1294,269,46
"chr12.19",2242,193,998,165,22
"chr12.20",1343,104,587,122,15
"chr12.21",2282,144,941,241,31
"chr12.22",2319,180,997,225,22
"chr12.23",1514,119,651,112,16
"chr12.24",1593,115,697,134,15
"chr12.25",1144,74,499,86,10
"chr12.26",1372,125,592,112,6
"chr12.27",973,85,456,71,11
"chr12.28",804,62,378,66,11
"chr12.29",1744,148,792,139,25
"chr12.30",1901,146,869,123,29
"chr12.31",2150,191,956,121,30
"chr12.32",1301,79,594,124,21
"chr12.33",1030,66,473,91,14
"chr12.34",3183,214,1542,210,59
"chr12.35",6100,412,2769,480,94
"chr12.36",1920,125,834,143,23
"chr12.37",2584,231,1149,223,40
"chr12.38",2783,208,1259,226,39
"chr12.39",2114,156,943,192,21
"chr12.40",2543,188,1183,206,39
"chr12.41",1924,126,874,166,26
"chr12.42",1805,139,816,180,28
"chr12.43",1164,80,522,120,16
"chr12.44",928,62,411,84,8
"chr12.45",785,63,383,65,5
"chr12.46",885,76,392,65,9
"chr12.47",707,59,333,59,7
"chr12.48",667,41,301,68,6
"chr12.49",852,64,371,68,8
"chr12.50",806,61,371,76,6
"chr12.51",1074,99,480,99,18
"chr12.52",1956,142,875,171,28
"chr12.53",934,78,429,79,12
"chr12.54",708,55,329,49,8
"chr12.55",1137,78,525,82,20
"chr12.56",1483,123,679,138,18
"chr12.57",2735,218,1140,258,32
"chr12.58",5191,395,2294,376,95
"chr12.59",3240,261,1462,239,51
"chr12.60",2215,175,976,177,27
"chr12.61",1601,116,730,117,19
"chr12.62",1315,114,542,122,15
"chr12.63",1375,104,608,98,20
"chr12.64",1350,91,588,93,28
"chr12.65",2175,177,919,167,32
"chr12.66",1167,78,538,102,16
"chr12.67",1343,91,609,117,15
"chr12.68",1911,134,815,159,28
"chr12.69",2134,147,931,173,34
"chr12.70",4743,396,2077,382,84
"chr12.71",5329,388,2411,430,78
"chr12.72",3167,250,1427,257,36
"chr12.73",1593,122,739,115,21
"chr12.74",2193,178,995,192,26
"chr12.75",3628,287,1545,318,47
"chr12.76",2405,172,1001,242,33
"chr12.77",1483,101,665,119,14
"chr12.78",2078,141,935,180,22
"chr12.79",2553,168,1118,221,27
"chr12.80",1481,112,640,123,17
"chr12.81",2545,214,1214,175,32
"chr12.82",2426,218,1085,196,23
"chr12.83",2381,205,1050,191,41
"chr12.84",2505,152,1139,217,37
"chr12.85",1627,106,774,116,17
"chr12.86",1044,65,470,98,10
"chr12.87",1843,120,805,142,23
"chr12.88",1928,112,892,159,22
"chr12.89",1542,112,691,142,19
"chr12.90",1013,56,428,92,13
"chr12.91",1122,58,523,97,12
"chr12.92",1035,72,467,88,7
"chr12.93",987,59,440,87,3
"chr12.94",1905,136,770,193,37
"chr12.95",1904,139,817,195,31
"chr12.96",2186,167,935,197,40
"chr12.97",2000,133,902,145,24
"chr12.98",2842,268,1250,210,52
"chr12.99",1313,112,593,123,11
"chr12.100",2952,230,1322,262,35
"chr12.101",1438,94,645,135,19
"chr12.102",922,63,380,75,9
"chr12.103",905,63,406,86,7
"chr12.104",1362,96,595,114,24
"chr12.105",2039,176,938,157,24
"chr12.106",1169,66,528,120,17
"chr12.107",698,51,317,72,5
"chr12.108",1271,79,570,126,16
"chr12.109",635,53,287,47,7
"chr12.110",1301,115,559,109,12
"chr12.111",2589,220,1054,260,29
"chr12.112",2513,222,1111,186,38
"chr12.113",1435,117,618,107,10
"chr12.114",1293,97,571,126,15
"chr12.115",1261,96,561,121,17
"chr12.116",2352,186,1025,204,34
"chr12.117",874,75,379,94,8
"chr12.118",947,62,452,95,9
"chr12.119",668,53,315,56,6
"chr12.120",657,56,293,52,6
"chr12.121",853,73,398,77,8
"chr12.122",992,71,464,83,12
"chr12.123",2553,196,1099,198,41
"chr12.124",4318,340,1875,369,90
"chr12.125",6866,569,3121,490,120
"chr12.126",4883,390,2119,409,53
"chr12.127",3930,338,1662,331,56
"chr12.128",2337,171,1053,189,42
"chr12.129",1520,127,675,135,22
"chr13.1",0,0,0,0,0
"chr13.2",0,0,0,0,0
"chr13.3",0,0,0,0,0
"chr13.4",0,0,0,0,0
"chr13.5",0,0,0,0,0
"chr13.6",0,0,0,0,0
"chr13.7",0,0,0,0,0
"chr13.8",0,0,0,0,0
"chr13.9",0,0,0,0,0
"chr13.10",0,0,0,0,0
"chr13.11",0,0,0,0,0
"chr13.12",0,0,0,0,0
"chr13.13",0,0,0,0,0
"chr13.14",0,0,0,0,0
"chr13.15",0,0,0,0,0
"chr13.16",3634,327,1563,369,47
"chr13.17",932,62,406,91,14
"chr13.18",722,51,305,84,7
"chr13.19",1200,93,502,96,10
"chr13.20",1344,137,551,100,12
"chr13.21",722,45,323,59,5
"chr13.22",1106,76,483,84,12
"chr13.23",1350,113,564,93,17
"chr13.24",1165,83,503,99,12
"chr13.25",1137,92,497,92,15
"chr13.26",2226,179,935,178,30
"chr13.27",833,65,314,78,10
"chr13.28",859,72,371,59,9
"chr13.29",1294,96,516,153,14
"chr13.30",776,70,303,87,11
"chr13.31",973,81,391,108,9
"chr13.32",1264,113,499,113,17
"chr13.33",1058,90,416,93,17
"chr13.34",1283,120,551,129,9
"chr13.35",1407,122,571,108,18
"chr13.36",968,79,397,101,13
"chr13.37",922,72,399,71,9
"chr13.38",518,50,230,42,3
"chr13.39",525,47,240,42,7
"chr13.40",894,98,351,83,13
"chr13.41",608,58,235,56,6
"chr13.42",559,52,252,63,3
"chr13.43",1190,76,520,130,14
"chr13.44",1286,128,537,99,13
"chr13.45",976,88,431,97,13
"chr13.46",752,74,321,76,9
"chr13.47",604,50,248,83,3
"chr13.48",770,79,309,92,10
"chr13.49",705,49,310,83,5
"chr13.50",1670,140,648,209,15
"chr13.51",3374,271,1505,360,45
"chr13.52",3950,323,1858,389,55
"chr13.53",4081,378,1850,391,48
"chr13.54",2612,229,1186,226,34
"chr13.55",3890,320,1740,353,47
"chr13.56",3397,248,1502,351,41
"chr13.57",1723,142,773,166,19
"chr13.58",1799,134,784,210,13
"chr13.59",3251,283,1350,375,34
"chr13.60",4559,491,1879,492,61
"chr13.61",5407,514,2353,558,75
"chr13.62",4138,391,1865,429,37
"chr13.63",3879,360,1821,432,39
"chr13.64",2528,273,1128,265,34
"chr13.65",5319,400,2593,565,63
"chr13.66",5454,370,2626,560,65
"chr13.67",4679,314,2104,514,47
"chr13.68",3291,245,1474,377,39
"chr13.69",1751,114,700,216,18
"chr13.70",896,72,358,106,8
"chr13.71",1071,99,469,109,13
"chr13.72",1772,138,753,203,23
"chr13.73",1082,84,472,124,10
"chr13.74",1141,86,486,123,12
"chr13.75",2464,230,1076,267,20
"chr13.76",2419,215,1105,262,30
"chr13.77",862,92,343,97,3
"chr13.78",1455,115,616,153,12
"chr13.79",2710,221,1192,273,27
"chr13.80",3850,286,1690,400,35
"chr13.81",3225,221,1410,317,37
"chr13.82",2462,160,1082,214,34
"chr13.83",1617,127,758,128,20
"chr13.84",3379,265,1520,318,37
"chr13.85",2511,191,1187,245,20
"chr13.86",2125,161,931,215,19
"chr13.87",2818,180,1214,308,21
"chr13.88",3602,230,1511,401,32
"chr13.89",3212,245,1441,312,38
"chr13.90",2527,221,1045,262,28
"chr13.91",1563,111,639,204,13
"chr13.92",920,60,435,103,9
"chr13.93",1212,74,551,111,7
"chr13.94",2260,171,997,227,27
"chr13.95",1154,79,509,128,6
"chr13.96",665,36,291,77,3
"chr13.97",859,73,381,91,7
"chr13.98",1615,127,700,169,25
"chr13.99",2347,174,1010,267,22
"chr13.100",1987,153,865,176,26
"chr13.101",3309,257,1409,318,23
"chr13.102",2769,218,1196,244,28
"chr13.103",1883,154,844,184,12
"chr13.104",2453,180,1025,281,18
"chr13.105",3752,282,1626,392,38
"chr13.106",2786,222,1189,287,33
"chr13.107",1632,134,706,142,24
"chr13.108",1127,83,478,107,12
"chr13.109",2014,183,788,244,24
"chr13.110",886,61,381,95,10
"chr13.111",761,58,325,74,7
"chr14.1",0,0,0,0,0
"chr14.2",0,0,0,0,0
"chr14.3",0,0,0,0,0
"chr14.4",0,0,0,0,0
"chr14.5",0,0,0,0,0
"chr14.6",0,0,0,0,0
"chr14.7",0,0,0,0,0
"chr14.8",0,0,0,0,0
"chr14.9",0,0,0,0,0
"chr14.10",0,0,0,0,0
"chr14.11",0,0,0,0,0
"chr14.12",0,0,0,0,0
"chr14.13",0,0,0,0,0
"chr14.14",0,0,0,0,0
"chr14.15",0,0,0,0,0
"chr14.16",4264,336,1936,371,49
"chr14.17",3788,351,1660,331,57
"chr14.18",1381,110,573,134,13
"chr14.19",2356,208,1056,210,32
"chr14.20",906,77,408,85,14
"chr14.21",997,84,427,122,17
"chr14.22",2284,194,1024,178,36
"chr14.23",3754,339,1610,289,49
"chr14.24",4547,361,1981,462,48
"chr14.25",5536,467,2373,539,86
"chr14.26",3811,351,1517,371,59
"chr14.27",2098,180,899,184,29
"chr14.28",1177,102,523,102,11
"chr14.29",1133,113,483,94,17
"chr14.30",1579,130,710,127,34
"chr14.31",1599,158,684,138,20
"chr14.32",778,66,330,76,8
"chr14.33",729,65,298,74,7
"chr14.34",611,42,255,54,3
"chr14.35",1338,115,581,126,18
"chr14.36",1969,156,841,164,37
"chr14.37",4083,357,1830,349,79
"chr14.38",6108,600,2756,466,102
"chr14.39",6848,644,3099,569,88
"chr14.40",6092,547,2757,503,82
"chr14.41",4498,385,1892,373,70
"chr14.42",2066,169,837,176,32
"chr14.43",2970,232,1319,257,35
"chr14.44",4658,404,1966,443,48
"chr14.45",5839,528,2490,533,97
"chr14.46",3994,344,1715,313,66
"chr14.47",713,54,306,51,12
"chr14.48",923,73,413,76,11
"chr14.49",1849,115,802,199,29
"chr14.50",1007,50,454,115,12
"chr14.51",1080,96,447,112,20
"chr14.52",807,71,358,67,6
"chr14.53",1122,88,476,98,13
"chr14.54",1818,160,752,167,25
"chr14.55",1746,121,738,168,18
"chr14.56",1804,173,772,165,30
"chr14.57",1600,116,633,159,18
"chr14.58",733,69,302,61,6
"chr14.59",1366,111,570,114,16
"chr14.60",1579,156,663,126,20
"chr14.61",794,79,351,70,9
"chr14.62",925,88,392,82,12
"chr14.63",1698,134,745,161,24
"chr14.64",965,95,413,90,10
"chr14.65",642,63,255,82,7
"chr14.66",658,54,294,61,11
"chr14.67",1384,86,567,130,21
"chr14.68",1153,104,463,94,26
"chr14.69",2439,166,1066,194,42
"chr14.70",1511,108,655,130,28
"chr14.71",798,59,347,72,13
"chr14.72",713,66,315,62,8
"chr14.73",1059,86,461,82,14
"chr14.74",1061,89,464,89,15
"chr14.75",1903,184,746,175,27
"chr14.76",2218,189,896,214,31
"chr14.77",2396,214,1062,211,41
"chr14.78",1430,137,612,140,20
"chr14.79",3558,332,1503,320,71
"chr14.80",2832,267,1190,246,28
"chr14.81",3745,368,1506,334,58
"chr14.82",3027,277,1230,302,38
"chr14.83",4345,344,1856,432,74
"chr14.84",5953,473,2509,593,110
"chr14.85",3936,301,1713,329,56
"chr14.86",1313,113,582,113,9
"chr14.87",1210,96,527,120,19
"chr14.88",713,50,314,68,12
"chr14.89",1337,111,563,136,12
"chr14.90",1286,116,539,127,25
"chr14.91",1396,144,598,134,19
"chr14.92",1528,137,634,121,18
"chr14.93",1730,171,721,155,19
"chr14.94",2128,162,908,160,28
"chr14.95",2060,187,862,171,18
"chr14.96",1353,125,549,118,23
"chr14.97",809,79,344,86,13
"chr14.98",1672,151,693,142,29
"chr14.99",844,70,362,80,11
"chr14.100",854,70,384,63,13
"chr14.101",1222,94,558,117,13
"chr14.102",777,49,343,80,15
"chr14.103",2141,190,898,233,19
"chr15.1",0,0,0,0,0
"chr15.2",0,0,0,0,0
"chr15.3",0,0,0,0,0
"chr15.4",0,0,0,0,0
"chr15.5",0,0,0,0,0
"chr15.6",0,0,0,0,0
"chr15.7",0,0,0,0,0
"chr15.8",0,0,0,0,0
"chr15.9",0,0,0,0,0
"chr15.10",0,0,0,0,0
"chr15.11",0,0,0,0,0
"chr15.12",0,0,0,0,0
"chr15.13",0,0,0,0,0
"chr15.14",0,0,0,0,0
"chr15.15",0,0,0,0,0
"chr15.16",0,0,0,0,0
"chr15.17",3723,309,1636,261,60
"chr15.18",1019,95,459,63,7
"chr15.19",3056,237,1320,262,51
"chr15.20",1872,159,786,182,19
"chr15.21",3926,310,1608,427,54
"chr15.22",2877,247,1132,298,60
"chr15.23",3531,279,1426,308,61
"chr15.24",2681,278,1037,209,50
"chr15.25",1097,127,422,90,30
"chr15.26",1764,188,684,158,25
"chr15.27",675,61,286,51,5
"chr15.28",1049,94,400,89,16
"chr15.29",1028,83,421,90,14
"chr15.30",1623,131,630,158,30
"chr15.31",1019,78,442,103,15
"chr15.32",1117,107,451,87,15
"chr15.33",1356,129,536,91,29
"chr15.34",1426,117,576,118,36
"chr15.35",874,77,366,77,13
"chr15.36",658,45,272,59,9
"chr15.37",547,35,228,47,5
"chr15.38",514,51,226,41,8
"chr15.39",483,38,208,45,6
"chr15.40",528,43,226,54,7
"chr15.41",558,41,235,64,8
"chr15.42",750,73,280,86,9
"chr15.43",1640,116,655,180,26
"chr15.44",1429,105,591,125,20
"chr15.45",1105,87,455,92,15
"chr15.46",767,53,308,77,9
"chr15.47",1046,92,413,91,18
"chr15.48",793,55,309,80,15
"chr15.49",537,40,244,55,6
"chr15.50",2054,174,812,199,34
"chr15.51",2383,181,982,196,50
"chr15.52",1815,158,757,138,34
"chr15.53",924,75,386,90,17
"chr15.54",640,58,241,56,4
"chr15.55",976,83,374,89,16
"chr15.56",608,62,241,56,14
"chr15.57",846,76,363,71,9
"chr15.58",1045,91,385,109,10
"chr15.59",987,100,407,91,10
"chr15.60",548,58,230,44,8
"chr15.61",599,35,265,50,11
"chr15.62",695,50,288,57,10
"chr15.63",859,72,362,76,14
"chr15.64",602,45,259,57,15
"chr15.65",700,58,276,65,13
"chr15.66",792,69,314,89,16
"chr15.67",863,79,352,75,14
"chr15.68",581,57,240,46,3
"chr15.69",573,65,243,42,6
"chr15.70",905,88,356,100,7
"chr15.71",810,81,350,70,11
"chr15.72",613,57,264,53,11
"chr15.73",741,68,330,72,11
"chr15.74",822,80,320,74,21
"chr15.75",963,84,392,95,11
"chr15.76",1117,104,442,111,18
"chr15.77",873,89,345,69,13
"chr15.78",888,83,329,72,19
"chr15.79",658,64,272,49,9
"chr15.80",574,70,254,47,6
"chr15.81",1127,104,420,82,18
"chr15.82",617,69,251,56,6
"chr15.83",1457,148,586,125,25
"chr15.84",2936,286,1230,237,43
"chr15.85",2740,257,1112,200,43
"chr15.86",1208,112,473,125,23
"chr15.87",687,62,295,70,12
"chr15.88",723,58,303,79,12
"chr15.89",986,100,397,93,14
"chr15.90",771,60,308,71,12
"chr15.91",787,70,338,61,12
"chr15.92",1842,177,712,159,35
"chr15.93",1462,127,571,124,17
"chr15.94",2373,218,978,164,36
"chr15.95",2151,192,816,174,48
"chr15.96",797,82,328,63,9
"chr15.97",843,77,338,61,13
"chr15.98",673,88,288,56,4
"chr16.1",746,41,302,79,6
"chr16.2",961,77,439,78,16
"chr16.3",704,58,300,65,4
"chr16.4",793,67,353,77,15
"chr16.5",631,50,269,61,5
"chr16.6",1623,149,659,157,16
"chr16.7",2441,206,989,253,21
"chr16.8",2028,168,845,159,12
"chr16.9",1894,155,826,154,14
"chr16.10",1868,154,792,135,22
"chr16.11",1223,92,506,117,14
"chr16.12",581,31,271,60,9
"chr16.13",1161,88,523,90,15
"chr16.14",2017,181,862,130,31
"chr16.15",579,36,263,54,7
"chr16.16",581,40,258,53,4
"chr16.17",799,62,317,66,11
"chr16.18",1844,164,698,146,23
"chr16.19",941,73,401,85,13
"chr16.20",771,52,349,74,4
"chr16.21",1909,144,811,149,29
"chr16.22",880,69,360,85,9
"chr16.23",1095,77,472,110,10
"chr16.24",1056,97,436,93,12
"chr16.25",1841,154,762,159,26
"chr16.26",2925,273,1273,201,44
"chr16.27",4170,361,1750,268,68
"chr16.28",1540,128,647,118,19
"chr16.29",631,38,274,54,7
"chr16.30",778,68,330,58,12
"chr16.31",650,41,307,41,11
"chr16.32",1626,141,695,130,25
"chr16.33",3645,236,1643,241,55
"chr16.34",4286,286,1913,266,81
"chr16.35",6276,558,2726,518,84
"chr16.36",0,0,0,0,0
"chr16.37",0,0,0,0,0
"chr16.38",0,0,0,0,0
"chr16.39",0,0,0,0,0
"chr16.40",0,0,0,0,0
"chr16.41",0,0,0,0,0
"chr16.42",0,0,0,0,0
"chr16.43",0,0,0,0,0
"chr16.44",1294,118,581,110,7
"chr16.45",1419,128,606,142,14
"chr16.46",2244,243,963,190,22
"chr16.47",1370,148,581,113,14
"chr16.48",1411,143,590,140,12
"chr16.49",1568,123,680,156,8
"chr16.50",896,80,366,69,4
"chr16.51",687,53,304,70,3
"chr16.52",1111,88,476,109,8
"chr16.53",1199,122,517,125,17
"chr16.54",560,42,249,52,7
"chr16.55",655,64,279,76,5
"chr16.56",1532,155,691,166,19
"chr16.57",3287,283,1369,316,42
"chr16.58",4777,429,2150,429,41
"chr16.59",3862,276,1663,393,24
"chr16.60",4597,413,2014,374,42
"chr16.61",2411,243,1014,183,20
"chr16.62",2054,188,870,172,12
"chr16.63",1541,159,630,120,17
"chr16.64",566,47,212,66,5
"chr16.65",503,66,188,55,4
"chr16.66",536,37,240,59,1
"chr16.67",526,40,234,50,4
"chr16.68",722,70,295,80,3
"chr16.69",947,87,385,93,12
"chr16.70",1061,90,443,127,14
"chr16.71",1630,139,657,160,8
"chr16.72",640,57,274,59,1
"chr16.73",1775,131,795,155,16
"chr16.74",2739,221,1126,262,36
"chr16.75",1867,198,724,158,9
"chr16.76",959,103,404,75,9
"chr16.77",1303,106,559,120,19
"chr16.78",1162,91,458,120,9
"chr16.79",664,58,276,61,8
"chr16.80",1261,114,533,95,15
"chr16.81",1055,101,454,97,14
"chr16.82",599,58,239,71,0
"chr16.83",979,76,416,114,10
"chr16.84",1540,148,612,152,13
"chr16.85",987,71,428,96,12
"chr16.86",818,77,332,93,9
"chr16.87",556,57,243,63,1
"chr17.1",486,38,226,40,6
"chr17.2",523,37,215,38,6
"chr17.3",595,43,275,52,6
"chr17.4",787,57,369,67,17
"chr17.5",480,40,219,37,3
"chr17.6",821,59,375,42,13
"chr17.7",800,63,367,69,10
"chr17.8",645,61,290,57,11
"chr17.9",675,41,307,57,5
"chr17.10",920,74,392,77,11
"chr17.11",1553,140,688,104,24
"chr17.12",1264,119,539,100,10
"chr17.13",1185,74,492,94,9
"chr17.14",1454,100,647,124,14
"chr17.15",1158,88,489,100,15
"chr17.16",702,59,320,60,7
"chr17.17",574,46,257,53,4
"chr17.18",424,29,188,26,4
"chr17.19",367,27,174,31,5
"chr17.20",457,34,205,35,4
"chr17.21",640,44,290,60,7
"chr17.22",2316,155,1048,168,29
"chr17.23",1754,134,785,151,27
"chr17.24",758,54,349,74,7
"chr17.25",670,56,312,66,15
"chr17.26",767,57,338,66,12
"chr17.27",855,64,373,83,7
"chr17.28",653,52,294,47,7
"chr17.29",1999,179,864,188,32
"chr17.30",1878,172,868,136,29
"chr17.31",887,64,421,90,9
"chr17.32",940,82,404,85,18
"chr17.33",768,61,337,75,7
"chr17.34",857,57,398,88,14
"chr17.35",678,64,290,61,8
"chr17.36",690,66,328,60,6
"chr17.37",699,61,292,65,6
"chr17.38",670,62,310,47,9
"chr17.39",735,57,356,47,10
"chr17.40",876,75,394,86,14
"chr17.41",814,58,384,67,13
"chr17.42",563,39,232,50,8
"chr17.43",623,41,268,57,3
"chr17.44",1330,99,601,124,15
"chr17.45",715,44,314,71,9
"chr17.46",700,44,348,58,6
"chr17.47",2030,172,877,208,24
"chr17.48",3999,319,1778,325,71
"chr17.49",4472,348,1994,344,62
"chr17.50",2489,211,1113,219,43
"chr17.51",1990,142,914,175,34
"chr17.52",1356,93,592,121,23
"chr17.53",743,64,317,68,4
"chr17.54",939,63,416,114,12
"chr17.55",733,52,323,81,8
"chr17.56",864,82,372,82,14
"chr17.57",1107,86,497,89,16
"chr17.58",953,60,419,93,17
"chr17.59",809,64,342,72,14
"chr17.60",695,35,314,71,10
"chr17.61",1093,77,468,108,15
"chr17.62",771,51,354,71,9
"chr17.63",758,60,328,58,8
"chr17.64",815,69,364,91,18
"chr17.65",1033,98,456,81,15
"chr17.66",1633,140,700,157,11
"chr17.67",1326,96,569,118,12
"chr17.68",633,36,289,46,5
"chr17.69",1198,108,511,96,14
"chr17.70",1059,108,496,85,16
"chr17.71",532,34,236,56,9
"chr17.72",723,41,324,67,14
"chr17.73",879,84,371,87,9
"chr17.74",863,84,371,87,11
"chr17.75",946,96,400,93,18
"chr17.76",662,55,294,62,8
"chr17.77",655,47,289,54,7
"chr18.1",2023,158,906,188,33
"chr18.2",3250,271,1396,310,33
"chr18.3",1577,146,684,126,27
"chr18.4",906,70,409,83,9
"chr18.5",2797,213,1242,181,66
"chr18.6",3000,261,1302,256,50
"chr18.7",1416,97,647,114,21
"chr18.8",1736,141,764,147,32
"chr18.9",1261,101,541,94,17
"chr18.10",793,57,362,61,8
"chr18.11",1488,134,604,140,17
"chr18.12",1973,194,841,148,28
"chr18.13",983,81,438,95,19
"chr18.14",1863,140,836,158,30
"chr18.15",3567,268,1563,269,41
"chr18.16",1162,105,517,100,14
"chr18.17",1094,76,473,91,13
"chr18.18",650,61,272,79,5
"chr18.19",1669,142,735,130,23
"chr18.20",3149,254,1378,262,58
"chr18.21",1244,104,557,119,11
"chr18.22",1712,142,736,136,21
"chr18.23",3109,292,1300,283,63
"chr18.24",4616,446,2020,373,67
"chr18.25",4811,459,2096,365,80
"chr18.26",1579,142,682,107,25
"chr18.27",1620,148,694,142,24
"chr18.28",2220,217,941,177,28
"chr18.29",2653,248,1158,251,36
"chr18.30",1292,121,572,94,16
"chr18.31",866,64,379,71,16
"chr18.32",2017,164,840,179,34
"chr18.33",2676,255,1146,211,37
"chr18.34",2225,193,1015,136,26
"chr18.35",2654,255,1152,222,56
"chr18.36",3030,275,1369,221,46
"chr18.37",3250,340,1445,243,47
"chr18.38",3558,319,1552,293,55
"chr18.39",1948,148,815,151,21
"chr18.40",1421,105,587,151,25
"chr18.41",1107,90,459,94,17
"chr18.42",1953,169,819,165,25
"chr18.43",894,79,373,69,15
"chr18.44",1006,99,434,77,11
"chr18.45",1439,104,584,143,21
"chr18.46",2629,215,1087,254,39
"chr18.47",4226,357,1769,398,62
"chr18.48",3487,277,1478,377,53
"chr18.49",1282,107,560,101,9
"chr18.50",1236,72,527,123,12
"chr18.51",1652,114,719,112,19
"chr18.52",2005,145,872,182,34
"chr18.53",908,66,394,78,12
"chr18.54",1516,143,645,145,21
"chr18.55",2350,191,1014,201,31
"chr18.56",2933,264,1254,252,41
"chr18.57",1502,125,632,124,24
"chr18.58",1230,100,536,101,20
"chr18.59",3188,277,1362,265,43
"chr18.60",4054,381,1716,273,64
"chr18.61",3558,346,1491,305,47
"chr18.62",3585,342,1550,271,44
"chr18.63",4978,461,2180,441,78
"chr18.64",4436,408,1872,357,77
"chr18.65",2990,268,1350,238,51
"chr18.66",6379,539,2735,470,120
"chr18.67",5533,417,2460,443,98
"chr18.68",3405,294,1474,335,45
"chr18.69",1370,111,588,130,18
"chr18.70",2073,186,880,193,27
"chr18.71",2090,167,887,201,33
"chr18.72",2679,219,1156,217,43
"chr18.73",2385,240,1014,179,29
"chr18.74",1663,154,766,151,15
"chr19.1",782,76,320,65,8
"chr19.2",975,74,428,92,12
"chr19.3",1009,88,476,86,10
"chr19.4",1059,67,501,93,14
"chr19.5",1025,84,452,97,7
"chr19.6",1033,90,478,92,11
"chr19.7",1108,90,496,86,17
"chr19.8",920,65,405,91,10
"chr19.9",1048,81,450,96,14
"chr19.10",1479,122,629,130,23
"chr19.11",814,70,385,69,5
"chr19.12",835,79,391,78,17
"chr19.13",842,49,419,63,13
"chr19.14",1189,117,498,136,18
"chr19.15",1059,95,462,99,11
"chr19.16",1403,126,630,115,15
"chr19.17",897,77,419,86,11
"chr19.18",1143,111,521,94,14
"chr19.19",864,67,393,73,6
"chr19.20",846,76,376,78,16
"chr19.21",1736,120,720,146,20
"chr19.22",1797,145,797,174,18
"chr19.23",5547,457,2484,474,79
"chr19.24",3283,243,1446,281,46
"chr19.25",5426,466,2357,478,72
"chr19.26",4719,437,2060,407,52
"chr19.27",3170,277,1431,261,36
"chr19.28",3691,303,1679,287,48
"chr19.29",3419,282,1505,255,54
"chr19.30",1459,121,638,121,24
"chr19.31",1700,150,743,149,32
"chr19.32",1075,88,477,92,17
"chr19.33",1346,121,553,145,14
"chr19.34",1073,76,514,80,22
"chr19.35",941,67,397,85,8
"chr19.36",883,101,386,71,8
"chr19.37",1112,88,518,100,13
"chr19.38",876,73,385,83,10
"chr19.39",1038,109,436,96,17
"chr19.40",1235,87,534,104,23
"chr19.41",946,74,402,78,8
"chr19.42",932,71,427,82,12
"chr19.43",948,73,439,89,13
"chr19.44",788,47,360,81,5
"chr19.45",1006,61,445,87,11
"chr19.46",861,55,375,73,11
"chr19.47",878,70,393,82,11
"chr19.48",1477,97,635,150,21
"chr19.49",1685,125,735,137,18
"chr19.50",1297,97,572,105,10
"chr19.51",2313,162,1015,187,30
"chr19.52",2026,172,869,158,32
"chr19.53",1687,113,731,153,25
"chr19.54",2576,174,1107,205,35
"chr19.55",1242,103,536,113,13
"chr2.1",2706,261,1139,260,37
"chr2.2",1991,146,837,203,18
"chr2.3",3421,346,1416,306,50
"chr2.4",1707,148,761,143,30
"chr2.5",3933,389,1594,381,51
"chr2.6",3578,314,1473,333,39
"chr2.7",4410,399,1814,436,58
"chr2.8",1852,157,757,181,22
"chr2.9",1510,146,622,154,20
"chr2.10",840,78,368,73,8
"chr2.11",923,97,393,93,12
"chr2.12",893,86,364,90,10
"chr2.13",1506,153,594,118,17
"chr2.14",2766,252,1178,259,34
"chr2.15",2416,230,1070,168,40
"chr2.16",1672,153,712,160,18
"chr2.17",1783,176,749,155,31
"chr2.18",1720,143,741,145,27
"chr2.19",1155,88,538,107,11
"chr2.20",903,57,401,101,10
"chr2.21",686,47,308,70,7
"chr2.22",1984,145,815,221,26
"chr2.23",3046,248,1233,357,51
"chr2.24",1656,151,662,158,24
"chr2.25",763,61,325,78,7
"chr2.26",792,64,328,92,9
"chr2.27",959,85,402,108,12
"chr2.28",916,72,388,77,13
"chr2.29",744,56,321,83,6
"chr2.30",1378,116,560,133,14
"chr2.31",1235,118,535,103,23
"chr2.32",1406,117,623,126,17
"chr2.33",911,83,403,77,8
"chr2.34",1528,114,685,125,17
"chr2.35",3821,330,1594,357,48
"chr2.36",3526,338,1480,325,39
"chr2.37",1918,164,790,165,30
"chr2.38",901,84,373,82,12
"chr2.39",715,48,317,70,7
"chr2.40",817,63,387,67,5
"chr2.41",2520,224,1025,219,26
"chr2.42",2611,244,1025,231,18
"chr2.43",870,77,364,85,11
"chr2.44",700,67,296,68,10
"chr2.45",1164,96,466,114,20
"chr2.46",1049,78,446,96,11
"chr2.47",670,48,281,63,5
"chr2.48",934,69,379,99,11
"chr2.49",1986,170,814,201,39
"chr2.50",4480,390,1827,454,69
"chr2.51",2893,263,1178,269,43
"chr2.52",2423,216,905,258,39
"chr2.53",2984,258,1270,275,42
"chr2.54",2464,196,1036,226,28
"chr2.55",833,77,335,83,14
"chr2.56",902,72,416,72,13
"chr2.57",1912,172,759,197,31
"chr2.58",3321,322,1358,311,28
"chr2.59",1872,151,820,165,24
"chr2.60",2223,155,907,193,35
"chr2.61",1431,141,608,116,16
"chr2.62",775,67,323,75,7
"chr2.63",885,87,397,65,6
"chr2.64",788,72,329,66,5
"chr2.65",772,63,349,59,14
"chr2.66",735,55,324,58,13
"chr2.67",1302,117,545,110,17
"chr2.68",1477,154,587,133,25
"chr2.69",1078,103,447,89,11
"chr2.70",652,54,302,51,4
"chr2.71",841,98,359,57,13
"chr2.72",1425,137,597,139,24
"chr2.73",1180,102,514,90,17
"chr2.74",970,85,406,115,13
"chr2.75",836,73,359,90,9
"chr2.76",1404,112,598,146,12
"chr2.77",3758,296,1584,326,54
"chr2.78",4595,438,1954,423,38
"chr2.79",6986,691,2951,634,76
"chr2.80",6648,569,2824,625,80
"chr2.81",5383,483,2148,546,73
"chr2.82",5787,494,2375,537,70
"chr2.83",6911,608,2905,630,103
"chr2.84",5030,410,2152,458,85
"chr2.85",2904,249,1203,240,41
"chr2.86",845,66,364,84,9
"chr2.87",782,72,314,79,16
"chr2.88",914,71,373,77,11
"chr2.89",1644,149,699,152,16
"chr2.90",3263,313,1364,268,41
"chr2.91",1893,180,788,141,26
"chr2.92",1415,89,684,91,20
"chr2.93",1333,140,566,111,22
"chr2.94",850,77,348,83,6
"chr2.95",669,57,302,59,15
"chr2.96",1071,86,460,98,13
"chr2.97",983,92,420,110,9
"chr2.98",1608,156,662,156,22
"chr2.99",1097,87,514,78,20
"chr2.100",1246,114,544,100,12
"chr2.101",3100,275,1332,261,48
"chr2.102",3946,332,1703,325,75
"chr2.103",1590,133,679,122,34
"chr2.104",1407,119,604,108,14
"chr2.105",2027,219,810,149,25
"chr2.106",1296,113,546,120,17
"chr2.107",775,69,338,71,9
"chr2.108",264,23,113,30,1
"chr2.109",794,46,334,87,11
"chr2.110",614,44,304,46,9
"chr2.111",947,73,428,79,14
"chr2.112",2578,217,1121,205,44
"chr2.113",3556,352,1580,277,66
"chr2.114",6711,578,3030,515,126
"chr2.115",5555,450,2345,481,73
"chr2.116",2379,198,1058,211,30
"chr2.117",2668,222,1137,231,48
"chr2.118",1084,69,438,107,14
"chr2.119",1153,94,527,108,16
"chr2.120",2154,168,943,223,24
"chr2.121",4311,406,1804,425,71
"chr2.122",4485,390,1901,425,69
"chr2.123",5391,495,2313,390,80
"chr2.124",4479,366,1913,365,61
"chr2.125",2047,186,888,170,35
"chr2.126",1063,84,409,120,12
"chr2.127",1906,139,795,146,28
"chr2.128",1683,145,763,129,23
"chr2.129",1824,144,804,148,26
"chr2.130",2354,156,1045,214,28
"chr2.131",1202,95,486,101,12
"chr2.132",1967,161,833,168,30
"chr2.133",1616,125,683,163,24
"chr2.134",2273,207,963,211,30
"chr2.135",3759,274,1558,358,49
"chr2.136",2020,158,887,182,29
"chr2.137",5013,419,2201,429,85
"chr2.138",6047,533,2678,567,93
"chr2.139",3696,336,1598,318,54
"chr2.140",3268,310,1500,272,39
"chr2.141",2544,208,1169,238,21
"chr2.142",2345,193,1043,178,30
"chr2.143",3010,251,1353,276,38
"chr2.144",2399,210,1047,208,25
"chr2.145",1905,142,832,171,30
"chr2.146",1285,119,593,118,18
"chr2.147",991,71,414,100,16
"chr2.148",1261,97,591,95,14
"chr2.149",1879,148,822,163,29
"chr2.150",817,63,371,58,13
"chr2.151",2273,186,1012,202,39
"chr2.152",4317,300,1883,424,57
"chr2.153",4495,382,1947,415,73
"chr2.154",2144,166,913,215,39
"chr2.155",1727,141,751,142,17
"chr2.156",1023,94,437,83,10
"chr2.157",644,62,272,67,8
"chr2.158",622,33,304,56,10
"chr2.159",1092,79,461,113,17
"chr2.160",2698,237,1134,244,40
"chr2.161",3470,320,1537,325,51
"chr2.162",2507,204,1136,249,44
"chr2.163",1439,123,618,124,17
"chr2.164",1419,140,611,143,20
"chr2.165",3129,292,1308,315,49
"chr2.166",1663,161,737,131,29
"chr2.167",1210,87,519,129,8
"chr2.168",893,78,408,92,7
"chr2.169",854,61,386,79,15
"chr2.170",933,77,415,77,16
"chr2.171",956,89,421,71,19
"chr2.172",942,60,409,86,7
"chr2.173",1305,85,564,142,18
"chr2.174",1805,129,767,180,27
"chr2.175",1149,97,509,104,9
"chr2.176",1344,91,580,116,16
"chr2.177",2122,173,924,225,16
"chr2.178",2078,188,836,239,22
"chr2.179",2173,185,934,222,38
"chr2.180",1664,167,730,162,24
"chr2.181",1784,156,736,176,35
"chr2.182",4591,355,1913,415,88
"chr2.183",5232,476,2334,498,80
"chr2.184",1983,150,908,171,25
"chr2.185",2101,169,900,193,26
"chr2.186",2217,147,947,235,27
"chr2.187",1610,118,725,149,14
"chr2.188",1015,85,445,85,9
"chr2.189",709,57,313,80,5
"chr2.190",1522,159,621,166,21
"chr2.191",3409,314,1465,335,49
"chr2.192",4887,460,2117,421,80
"chr2.193",4210,385,1909,365,61
"chr2.194",1702,147,769,137,31
"chr2.195",1389,120,583,124,23
"chr2.196",1982,155,832,163,33
"chr2.197",4258,376,1893,332,71
"chr2.198",1496,106,648,151,18
"chr2.199",751,64,321,59,3
"chr2.200",1127,99,520,97,14
"chr2.201",706,52,320,57,10
"chr2.202",1449,128,623,129,17
"chr2.203",1111,97,489,114,15
"chr2.204",1398,126,605,105,24
"chr2.205",1462,112,639,113,31
"chr2.206",1096,79,479,101,18
"chr2.207",2808,253,1181,255,43
"chr2.208",1516,133,641,138,30
"chr2.209",3320,284,1367,329,47
"chr2.210",1879,157,809,209,24
"chr2.211",1305,92,560,134,19
"chr2.212",2855,227,1255,269,58
"chr2.213",1398,119,600,139,13
"chr2.214",1181,100,447,107,21
"chr2.215",1040,87,470,79,11
"chr2.216",773,56,333,76,8
"chr2.217",885,78,368,77,11
"chr2.218",1252,93,560,119,20
"chr2.219",1699,153,742,150,27
"chr2.220",1587,134,709,153,24
"chr2.221",1170,92,509,92,14
"chr2.222",1227,103,528,108,14
"chr2.223",1793,134,781,194,25
"chr2.224",1885,165,806,184,18
"chr2.225",1325,111,620,120,19
"chr2.226",2485,199,1046,248,26
"chr2.227",2115,202,902,199,34
"chr2.228",1374,102,592,136,26
"chr2.229",1101,89,457,117,14
"chr2.230",878,60,365,71,13
"chr2.231",1060,71,462,110,19
"chr2.232",951,78,420,97,9
"chr2.233",1062,81,431,113,16
"chr2.234",979,64,440,103,5
"chr2.235",935,56,415,105,5
"chr2.236",820,64,346,93,7
"chr2.237",1153,85,474,116,19
"chr2.238",1683,133,683,162,27
"chr2.239",1093,76,486,142,19
"chr20.1",1330,115,580,114,23
"chr20.2",1611,166,718,136,26
"chr20.3",1366,119,644,117,17
"chr20.4",775,55,359,73,11
"chr20.5",1268,118,584,105,13
"chr20.6",1249,104,561,110,25
"chr20.7",1895,179,823,186,24
"chr20.8",2785,271,1201,252,54
"chr20.9",1849,180,756,150,39
"chr20.10",1703,169,739,105,24
"chr20.11",1241,97,543,113,20
"chr20.12",1969,198,893,165,27
"chr20.13",2516,208,1102,266,43
"chr20.14",1340,105,571,131,19
"chr20.15",1008,94,431,97,6
"chr20.16",1045,94,452,102,12
"chr20.17",1556,120,612,165,17
"chr20.18",1337,105,511,179,19
"chr20.19",1596,167,676,146,15
"chr20.20",1462,119,615,136,30
"chr20.21",1560,151,678,148,28
"chr20.22",2470,231,1060,203,43
"chr20.23",1878,172,785,170,23
"chr20.24",1659,152,681,137,15
"chr20.25",1892,156,781,183,22
"chr20.26",1045,100,439,108,10
"chr20.27",2550,234,1104,234,28
"chr20.28",1057,100,461,88,19
"chr20.29",990,96,445,94,9
"chr20.30",657,48,281,56,11
"chr20.31",650,66,270,68,6
"chr20.32",788,68,338,79,11
"chr20.33",801,82,356,64,7
"chr20.34",1090,92,472,102,11
"chr20.35",1749,145,762,141,16
"chr20.36",1524,147,655,120,16
"chr20.37",906,82,406,91,10
"chr20.38",2102,187,963,158,14
"chr20.39",1789,150,772,131,32
"chr20.40",1324,108,565,99,32
"chr20.41",955,75,394,103,9
"chr20.42",951,85,391,93,7
"chr20.43",777,72,339,61,13
"chr20.44",1545,144,667,122,18
"chr20.45",964,102,397,91,21
"chr20.46",718,67,304,70,13
"chr20.47",1134,101,487,108,11
"chr20.48",1446,134,630,103,17
"chr20.49",1300,138,538,95,9
"chr20.50",1219,93,503,94,11
"chr20.51",2277,207,948,180,29
"chr20.52",1794,147,781,160,21
"chr20.53",1405,112,617,109,14
"chr20.54",1405,123,611,116,23
"chr20.55",1801,145,770,154,27
"chr20.56",1326,108,555,140,10
"chr20.57",1823,144,738,132,26
"chr20.58",1040,97,425,120,18
"chr20.59",1499,112,674,141,25
"chr21.1",0,0,0,0,0
"chr21.2",0,0,0,0,0
"chr21.3",0,0,0,0,0
"chr21.4",0,0,0,0,0
"chr21.5",0,0,0,0,0
"chr21.6",0,0,0,0,0
"chr21.7",0,0,0,0,0
"chr21.8",0,0,0,0,0
"chr21.9",0,0,0,0,0
"chr21.10",1517,124,701,150,20
"chr21.11",7520,608,3449,619,97
"chr21.12",4173,291,1928,358,48
"chr21.13",2321,167,1079,195,29
"chr21.14",1603,117,737,164,17
"chr21.15",1459,114,643,117,7
"chr21.16",1384,101,627,113,15
"chr21.17",3910,281,1761,370,49
"chr21.18",6153,419,2797,530,96
"chr21.19",5276,350,2373,494,75
"chr21.20",5823,395,2708,527,85
"chr21.21",5887,353,2767,539,48
"chr21.22",5322,388,2355,464,62
"chr21.23",5608,439,2412,439,82
"chr21.24",2796,193,1231,244,53
"chr21.25",1654,135,762,123,18
"chr21.26",2275,191,1020,208,20
"chr21.27",1544,111,700,132,15
"chr21.28",1213,83,526,128,10
"chr21.29",2407,166,1048,211,31
"chr21.30",1090,65,479,109,15
"chr21.31",734,50,322,70,7
"chr21.32",891,63,383,77,14
"chr21.33",948,52,422,82,10
"chr21.34",928,77,389,80,12
"chr21.35",795,47,392,65,9
"chr21.36",877,56,396,80,14
"chr21.37",801,64,358,67,4
"chr21.38",935,63,398,102,7
"chr21.39",1706,117,768,169,31
"chr21.40",752,41,362,84,4
"chr21.41",787,58,358,69,4
"chr21.42",572,44,248,49,2
"chr21.43",1045,81,470,89,9
"chr21.44",981,60,477,79,16
"chr22.1",0,0,0,0,0
"chr22.2",0,0,0,0,0
"chr22.3",0,0,0,0,0
"chr22.4",0,0,0,0,0
"chr22.5",0,0,0,0,0
"chr22.6",0,0,0,0,0
"chr22.7",0,0,0,0,0
"chr22.8",0,0,0,0,0
"chr22.9",0,0,0,0,0
"chr22.10",0,0,0,0,0
"chr22.11",0,0,0,0,0
"chr22.12",0,0,0,0,0
"chr22.13",1924,112,911,153,24
"chr22.14",1824,161,821,155,44
"chr22.15",599,27,269,73,10
"chr22.16",674,50,324,62,5
"chr22.17",433,34,183,53,4
"chr22.18",433,34,183,60,7
"chr22.19",1058,78,423,104,23
"chr22.20",981,60,440,110,5
"chr22.21",504,28,222,50,7
"chr22.22",751,37,325,69,17
"chr22.23",1234,65,532,126,20
"chr22.24",1199,72,507,133,22
"chr22.25",684,44,287,75,17
"chr22.26",567,41,251,60,9
"chr22.27",577,34,244,77,7
"chr22.28",607,55,256,74,11
"chr22.29",977,74,433,92,15
"chr22.30",1087,75,450,90,19
"chr22.31",1902,163,823,157,28
"chr22.32",1415,104,631,140,21
"chr22.33",598,54,263,59,6
"chr22.34",850,59,355,100,12
"chr22.35",580,35,255,67,2
"chr22.36",688,38,320,84,8
"chr22.37",708,55,311,69,7
"chr22.38",548,32,258,54,7
"chr22.39",625,68,252,59,5
"chr22.40",752,60,344,52,15
"chr22.41",910,64,404,74,13
"chr22.42",751,66,315,68,11
"chr22.43",493,33,236,46,6
"chr22.44",775,43,356,68,10
"chr22.45",1862,143,763,187,36
"chr22.46",2032,167,821,217,26
"chr22.47",672,60,281,64,10
"chr3.1",1635,185,661,119,17
"chr3.2",2310,191,989,215,28
"chr3.3",1655,123,653,176,20
"chr3.4",1233,92,518,111,18
"chr3.5",735,60,340,66,3
"chr3.6",2054,189,895,153,33
"chr3.7",2689,238,1166,224,28
"chr3.8",1570,121,705,118,19
"chr3.9",797,50,349,73,16
"chr3.10",550,44,254,54,5
"chr3.11",868,62,389,88,17
"chr3.12",521,48,236,45,6
"chr3.13",717,62,304,64,11
"chr3.14",685,68,287,53,3
"chr3.15",599,56,243,67,7
"chr3.16",447,45,196,32,8
"chr3.17",927,69,421,81,15
"chr3.18",947,95,405,80,10
"chr3.19",1496,120,688,123,19
"chr3.20",1872,158,814,149,26
"chr3.21",1583,160,692,130,16
"chr3.22",2586,237,1167,210,39
"chr3.23",2594,242,1154,207,36
"chr3.24",960,86,450,78,12
"chr3.25",690,56,296,47,6
"chr3.26",855,62,399,71,8
"chr3.27",1694,126,732,140,26
"chr3.28",1009,95,438,85,11
"chr3.29",994,80,425,83,10
"chr3.30",669,56,311,59,5
"chr3.31",720,57,297,65,8
"chr3.32",580,49,261,64,7
"chr3.33",553,47,249,45,3
"chr3.34",645,53,282,63,7
"chr3.35",1849,175,820,144,16
"chr3.36",1844,176,785,148,29
"chr3.37",1250,101,524,103,19
"chr3.38",445,38,206,36,5
"chr3.39",922,72,402,93,13
"chr3.40",1150,96,496,116,5
"chr3.41",931,91,452,66,9
"chr3.42",738,60,336,67,13
"chr3.43",678,71,275,72,7
"chr3.44",848,86,360,75,11
"chr3.45",743,69,322,68,13
"chr3.46",513,40,266,27,6
"chr3.47",659,60,291,56,5
"chr3.48",374,35,160,33,2
"chr3.49",440,30,227,40,6
"chr3.50",443,26,206,40,7
"chr3.51",517,45,234,54,6
"chr3.52",583,47,259,50,6
"chr3.53",394,26,187,37,4
"chr3.54",474,46,206,46,6
"chr3.55",698,59,304,38,6
"chr3.56",745,79,312,57,12
"chr3.57",624,56,277,59,8
"chr3.58",492,36,228,39,5
"chr3.59",603,59,254,56,5
"chr3.60",819,77,341,69,10
"chr3.61",889,77,381,92,12
"chr3.62",822,80,368,86,16
"chr3.63",1027,79,438,102,10
"chr3.64",883,75,376,73,10
"chr3.65",596,49,247,56,6
"chr3.66",725,41,319,54,7
"chr3.67",691,51,314,59,10
"chr3.68",1067,92,463,99,14
"chr3.69",1908,156,835,180,27
"chr3.70",583,29,281,54,11
"chr3.71",1138,104,463,120,19
"chr3.72",594,66,260,54,2
"chr3.73",828,77,347,80,10
"chr3.74",1234,97,507,123,17
"chr3.75",1585,136,620,142,22
"chr3.76",1523,139,634,146,15
"chr3.77",1985,181,871,149,35
"chr3.78",1094,107,475,73,12
"chr3.79",947,94,392,64,19
"chr3.80",1726,158,704,155,18
"chr3.81",2952,251,1280,239,50
"chr3.82",1674,141,719,154,16
"chr3.83",2038,208,861,156,25
"chr3.84",3776,363,1645,301,74
"chr3.85",4482,428,1967,354,116
"chr3.86",2461,283,1020,211,67
"chr3.87",3374,294,1463,227,73
"chr3.88",1754,153,780,127,32
"chr3.89",2121,174,907,190,37
"chr3.90",2990,344,1208,242,60
"chr3.91",3716,288,1696,341,51
"chr3.92",5952,524,2696,528,70
"chr3.93",6343,574,2810,527,107
"chr3.94",3474,322,1548,305,40
"chr3.95",2479,182,1138,229,37
"chr3.96",2357,198,1087,170,40
"chr3.97",1172,67,533,116,12
"chr3.98",1160,67,512,125,10
"chr3.99",2010,131,881,164,32
"chr3.100",4382,354,1928,370,56
"chr3.101",3637,324,1563,303,36
"chr3.102",1704,113,754,142,28
"chr3.103",1955,188,835,170,20
"chr3.104",1604,116,732,130,19
"chr3.105",1651,138,744,140,11
"chr3.106",5080,437,2205,486,59
"chr3.107",3671,255,1565,361,37
"chr3.108",2311,178,1028,194,34
"chr3.109",1301,105,578,113,6
"chr3.110",1285,109,605,107,16
"chr3.111",1714,132,753,132,21
"chr3.112",2890,247,1252,217,53
"chr3.113",5027,539,2175,362,78
"chr3.114",5207,506,2268,413,70
"chr3.115",5610,482,2540,424,74
"chr3.116",2384,149,1040,202,27
"chr3.117",1172,79,550,107,7
"chr3.118",2160,149,902,193,35
"chr3.119",983,70,445,68,9
"chr3.120",1142,76,527,104,12
"chr3.121",1291,105,571,109,9
"chr3.122",938,73,397,83,13
"chr3.123",1086,60,489,105,11
"chr3.124",1300,82,568,118,11
"chr3.125",1096,56,491,103,20
"chr3.126",933,71,440,74,10
"chr3.127",1535,111,674,144,14
"chr3.128",1277,99,592,95,17
"chr3.129",1366,98,594,129,11
"chr3.130",1611,131,680,153,18
"chr3.131",1246,114,556,102,20
"chr3.132",2895,271,1258,222,38
"chr3.133",1306,106,554,119,19
"chr3.134",2751,220,1212,209,35
"chr3.135",1692,143,761,132,15
"chr3.136",1926,159,905,145,17
"chr3.137",1773,156,748,138,16
"chr3.138",1126,134,464,89,10
"chr3.139",1065,84,472,79,16
"chr3.140",1900,152,893,143,23
"chr3.141",2333,222,1071,175,27
"chr3.142",4830,447,2170,354,59
"chr3.143",2927,251,1325,224,38
"chr3.144",6327,516,2804,490,103
"chr3.145",4081,327,1813,353,49
"chr3.146",1230,83,512,116,18
"chr3.147",1108,85,496,95,14
"chr3.148",1294,113,600,104,18
"chr3.149",1235,85,586,100,12
"chr3.150",2286,215,1085,150,23
"chr3.151",2666,230,1201,182,36
"chr3.152",2442,177,1090,178,41
"chr3.153",1645,133,725,145,19
"chr3.154",1744,112,757,185,17
"chr3.155",2194,158,972,169,25
"chr3.156",2656,190,1173,237,23
"chr3.157",1771,143,796,162,17
"chr3.158",1909,136,844,162,15
"chr3.159",4601,367,2035,417,51
"chr3.160",6108,483,2808,489,68
"chr3.161",4705,384,2103,378,46
"chr3.162",4173,347,1893,315,40
"chr3.163",3925,324,1796,318,38
"chr3.164",2649,229,1175,224,36
"chr3.165",1852,133,832,152,18
"chr3.166",1114,93,480,97,11
"chr3.167",1308,95,605,105,12
"chr3.168",1271,78,555,110,10
"chr3.169",1000,66,449,90,9
"chr3.170",2503,192,1077,206,22
"chr3.171",2376,200,1090,162,34
"chr3.172",1688,160,730,134,26
"chr3.173",2490,198,1084,193,29
"chr3.174",1136,87,493,97,8
"chr3.175",1765,147,771,142,19
"chr3.176",1790,132,752,158,21
"chr3.177",4063,318,1744,331,52
"chr3.178",2058,165,900,170,32
"chr3.179",1641,121,741,134,23
"chr3.180",967,71,444,90,9
"chr3.181",1110,73,513,76,16
"chr3.182",993,70,477,75,10
"chr3.183",1459,106,696,117,19
"chr3.184",1343,88,627,118,19
"chr3.185",1001,115,442,81,11
"chr3.186",900,58,415,67,10
"chr3.187",1137,92,532,90,14
"chr3.188",2746,222,1239,218,30
"chr3.189",2946,260,1264,235,44
"chr3.190",1250,100,533,114,17
"chr3.191",1103,84,461,92,14
"chr3.192",1043,89,451,86,9
"chr3.193",847,75,383,58,9
"chr3.194",831,63,365,67,7
"chr4.1",1480,116,668,132,17
"chr4.2",725,52,299,56,9
"chr4.3",672,52,305,75,9
"chr4.4",1077,98,444,108,15
"chr4.5",1319,121,590,92,8
"chr4.6",1299,97,573,129,13
"chr4.7",1049,132,425,98,15
"chr4.8",704,72,299,65,11
"chr4.9",1432,127,651,114,31
"chr4.10",1002,97,412,95,15
"chr4.11",1258,131,541,116,14
"chr4.12",1711,161,708,152,22
"chr4.13",3053,278,1361,243,60
"chr4.14",2111,184,931,147,31
"chr4.15",2201,225,990,177,29
"chr4.16",1196,105,511,104,18
"chr4.17",2888,268,1301,209,58
"chr4.18",2396,233,1073,168,52
"chr4.19",4149,334,1802,352,58
"chr4.20",2736,223,1165,245,31
"chr4.21",2365,204,1007,183,37
"chr4.22",3654,312,1509,342,64
"chr4.23",2889,236,1220,248,31
"chr4.24",2073,165,912,162,26
"chr4.25",1243,99,484,89,17
"chr4.26",746,53,335,66,7
"chr4.27",829,70,354,77,6
"chr4.28",2372,210,963,200,31
"chr4.29",3664,355,1618,275,46
"chr4.30",3779,364,1667,296,59
"chr4.31",2271,204,1013,158,27
"chr4.32",2235,220,994,163,35
"chr4.33",2799,239,1222,254,32
"chr4.34",3457,297,1464,331,50
"chr4.35",3363,315,1440,300,47
"chr4.36",2671,231,1189,250,36
"chr4.37",2583,203,1167,203,33
"chr4.38",1785,159,771,138,20
"chr4.39",903,78,405,66,12
"chr4.40",600,50,279,56,7
"chr4.41",736,50,327,60,8
"chr4.42",899,85,383,74,7
"chr4.43",2169,178,967,165,24
"chr4.44",3849,302,1712,342,48
"chr4.45",4323,356,1908,314,62
"chr4.46",6213,451,2898,488,85
"chr4.47",5564,466,2540,421,87
"chr4.48",1976,178,837,155,26
"chr4.49",1046,89,452,94,13
"chr4.50",2604,202,1177,206,41
"chr4.51",1311,115,572,110,13
"chr4.52",2114,202,942,183,38
"chr4.53",1902,132,863,146,30
"chr4.54",1592,141,714,134,21
"chr4.55",2402,166,1061,187,30
"chr4.56",4737,318,2095,370,67
"chr4.57",4737,295,2119,430,45
"chr4.58",5084,430,2291,398,68
"chr4.59",3298,318,1527,236,54
"chr4.60",4045,363,1855,259,60
"chr4.61",5468,462,2607,408,88
"chr4.62",4931,447,2391,379,68
"chr4.63",3773,388,1679,314,53
"chr4.64",3097,256,1419,268,29
"chr4.65",2015,157,946,154,36
"chr4.66",1365,109,615,106,17
"chr4.67",1808,123,841,161,23
"chr4.68",1506,94,686,139,18
"chr4.69",1009,66,440,92,21
"chr4.70",1453,108,677,134,11
"chr4.71",918,56,397,91,13
"chr4.72",757,48,358,69,11
"chr4.73",1045,85,469,117,11
"chr4.74",731,46,342,56,15
"chr4.75",819,66,387,76,9
"chr4.76",747,55,347,69,15
"chr4.77",1121,81,522,91,13
"chr4.78",1386,110,649,141,19
"chr4.79",1362,102,630,107,29
"chr4.80",1089,78,533,83,9
"chr4.81",900,71,426,75,18
"chr4.82",2578,186,1239,218,45
"chr4.83",1174,85,562,92,16
"chr4.84",772,55,387,58,9
"chr4.85",861,52,439,80,11
"chr4.86",1160,96,559,84,9
"chr4.87",1298,108,641,95,17
"chr4.88",1648,142,770,117,24
"chr4.89",2176,189,1035,164,35
"chr4.90",2948,218,1453,203,62
"chr4.91",2580,192,1264,188,40
"chr4.92",1560,120,721,131,16
"chr4.93",1329,99,609,102,16
"chr4.94",3141,224,1448,272,59
"chr4.95",3695,274,1753,277,74
"chr4.96",1496,121,725,127,22
"chr4.97",961,73,483,80,17
"chr4.98",1895,140,900,173,35
"chr4.99",1669,134,777,120,20
"chr4.100",1259,104,577,113,20
"chr4.101",1805,138,802,170,33
"chr4.102",2742,218,1265,235,48
"chr4.103",1240,115,575,105,22
"chr4.104",1153,102,551,101,15
"chr4.105",1486,118,702,124,21
"chr4.106",1079,85,483,104,16
"chr4.107",1463,116,653,113,28
"chr4.108",1796,116,831,181,26
"chr4.109",3855,284,1797,314,69
"chr4.110",1823,142,849,163,28
"chr4.111",1688,134,745,154,24
"chr4.112",1097,80,475,93,20
"chr4.113",3084,248,1366,262,46
"chr4.114",4942,377,2320,388,84
"chr4.115",3545,284,1543,306,70
"chr4.116",1417,106,621,146,19
"chr4.117",809,55,382,66,13
"chr4.118",2060,142,884,222,34
"chr4.119",1838,129,772,210,23
"chr4.120",1829,141,804,173,26
"chr4.121",809,76,346,65,9
"chr4.122",1071,78,471,133,13
"chr4.123",1607,123,726,135,28
"chr4.124",2480,192,1117,225,49
"chr4.125",2238,179,956,224,31
"chr4.126",1053,97,472,92,11
"chr4.127",2194,147,967,224,47
"chr4.128",4813,340,2198,473,80
"chr4.129",4957,426,2371,353,97
"chr4.130",4583,432,2244,357,108
"chr4.131",5580,400,2646,452,105
"chr4.132",4663,356,2143,387,114
"chr4.133",6290,469,2913,571,116
"chr4.134",5659,414,2630,488,109
"chr4.135",3348,253,1480,273,74
"chr4.136",1583,128,703,147,28
"chr4.137",876,58,381,77,16
"chr4.138",836,65,379,72,16
"chr4.139",1610,122,729,134,29
"chr4.140",1868,139,856,185,31
"chr4.141",1703,111,751,157,33
"chr4.142",2056,128,900,205,27
"chr4.143",1356,80,646,120,20
"chr4.144",1297,99,581,116,23
"chr4.145",1120,97,509,95,16
"chr4.146",901,69,418,93,14
"chr4.147",1481,97,690,137,22
"chr4.148",951,58,437,98,17
"chr4.149",729,43,340,62,7
"chr4.150",979,59,455,88,11
"chr4.151",653,60,279,67,10
"chr4.152",1678,144,779,137,28
"chr4.153",2452,195,1134,229,27
"chr4.154",1940,151,879,170,28
"chr4.155",1971,163,894,184,23
"chr4.156",2028,148,924,208,24
"chr4.157",1591,116,777,137,30
"chr4.158",3603,285,1715,297,56
"chr4.159",3718,322,1707,303,49
"chr4.160",4214,359,1972,346,64
"chr4.161",4282,355,2035,403,60
"chr4.162",3621,285,1670,307,53
"chr4.163",1804,136,889,153,26
"chr4.164",2890,256,1284,232,57
"chr4.165",2264,177,1027,188,36
"chr4.166",1546,112,731,115,24
"chr4.167",782,51,374,73,12
"chr4.168",2923,258,1377,225,49
"chr4.169",4577,397,2185,363,82
"chr4.170",3486,296,1645,291,32
"chr4.171",1768,148,824,159,22
"chr4.172",2479,212,1206,209,34
"chr4.173",2928,255,1336,260,33
"chr4.174",3740,319,1791,363,62
"chr4.175",3155,282,1561,224,56
"chr4.176",6089,491,2898,482,108
"chr4.177",7465,622,3645,619,127
"chr4.178",6979,628,3301,526,136
"chr4.179",5741,504,2729,440,114
"chr4.180",2837,257,1330,194,50
"chr4.181",1072,106,490,65,18
"chr4.182",746,58,334,72,9
"chr4.183",912,69,412,77,6
"chr4.184",1162,109,540,94,14
"chr4.185",1587,151,757,118,26
"chr4.186",2857,261,1343,210,49
"chr4.187",4161,429,1925,295,72
"chr5.1",1069,100,483,97,17
"chr5.2",1535,131,650,127,23
"chr5.3",3118,284,1306,260,40
"chr5.4",3226,252,1357,271,40
"chr5.5",3383,324,1399,291,55
"chr5.6",3736,340,1612,272,75
"chr5.7",2770,271,1216,208,37
"chr5.8",2321,200,989,164,37
"chr5.9",5410,502,2313,384,96
"chr5.10",2429,229,1126,177,38
"chr5.11",1760,164,743,139,26
"chr5.12",3687,349,1562,300,60
"chr5.13",5887,495,2586,417,116
"chr5.14",3069,251,1343,246,51
"chr5.15",1179,98,530,101,12
"chr5.16",1927,176,863,133,37
"chr5.17",2355,219,1026,192,30
"chr5.18",2108,194,933,164,28
"chr5.19",4446,356,1970,380,68
"chr5.20",5616,481,2556,429,67
"chr5.21",5647,500,2428,486,60
"chr5.22",3312,321,1429,257,39
"chr5.23",5782,578,2570,387,87
"chr5.24",7345,686,3244,573,85
"chr5.25",9517,813,4326,736,94
"chr5.26",7162,602,3099,611,76
"chr5.27",6761,584,2957,576,61
"chr5.28",3973,323,1704,385,45
"chr5.29",3996,335,1774,383,31
"chr5.30",7940,696,3574,607,143
"chr5.31",4850,414,2209,383,86
"chr5.32",1751,171,793,107,22
"chr5.33",1316,106,596,111,18
"chr5.34",2779,261,1230,245,40
"chr5.35",1249,78,549,124,18
"chr5.36",2779,268,1224,226,42
"chr5.37",1298,147,555,96,21
"chr5.38",1175,101,516,89,13
"chr5.39",1652,171,727,117,26
"chr5.40",1884,186,901,133,19
"chr5.41",2134,178,981,175,35
"chr5.42",3220,299,1398,272,65
"chr5.43",2229,198,1031,175,24
"chr5.44",1948,152,899,155,29
"chr5.45",5116,453,2264,449,82
"chr5.46",8206,768,3616,593,140
"chr5.47",2230,158,1017,231,17
"chr5.48",2409,169,1065,228,19
"chr5.49",1208,84,533,141,3
"chr5.50",878,51,410,75,6
"chr5.51",950,64,426,108,8
"chr5.52",560,27,261,52,11
"chr5.53",921,59,389,97,10
"chr5.54",1089,54,503,105,13
"chr5.55",1412,69,616,153,15
"chr5.56",1052,67,466,103,10
"chr5.57",1173,74,508,135,9
"chr5.58",977,55,430,96,10
"chr5.59",1425,81,645,159,13
"chr5.60",3219,207,1406,311,35
"chr5.61",1022,55,449,119,18
"chr5.62",977,43,458,114,7
"chr5.63",737,33,326,82,10
"chr5.64",969,61,411,102,13
"chr5.65",811,58,365,77,7
"chr5.66",264,15,132,21,3
"chr5.67",45,2,26,5,1
"chr5.68",854,59,391,120,10
"chr5.69",615,38,277,55,8
"chr5.70",725,33,354,67,8
"chr5.71",889,49,412,88,6
"chr5.72",1428,84,645,129,13
"chr5.73",1746,125,775,167,14
"chr5.74",1500,99,621,168,16
"chr5.75",941,77,419,102,10
"chr5.76",924,65,412,112,10
"chr5.77",931,57,419,101,7
"chr5.78",738,33,352,73,6
"chr5.79",1030,61,449,107,7
"chr5.80",1489,75,682,129,15
"chr5.81",2563,142,1168,227,33
"chr5.82",5165,317,2414,483,64
"chr5.83",3833,201,1773,397,49
"chr5.84",3440,237,1590,314,49
"chr5.85",2658,174,1159,249,20
"chr5.86",1998,123,884,207,19
"chr5.87",995,65,469,94,12
"chr5.88",1456,96,651,176,14
"chr5.89",1689,102,734,176,24
"chr5.90",992,70,433,112,6
"chr5.91",840,42,400,74,10
"chr5.92",921,57,393,92,8
"chr5.93",692,34,320,63,7
"chr5.94",1384,99,605,127,12
"chr5.95",1578,95,698,168,9
"chr5.96",2294,138,1024,252,27
"chr5.97",1352,108,587,111,11
"chr5.98",1469,104,611,157,22
"chr5.99",1866,140,812,200,25
"chr5.100",1926,154,906,183,29
"chr5.101",4229,307,2048,390,58
"chr5.102",3785,270,1770,375,56
"chr5.103",1875,167,817,185,18
"chr5.104",1134,74,477,115,20
"chr5.105",1443,100,663,170,8
"chr5.106",1666,107,771,179,29
"chr5.107",2242,144,1049,195,23
"chr5.108",1241,72,572,105,13
"chr5.109",917,57,460,90,8
"chr5.110",1389,98,627,144,19
"chr5.111",3311,221,1478,315,41
"chr5.112",1594,111,662,203,9
"chr5.113",1224,101,568,108,14
"chr5.114",2699,184,1270,209,30
"chr5.115",2088,145,916,230,36
"chr5.116",1594,105,727,166,21
"chr5.117",3008,210,1360,295,54
"chr5.118",2872,209,1355,258,47
"chr5.119",1053,63,468,112,13
"chr5.120",1038,63,466,114,5
"chr5.121",921,46,430,105,7
"chr5.122",940,68,405,106,8
"chr5.123",664,34,300,75,7
"chr5.124",865,64,395,110,11
"chr5.125",1789,121,799,171,20
"chr5.126",1646,138,736,146,16
"chr5.127",1536,83,743,152,16
"chr5.128",875,60,410,86,8
"chr5.129",585,48,245,70,4
"chr5.130",776,55,360,88,10
"chr5.131",563,40,253,68,2
"chr5.132",826,68,362,88,6
"chr5.133",1281,96,573,137,16
"chr5.134",956,59,443,103,7
"chr5.135",537,38,251,65,5
"chr5.136",557,30,266,51,5
"chr5.137",849,59,378,98,13
"chr5.138",1118,57,514,130,8
"chr5.139",689,46,303,73,9
"chr5.140",790,46,353,76,10
"chr5.141",1626,104,726,166,16
"chr5.142",1096,72,460,118,10
"chr5.143",966,75,431,115,13
"chr5.144",893,69,394,95,5
"chr5.145",762,34,359,79,4
"chr5.146",585,48,259,56,7
"chr5.147",687,59,328,70,5
"chr5.148",713,47,336,66,7
"chr5.149",1814,136,802,160,24
"chr5.150",1919,146,851,203,26
"chr5.151",817,46,379,83,13
"chr5.152",3109,230,1429,266,53
"chr5.153",4052,281,1857,368,61
"chr5.154",1607,123,712,163,25
"chr5.155",1748,115,753,204,28
"chr5.156",1006,67,460,108,13
"chr5.157",821,68,366,85,3
"chr5.158",1742,119,809,186,16
"chr5.159",4232,257,1990,436,59
"chr5.160",3183,223,1486,304,43
"chr5.161",3759,241,1791,325,55
"chr5.162",5435,331,2533,517,50
"chr5.163",4574,360,2121,351,55
"chr5.164",2014,168,913,171,24
"chr5.165",1145,91,524,111,7
"chr5.166",1751,108,803,131,19
"chr5.167",1509,108,684,142,17
"chr5.168",882,54,431,74,14
"chr5.169",649,44,285,65,9
"chr5.170",991,63,441,111,10
"chr5.171",1684,106,776,166,14
"chr5.172",1114,62,552,101,12
"chr5.173",843,73,395,84,6
"chr5.174",505,28,246,37,7
"chr5.175",726,40,310,75,7
"chr5.176",990,54,436,115,12
"chr5.177",993,65,462,85,9
"chr6.1",1574,116,675,138,32
"chr6.2",1045,88,431,99,8
"chr6.3",930,87,399,86,9
"chr6.4",724,61,291,77,4
"chr6.5",1284,102,560,120,20
"chr6.6",1088,86,442,97,16
"chr6.7",1743,159,766,148,20
"chr6.8",1103,106,467,98,13
"chr6.9",1448,135,622,120,18
"chr6.10",1819,180,773,157,26
"chr6.11",1147,71,494,102,17
"chr6.12",895,59,393,90,9
"chr6.13",1165,89,484,135,15
"chr6.14",904,73,378,101,9
"chr6.15",1496,145,641,121,20
"chr6.16",1408,113,609,129,25
"chr6.17",1115,86,505,106,12
"chr6.18",1171,75,527,114,13
"chr6.19",1022,83,449,90,12
"chr6.20",1375,95,572,160,19
"chr6.21",1105,93,486,98,10
"chr6.22",1085,68,458,113,17
"chr6.23",1533,111,626,126,18
"chr6.24",2273,166,994,200,29
"chr6.25",1336,89,582,119,18
"chr6.26",1326,100,584,104,21
"chr6.27",1282,111,565,112,19
"chr6.28",2220,202,954,171,28
"chr6.29",2169,199,953,188,28
"chr6.30",1804,132,813,167,21
"chr6.31",951,77,460,98,9
"chr6.32",823,67,379,82,5
"chr6.33",961,103,431,77,8
"chr6.34",929,67,407,86,12
"chr6.35",812,84,391,71,11
"chr6.36",695,42,331,73,11
"chr6.37",737,50,336,58,10
"chr6.38",839,62,392,68,16
"chr6.39",1058,88,467,125,13
"chr6.40",1943,155,866,180,23
"chr6.41",2102,168,902,237,26
"chr6.42",937,83,422,93,11
"chr6.43",742,84,314,60,10
"chr6.44",758,65,329,67,5
"chr6.45",1149,86,503,107,12
"chr6.46",1144,94,468,113,10
"chr6.47",989,61,428,122,12
"chr6.48",1201,94,544,121,12
"chr6.49",2702,206,1221,250,37
"chr6.50",3087,292,1379,258,30
"chr6.51",4293,402,1878,328,58
"chr6.52",2171,205,931,190,33
"chr6.53",1011,77,455,94,10
"chr6.54",1003,69,469,91,9
"chr6.55",2529,225,1135,226,36
"chr6.56",2425,216,1001,224,36
"chr6.57",1099,90,482,109,17
"chr6.58",4859,442,2267,364,55
"chr6.59",3254,293,1318,316,41
"chr6.60",2506,238,1069,239,26
"chr6.61",1995,206,872,183,22
"chr6.62",3656,349,1594,325,41
"chr6.63",6432,617,2880,574,100
"chr6.64",6667,596,2954,589,107
"chr6.65",4516,381,1960,431,55
"chr6.66",4174,368,1768,392,54
"chr6.67",2813,266,1176,240,48
"chr6.68",1945,183,872,161,33
"chr6.69",2551,267,1152,208,35
"chr6.70",2105,249,896,174,33
"chr6.71",1486,161,650,129,25
"chr6.72",2338,226,1034,196,36
"chr6.73",1266,117,572,98,22
"chr6.74",3056,251,1287,253,58
"chr6.75",3862,316,1694,352,56
"chr6.76",2599,205,1126,240,42
"chr6.77",1305,120,562,127,21
"chr6.78",2733,263,1228,213,40
"chr6.79",2716,236,1225,231,33
"chr6.80",1420,121,679,103,11
"chr6.81",1945,158,841,167,21
"chr6.82",3344,314,1486,260,55
"chr6.83",2290,197,1018,175,35
"chr6.84",3273,240,1399,347,39
"chr6.85",1396,131,639,142,16
"chr6.86",2183,218,949,185,32
"chr6.87",976,72,459,74,13
"chr6.88",1560,152,695,104,16
"chr6.89",3803,387,1766,290,51
"chr6.90",3835,357,1722,313,60
"chr6.91",3339,348,1453,288,47
"chr6.92",3997,375,1802,334,57
"chr6.93",3995,388,1834,333,49
"chr6.94",3173,339,1385,300,27
"chr6.95",4750,424,2172,378,63
"chr6.96",2873,284,1236,265,56
"chr6.97",2438,235,1034,203,28
"chr6.98",1778,147,774,164,23
"chr6.99",2554,249,1114,216,49
"chr6.100",5006,456,2277,458,69
"chr6.101",5535,502,2445,480,89
"chr6.102",2391,235,1004,213,32
"chr6.103",1261,116,548,115,19
"chr6.104",879,84,382,89,6
"chr6.105",991,80,443,80,10
"chr6.106",808,74,325,76,12
"chr6.107",1360,119,594,128,20
"chr6.108",798,71,335,82,9
"chr6.109",1249,104,564,115,17
"chr6.110",1975,166,858,160,29
"chr6.111",1981,169,849,177,25
"chr6.112",5112,462,2278,426,80
"chr6.113",2064,203,871,165,25
"chr6.114",2210,219,998,161,43
"chr6.115",2907,275,1339,221,56
"chr6.116",1242,117,577,89,13
"chr6.117",3146,344,1413,250,55
"chr6.118",3005,256,1384,219,31
"chr6.119",2665,250,1266,199,59
"chr6.120",3355,309,1463,336,56
"chr6.121",3887,386,1658,342,53
"chr6.122",1711,179,761,133,29
"chr6.123",1390,120,597,129,23
"chr6.124",2352,184,1033,216,40
"chr6.125",1660,131,728,166,20
"chr6.126",2451,181,1118,195,44
"chr6.127",2326,194,1072,204,32
"chr6.128",2061,199,951,180,28
"chr6.129",1856,182,855,170,19
"chr6.130",2205,204,1036,150,26
"chr6.131",1639,158,732,117,17
"chr6.132",1157,112,534,89,18
"chr6.133",1033,82,431,105,19
"chr6.134",1052,90,474,91,13
"chr6.135",1030,81,460,91,12
"chr6.136",1062,72,532,90,12
"chr6.137",2041,153,893,184,26
"chr6.138",2186,195,1005,174,28
"chr6.139",2027,161,893,199,30
"chr6.140",1042,92,456,100,13
"chr6.141",1026,78,468,99,18
"chr6.142",1537,116,692,166,13
"chr6.143",2485,255,1119,221,31
"chr6.144",2684,250,1165,211,48
"chr6.145",1195,122,534,113,17
"chr6.146",1048,84,477,78,17
"chr6.147",834,75,367,74,13
"chr6.148",898,74,407,67,12
"chr6.149",2003,179,855,179,19
"chr6.150",2646,233,1129,239,25
"chr6.151",1909,171,815,197,30
"chr6.152",1131,108,479,104,13
"chr6.153",1960,193,845,163,23
"chr6.154",905,95,407,80,7
"chr6.155",838,78,366,80,8
"chr6.156",1176,108,516,116,15
"chr6.157",1407,135,625,112,22
"chr6.158",1422,125,639,129,22
"chr6.159",2581,252,1142,186,36
"chr6.160",2188,235,954,168,31
"chr6.161",2453,260,1042,215,40
"chr6.162",4323,412,1825,409,64
"chr6.163",2510,230,1042,223,29
"chr6.164",1458,118,660,108,15
"chr6.165",1211,136,522,97,14
"chr6.166",1638,163,715,140,28
"chr6.167",928,81,421,77,16
"chr7.1",859,59,366,100,11
"chr7.2",1194,90,539,114,17
"chr7.3",828,53,359,84,20
"chr7.4",1005,68,441,92,14
"chr7.5",1345,98,596,122,30
"chr7.6",874,55,414,84,10
"chr7.7",861,61,392,95,5
"chr7.8",860,61,393,79,12
"chr7.9",2530,189,1140,223,41
"chr7.10",4451,365,1976,379,80
"chr7.11",3488,292,1560,294,41
"chr7.12",2294,165,1028,214,29
"chr7.13",2180,165,975,193,29
"chr7.14",2935,245,1325,252,41
"chr7.15",3273,267,1476,259,61
"chr7.16",2661,179,1195,225,50
"chr7.17",1026,69,461,90,8
"chr7.18",716,57,316,61,7
"chr7.19",1723,135,751,151,21
"chr7.20",2895,209,1260,237,44
"chr7.21",1784,126,784,155,27
"chr7.22",1445,89,627,149,15
"chr7.23",1321,101,585,118,14
"chr7.24",1443,111,642,128,17
"chr7.25",1744,133,790,125,24
"chr7.26",1489,88,671,148,12
"chr7.27",1358,101,582,140,13
"chr7.28",1279,81,546,130,12
"chr7.29",1242,102,543,108,21
"chr7.30",1077,67,468,110,12
"chr7.31",898,76,387,104,11
"chr7.32",2998,199,1291,328,65
"chr7.33",1685,127,743,157,34
"chr7.34",1256,99,553,111,23
"chr7.35",2446,149,1050,231,45
"chr7.36",1997,142,908,187,28
"chr7.37",1629,118,741,149,23
"chr7.38",2264,149,988,203,33
"chr7.39",2102,152,906,214,24
"chr7.40",1871,137,870,170,15
"chr7.41",1578,95,726,116,18
"chr7.42",2792,189,1228,256,46
"chr7.43",1994,160,928,159,28
"chr7.44",1600,118,720,143,33
"chr7.45",892,73,372,90,10
"chr7.46",1771,151,756,168,37
"chr7.47",1725,152,753,129,25
"chr7.48",1083,100,497,86,8
"chr7.49",2233,213,1030,189,32
"chr7.50",4154,354,1835,328,67
"chr7.51",2190,167,955,210,28
"chr7.52",2698,197,1187,235,29
"chr7.53",3940,271,1700,402,38
"chr7.54",3680,251,1545,356,43
"chr7.55",2630,185,1123,232,40
"chr7.56",1343,93,582,116,22
"chr7.57",4620,360,2015,372,74
"chr7.58",7687,618,3483,577,114
"chr7.59",3520,304,1580,269,43
"chr7.60",6813,556,2963,525,97
"chr7.61",4280,324,1891,335,71
"chr7.62",1179,83,470,127,7
"chr7.63",693,56,303,65,6
"chr7.64",1073,91,467,110,13
"chr7.65",3238,272,1264,337,39
"chr7.66",2885,198,1119,270,51
"chr7.67",1070,81,464,97,17
"chr7.68",3250,274,1382,289,39
"chr7.69",3908,320,1645,347,86
"chr7.70",887,89,383,88,10
"chr7.71",843,64,355,81,10
"chr7.72",142,11,69,9,2
"chr7.73",871,68,374,100,21
"chr7.74",441,41,198,37,6
"chr7.75",925,73,408,68,10
"chr7.76",1778,147,761,154,27
"chr7.77",2012,150,899,195,22
"chr7.78",1513,146,653,132,18
"chr7.79",2127,213,916,168,35
"chr7.80",2168,175,942,162,32
"chr7.81",1798,114,812,159,28
"chr7.82",2369,181,1096,174,24
"chr7.83",3555,295,1523,332,35
"chr7.84",2427,196,1019,282,38
"chr7.85",1902,178,825,187,19
"chr7.86",3767,308,1634,361,50
"chr7.87",2641,233,1165,228,34
"chr7.88",1492,131,645,118,27
"chr7.89",987,85,447,83,18
"chr7.90",1323,114,576,116,21
"chr7.91",1968,185,822,193,29
"chr7.92",1634,115,652,213,19
"chr7.93",1570,150,689,152,12
"chr7.94",2333,207,1011,195,29
"chr7.95",2000,177,843,179,46
"chr7.96",1338,101,597,118,20
"chr7.97",721,61,333,78,7
"chr7.98",1069,92,513,94,22
"chr7.99",1115,88,493,112,12
"chr7.100",571,43,250,52,6
"chr7.101",2470,220,1077,194,49
"chr7.102",1658,156,738,123,25
"chr7.103",980,102,435,77,26
"chr7.104",1774,160,755,169,22
"chr7.105",1426,145,631,107,23
"chr7.106",2394,190,1102,212,48
"chr7.107",2844,230,1331,219,41
"chr7.108",1399,115,639,126,20
"chr7.109",1442,120,659,110,14
"chr7.110",1894,154,873,143,22
"chr7.111",2248,180,1042,188,45
"chr7.112",1530,136,723,92,31
"chr7.113",1633,130,752,144,21
"chr7.114",887,83,392,74,8
"chr7.115",1398,116,605,138,23
"chr7.116",3749,311,1658,345,54
"chr7.117",4960,470,2163,419,91
"chr7.118",2355,185,1078,189,42
"chr7.119",1597,143,779,99,17
"chr7.120",2034,184,883,186,22
"chr7.121",2091,199,920,187,23
"chr7.122",2334,206,1016,225,36
"chr7.123",4271,367,1883,394,49
"chr7.124",3101,297,1331,248,40
"chr7.125",1179,100,571,104,17
"chr7.126",868,61,419,71,12
"chr7.127",881,86,385,87,12
"chr7.128",867,81,406,77,8
"chr7.129",1861,167,847,160,17
"chr7.130",1789,145,803,147,24
"chr7.131",1045,93,475,91,14
"chr7.132",1022,80,454,100,7
"chr7.133",2226,164,988,222,32
"chr7.134",3902,314,1747,339,65
"chr7.135",2572,201,1141,252,30
"chr7.136",1264,120,557,128,22
"chr7.137",886,74,418,71,8
"chr7.138",1435,122,671,119,20
"chr7.139",1618,149,705,121,21
"chr7.140",1805,142,841,155,17
"chr7.141",1258,106,553,101,17
"chr7.142",3672,314,1673,325,43
"chr7.143",7050,674,3232,518,108
"chr7.144",6103,614,2782,475,121
"chr7.145",3959,342,1776,347,71
"chr7.146",1298,118,572,132,21
"chr7.147",1114,93,500,107,12
"chr7.148",1608,131,730,135,21
"chr7.149",919,82,423,89,11
"chr7.150",2310,183,1046,212,32
"chr7.151",6518,587,2915,560,96
"chr7.152",3751,330,1681,343,69
"chr7.153",1831,168,808,173,28
"chr7.154",1128,105,468,99,18
"chr7.155",1476,127,643,140,19
"chr7.156",1481,131,654,142,23
"chr8.1",1237,96,503,118,27
"chr8.2",1870,130,804,170,40
"chr8.3",2556,225,1039,210,40
"chr8.4",2549,241,1035,194,45
"chr8.5",3108,301,1333,218,75
"chr8.6",2941,280,1283,199,59
"chr8.7",1267,112,540,129,17
"chr8.8",456,43,202,38,3
"chr8.9",793,57,364,67,12
"chr8.10",1888,142,847,159,34
"chr8.11",1140,88,544,98,16
"chr8.12",1244,107,578,100,23
"chr8.13",1056,81,457,92,16
"chr8.14",3463,259,1539,281,66
"chr8.15",4740,385,2044,375,103
"chr8.16",2449,227,1055,205,37
"chr8.17",2080,168,904,178,34
"chr8.18",653,44,292,65,7
"chr8.19",836,74,344,92,9
"chr8.20",1145,90,489,115,18
"chr8.21",1451,119,592,141,27
"chr8.22",1264,104,525,113,22
"chr8.23",558,51,229,60,5
"chr8.24",1117,78,486,114,17
"chr8.25",1592,142,670,144,19
"chr8.26",1313,111,551,130,20
"chr8.27",1180,104,490,132,24
"chr8.28",891,71,403,80,9
"chr8.29",655,51,290,69,9
"chr8.30",949,70,419,81,13
"chr8.31",1016,85,437,93,16
"chr8.32",2139,194,862,188,40
"chr8.33",1353,130,583,110,18
"chr8.34",2929,240,1230,289,48
"chr8.35",5678,493,2504,448,104
"chr8.36",4315,368,1909,363,57
"chr8.37",3120,238,1382,253,49
"chr8.38",1341,113,612,94,16
"chr8.39",959,83,408,87,17
"chr8.40",2065,173,897,209,38
"chr8.41",2635,231,1132,227,46
"chr8.42",1501,123,659,126,19
"chr8.43",933,69,400,105,14
"chr8.44",5598,508,2372,455,89
"chr8.45",1463,113,623,173,19
"chr8.46",1934,169,773,160,22
"chr8.47",4427,350,1864,343,86
"chr8.48",4619,394,1912,398,67
"chr8.49",2883,230,1182,283,34
"chr8.50",2064,162,834,223,24
"chr8.51",2137,186,873,211,23
"chr8.52",2037,197,813,217,22
"chr8.53",2075,193,835,230,25
"chr8.54",1573,134,684,134,16
"chr8.55",2699,269,1116,241,37
"chr8.56",1876,178,791,173,22
"chr8.57",3782,360,1537,376,58
"chr8.58",2369,204,978,224,34
"chr8.59",2539,220,1043,252,37
"chr8.60",2951,241,1259,242,47
"chr8.61",3387,307,1399,275,32
"chr8.62",2963,262,1231,255,50
"chr8.63",1375,106,570,134,18
"chr8.64",1155,81,514,136,11
"chr8.65",1654,135,648,148,32
"chr8.66",2442,174,999,277,32
"chr8.67",1988,167,785,195,26
"chr8.68",1427,122,613,134,11
"chr8.69",1618,120,658,128,13
"chr8.70",2511,242,1049,200,50
"chr8.71",1166,100,524,100,11
"chr8.72",1515,119,642,121,22
"chr8.73",3179,278,1369,256,53
"chr8.74",5532,478,2480,433,110
"chr8.75",4967,396,2283,338,93
"chr8.76",2526,221,1133,192,30
"chr8.77",2934,300,1278,242,48
"chr8.78",1139,91,477,99,18
"chr8.79",1348,110,575,129,17
"chr8.80",4781,388,2084,413,87
"chr8.81",7362,646,3172,594,96
"chr8.82",5985,445,2622,551,90
"chr8.83",1750,123,742,145,26
"chr8.84",2988,235,1280,233,49
"chr8.85",6874,609,3084,545,94
"chr8.86",5782,458,2403,513,90
"chr8.87",3534,267,1541,336,48
"chr8.88",2271,182,957,191,26
"chr8.89",3106,268,1262,297,36
"chr8.90",3173,289,1323,268,39
"chr8.91",1832,153,782,148,25
"chr8.92",1020,77,450,81,15
"chr8.93",1271,98,553,114,17
"chr8.94",2191,199,948,188,38
"chr8.95",1788,161,767,175,21
"chr8.96",946,83,415,70,15
"chr8.97",1120,84,511,86,14
"chr8.98",899,72,412,62,14
"chr8.99",799,62,346,62,16
"chr8.100",1008,73,401,165,12
"chr8.101",1347,102,564,114,22
"chr8.102",2728,232,1128,244,52
"chr8.103",2582,216,1087,221,27
"chr8.104",1801,143,814,151,26
"chr8.105",2419,199,1063,181,36
"chr8.106",2233,140,1033,178,27
"chr8.107",2031,167,906,165,17
"chr8.108",4690,362,2090,421,66
"chr8.109",6478,493,2923,551,93
"chr8.110",5679,440,2450,530,69
"chr8.111",6430,557,2934,487,108
"chr8.112",6048,561,2897,442,105
"chr8.113",3010,247,1416,227,44
"chr8.114",2393,191,1089,165,33
"chr8.115",2017,161,885,173,17
"chr8.116",1056,86,465,77,19
"chr8.117",1534,135,715,143,15
"chr8.118",1019,82,434,79,8
"chr8.119",1832,140,781,135,31
"chr8.120",1497,113,668,125,20
"chr8.121",744,60,330,77,13
"chr8.122",1053,72,455,100,12
"chr8.123",1203,92,542,96,19
"chr8.124",2060,175,837,171,33
"chr8.125",1071,88,476,82,12
"chr8.126",1350,108,598,125,14
"chr8.127",2045,170,900,171,22
"chr8.128",1280,89,552,131,25
"chr8.129",3219,214,1384,289,39
"chr8.130",1904,151,774,198,21
"chr8.131",1335,113,543,99,22
"chr8.132",1823,161,768,150,21
"chr8.133",3087,268,1323,267,48
"chr8.134",3935,367,1777,262,51
"chr8.135",7802,644,3608,541,113
"chr8.136",6398,568,2847,498,102
"chr8.137",3117,314,1280,233,42
"chr8.138",928,74,422,79,18
"chr8.139",1037,94,456,81,8
"chr8.140",1871,161,816,169,23
"chr8.141",1459,134,624,124,19
"chr8.142",650,40,338,50,6
"chr9.1",824,53,382,94,10
"chr9.2",1297,102,580,127,16
"chr9.3",1419,104,644,133,18
"chr9.4",1211,84,512,128,22
"chr9.5",750,37,322,74,13
"chr9.6",903,72,383,93,8
"chr9.7",1135,72,532,103,8
"chr9.8",2293,187,987,181,43
"chr9.9",2539,217,1153,195,48
"chr9.10",4405,380,1899,417,89
"chr9.11",3564,257,1527,379,46
"chr9.12",3916,264,1624,429,62
"chr9.13",2358,171,1007,225,44
"chr9.14",1607,131,694,132,21
"chr9.15",1251,82,538,136,17
"chr9.16",1095,69,468,130,18
"chr9.17",1733,129,761,119,29
"chr9.18",2018,158,930,167,25
"chr9.19",1511,93,656,151,24
"chr9.20",1536,118,637,166,14
"chr9.21",1044,77,473,103,8
"chr9.22",1411,93,667,114,17
"chr9.23",2722,193,1229,254,55
"chr9.24",5020,388,2258,502,101
"chr9.25",7333,490,3340,633,111
"chr9.26",5038,388,2292,405,60
"chr9.27",3305,232,1461,337,51
"chr9.28",1520,121,681,137,18
"chr9.29",2862,206,1250,274,55
"chr9.30",4152,330,1848,379,66
"chr9.31",4240,316,1832,421,48
"chr9.32",2818,241,1183,280,46
"chr9.33",2281,173,1024,200,39
"chr9.34",626,49,292,63,6
"chr9.35",855,87,380,64,11
"chr9.36",758,71,335,84,7
"chr9.37",1072,101,458,95,15
"chr9.38",910,93,386,90,14
"chr9.39",883,78,358,85,18
"chr9.40",202,18,86,21,2
"chr9.41",277,19,127,34,2
"chr9.42",112,10,50,8,0
"chr9.43",74,5,27,9,1
"chr9.44",801,68,410,60,8
"chr9.45",2056,151,965,197,24
"chr9.46",177,13,74,21,2
"chr9.47",123,16,44,10,0
"chr9.48",0,0,0,0,0
"chr9.49",0,0,0,0,0
"chr9.50",0,0,0,0,0
"chr9.51",0,0,0,0,0
"chr9.52",0,0,0,0,0
"chr9.53",0,0,0,0,0
"chr9.54",0,0,0,0,0
"chr9.55",0,0,0,0,0
"chr9.56",0,0,0,0,0
"chr9.57",0,0,0,0,0
"chr9.58",0,0,0,0,0
"chr9.59",0,0,0,0,0
"chr9.60",0,0,0,0,0
"chr9.61",0,0,0,0,0
"chr9.62",0,0,0,0,0
"chr9.63",386,33,177,31,5
"chr9.64",685,53,294,58,6
"chr9.65",868,63,409,74,12
"chr9.66",939,87,423,93,8
"chr9.67",600,55,255,47,9
"chr9.68",978,60,409,109,14
"chr9.69",834,52,374,99,3
"chr9.70",1080,76,481,129,3
"chr9.71",2057,160,943,191,16
"chr9.72",1154,109,526,109,11
"chr9.73",1668,160,766,148,18
"chr9.74",2266,177,1003,213,31
"chr9.75",1501,97,693,146,13
"chr9.76",1117,95,507,107,5
"chr9.77",1382,95,586,170,5
"chr9.78",1131,91,516,109,9
"chr9.79",1518,132,699,142,15
"chr9.80",2201,199,957,214,19
"chr9.81",1923,153,853,231,16
"chr9.82",1766,171,791,149,18
"chr9.83",1177,85,544,123,5
"chr9.84",1211,122,541,112,10
"chr9.85",1472,133,678,115,18
"chr9.86",1179,104,527,113,7
"chr9.87",1481,144,664,150,6
"chr9.88",1652,153,741,149,16
"chr9.89",1043,99,461,101,8
"chr9.90",938,87,427,90,7
"chr9.91",891,77,407,96,9
"chr9.92",850,73,409,75,6
"chr9.93",722,59,307,88,8
"chr9.94",1000,89,457,97,9
"chr9.95",690,48,332,59,4
"chr9.96",894,81,443,82,8
"chr9.97",880,68,409,83,10
"chr9.98",827,82,379,87,3
"chr9.99",1712,162,781,165,22
"chr9.100",1096,105,474,110,9
"chr9.101",1897,181,842,181,25
"chr9.102",3608,357,1662,314,34
"chr9.103",3552,356,1660,289,32
"chr9.104",2037,192,961,163,22
"chr9.105",1199,122,545,127,11
"chr9.106",1853,138,863,169,21
"chr9.107",1328,111,606,133,11
"chr9.108",1075,80,507,90,6
"chr9.109",714,54,348,58,7
"chr9.110",943,81,443,90,6
"chr9.111",886,64,376,96,9
"chr9.112",563,57,244,54,4
"chr9.113",845,72,380,95,13
"chr9.114",901,73,388,104,8
"chr9.115",995,86,443,104,8
"chr9.116",1795,172,834,184,17
"chr9.117",2459,234,1102,250,21
"chr9.118",4171,377,1884,380,42
"chr9.119",4254,368,1963,397,61
"chr9.120",1993,187,898,180,30
"chr9.121",645,77,283,62,6
"chr9.122",788,76,352,90,4
"chr9.123",911,79,441,76,4
"chr9.124",913,93,406,89,8
"chr9.125",597,70,260,61,3
"chr9.126",1006,101,474,77,7
"chr9.127",655,77,295,62,5
"chr9.128",631,55,292,52,11
"chr9.129",637,55,280,80,4
"chr9.130",651,55,317,55,4
"chr9.131",901,81,410,97,11
"chr9.132",899,76,430,91,9
"chr9.133",833,84,403,65,7
"chr9.134",854,90,385,94,9
"chr9.135",1551,139,716,126,7
"chr9.136",1038,88,489,106,13
"chr9.137",731,68,349,75,7
"chrX.1",2683,210,1280,243,41
"chrX.2",2094,156,1021,182,41
"chrX.3",1190,91,564,103,8
"chrX.4",1312,163,432,132,6
"chrX.5",2265,234,793,241,15
"chrX.6",3052,319,1098,329,28
"chrX.7",1765,176,660,146,24
"chrX.8",1083,112,398,92,9
"chrX.9",817,86,316,87,4
"chrX.10",1291,157,458,130,6
"chrX.11",1133,115,402,120,2
"chrX.12",1446,144,483,170,2
"chrX.13",1532,150,500,180,3
"chrX.14",1210,136,428,142,4
"chrX.15",2002,224,752,227,20
"chrX.16",1234,129,450,123,14
"chrX.17",1517,157,569,166,23
"chrX.18",1203,151,409,146,7
"chrX.19",1818,201,678,194,20
"chrX.20",1625,185,552,181,18
"chrX.21",1812,204,659,203,13
"chrX.22",2263,258,813,210,24
"chrX.23",2348,249,876,225,20
"chrX.24",1512,173,542,162,7
"chrX.25",1181,119,406,132,8
"chrX.26",2846,296,1040,294,24
"chrX.27",4181,399,1728,420,29
"chrX.28",4141,406,1676,399,54
"chrX.29",3148,351,1234,318,26
"chrX.30",3196,369,1244,313,15
"chrX.31",2641,291,1012,286,36
"chrX.32",2111,215,751,244,13
"chrX.33",2065,212,696,241,10
"chrX.34",3123,300,1175,316,37
"chrX.35",2929,279,1119,281,38
"chrX.36",2597,261,974,268,29
"chrX.37",2645,289,983,280,27
"chrX.38",2129,240,783,222,15
"chrX.39",1635,173,598,168,10
"chrX.40",1408,160,489,146,12
"chrX.41",1203,121,475,126,5
"chrX.42",1127,116,413,113,11
"chrX.43",1677,184,610,186,8
"chrX.44",1348,128,488,171,9
"chrX.45",1187,129,461,129,9
"chrX.46",1409,143,501,158,15
"chrX.47",1148,134,369,146,4
"chrX.48",1280,168,430,141,9
"chrX.49",1415,183,450,167,6
"chrX.50",1286,152,439,150,8
"chrX.51",1778,177,659,191,16
"chrX.52",1793,184,684,195,24
"chrX.53",715,66,283,85,4
"chrX.54",1206,153,409,134,9
"chrX.55",1498,192,503,156,8
"chrX.56",2120,242,768,229,21
"chrX.57",1566,162,586,147,15
"chrX.58",2123,197,833,216,19
"chrX.59",3873,377,1507,335,60
"chrX.60",2603,262,941,235,23
"chrX.61",3579,366,1327,363,36
"chrX.62",2470,262,954,265,25
"chrX.63",3570,327,1387,325,44
"chrX.64",1775,215,655,174,10
"chrX.65",1481,159,531,154,9
"chrX.66",1493,189,507,180,13
"chrX.67",1464,134,484,196,9
"chrX.68",1133,110,398,156,7
"chrX.69",1563,139,597,139,11
"chrX.70",1511,139,578,164,13
"chrX.71",1904,223,593,219,16
"chrX.72",2401,246,855,262,20
"chrX.73",3038,289,1064,311,34
"chrX.74",1718,184,513,195,20
"chrX.75",3661,369,1411,331,41
"chrX.76",4231,412,1622,393,62
"chrX.77",2807,278,1007,270,25
"chrX.78",3842,328,1569,364,45
"chrX.79",3107,321,1177,296,26
"chrX.80",3550,340,1395,336,47
"chrX.81",2326,244,813,264,23
"chrX.82",2641,251,913,264,31
"chrX.83",4150,401,1629,425,61
"chrX.84",4231,349,1619,457,28
"chrX.85",5121,464,2057,531,51
"chrX.86",4690,460,1936,480,55
"chrX.87",3875,330,1485,394,47
"chrX.88",4294,420,1678,435,48
"chrX.89",4524,482,1760,433,43
"chrX.90",3782,337,1498,439,41
"chrX.91",2897,274,1175,314,31
"chrX.92",2305,216,898,229,21
"chrX.93",1546,143,495,180,2
"chrX.94",2127,183,815,212,18
"chrX.95",3011,256,1185,274,32
"chrX.96",2321,237,824,258,22
"chrX.97",1282,111,399,155,11
"chrX.98",1703,153,576,198,16
"chrX.99",1570,149,577,173,10
"chrX.100",1431,141,436,224,13
"chrX.101",2127,214,813,211,11
"chrX.102",2148,202,757,252,17
"chrX.103",1259,102,454,139,8
"chrX.104",1031,104,356,129,5
"chrX.105",1828,144,655,195,18
"chrX.106",1118,81,344,153,7
"chrX.107",2067,213,757,222,16
"chrX.108",2344,202,909,239,20
"chrX.109",2599,255,1013,248,17
"chrX.110",2811,249,1071,281,25
"chrX.111",1742,159,640,189,18
"chrX.112",1290,135,449,144,10
"chrX.113",1907,192,676,197,19
"chrX.114",1435,151,485,174,7
"chrX.115",1541,155,452,201,7
"chrX.116",1617,182,452,212,11
"chrX.117",2151,239,653,255,14
"chrX.118",2831,279,916,318,23
"chrX.119",2686,252,859,322,17
"chrX.120",2077,207,594,292,12
"chrX.121",2987,305,985,337,14
"chrX.122",4482,441,1591,478,42
"chrX.123",4270,436,1537,448,40
"chrX.124",3568,360,1252,387,39
"chrX.125",2121,202,669,275,9
"chrX.126",1438,133,460,192,8
"chrX.127",1847,151,703,201,27
"chrX.128",1648,133,631,192,16
"chrX.129",1289,114,441,163,1
"chrX.130",1238,138,382,151,2
"chrX.131",1273,147,391,127,3
"chrX.132",1708,135,580,196,12
"chrX.133",1972,146,667,230,20
"chrX.134",4146,365,1637,377,56
"chrX.135",3074,282,1172,321,28
"chrX.136",3063,322,1115,303,28
"chrX.137",2541,221,863,319,14
"chrX.138",3480,312,1162,426,29
"chrX.139",4534,435,1598,521,39
"chrX.140",3699,341,1318,467,18
"chrX.141",4760,441,1749,549,32
"chrX.142",5448,495,1992,573,26
"chrX.143",4647,435,1739,495,22
"chrX.144",3115,290,1057,353,18
"chrX.145",2634,232,851,292,11
"chrX.146",1297,118,406,167,4
"chrX.147",1563,129,479,206,6
"chrX.148",2077,170,694,259,17
"chrX.149",1156,113,350,138,8
"chrX.150",1118,108,312,137,7
"chrX.151",1311,117,370,165,3
"chrY.1",0,0,0,0,0
"chrY.2",0,0,0,0,0
"chrY.3",117,2,67,10,5
"chrY.4",930,14,525,73,41
"chrY.5",1232,13,719,95,49
"chrY.6",1496,22,890,112,61
"chrY.7",419,4,261,32,14
"chrY.8",319,0,199,15,4
"chrY.9",553,9,341,34,17
"chrY.10",625,7,359,54,24
"chrY.11",1287,43,685,92,46
"chrY.12",445,3,234,31,18
"chrY.13",353,4,199,25,14
"chrY.14",339,6,185,31,15
"chrY.15",499,6,280,34,26
"chrY.16",390,3,210,38,11
"chrY.17",290,3,167,30,6
"chrY.18",43,0,22,3,1
"chrY.19",534,7,292,40,15
"chrY.20",815,9,435,52,26
"chrY.21",673,6,350,50,15
"chrY.22",189,2,108,10,5
"chrY.23",17,0,14,1,1
"chrY.24",10,0,6,0,1
"chrY.25",21,0,11,2,0
"chrY.26",711,2,392,60,24
"chrY.27",0,0,0,0,0
"chrY.28",0,0,0,0,0
"chrY.29",0,0,0,0,0
"chrY.30",0,0,0,0,0
"chrY.31",0,0,0,0,0
"chrY.32",0,0,0,0,0
"chrY.33",0,0,0,0,0
"chrY.34",0,0,0,0,0
"chrY.35",0,0,0,0,0
"chrY.36",0,0,0,0,0
"chrY.37",0,0,0,0,0
"chrY.38",0,0,0,0,0
"chrY.39",0,0,0,0,0
"chrY.40",0,0,0,0,0
"chrY.41",0,0,0,0,0
"chrY.42",0,0,0,0,0
"chrY.43",0,0,0,0,0
"chrY.44",0,0,0,0,0
"chrY.45",0,0,0,0,0
"chrY.46",0,0,0,0,0
"chrY.47",0,0,0,0,0
"chrY.48",0,0,0,0,0
"chrY.49",0,0,0,0,0
"chrY.50",0,0,0,0,0
"chrY.51",0,0,0,0,0
"chrY.52",0,0,0,0,0
"chrY.53",0,0,0,0,0
"chrY.54",0,0,0,0,0
"chrY.55",0,0,0,0,0
"chrY.56",368,23,160,19,7
