donor_id,UMAP_1,UMAP_2,SCLC_subtype__categorical
S00830,-2.00023156863948,1.39377545813719,Undefined
S02378,1.0858065440009,-0.974941973884901,SCLC-A
S02299,-0.551769320790966,2.43745636443297,Undefined
S02219,0.861549313242237,-1.40069938202699,Undefined
S02328,-1.12696868640681,-1.38577676316102,SCLC-A
S02355,0.921837504083912,0.306248659888903,Undefined
S02279,-0.636472527806958,-1.94257760544618,Undefined
S00837,-1.47126228076716,-1.6318228294452,Undefined
S02093,-0.802454297368725,-1.37973809738954,Undefined
S02275,-1.605698888128,-2.48824334641298,Undefined
S02382,3.01966058748464,-1.66544938584169,SCLC-A
S02385,2.14016574161748,-0.815184359749158,Undefined
S00944,2.41842430370549,-0.390653376777967,Undefined
S00934,-1.99565822345515,0.385120863715807,Undefined
S02360,2.06564396160344,-0.938058619697889,SCLC-A
S00933,1.97093444603185,-0.313758378227552,Undefined
S02284,0.0186342551062504,-1.97006106873353,SCLC-A
S01297,-2.32794505817195,-0.0833652069171271,SCLC-A
S00941,0.735156471903125,-1.769942527016,Undefined
S01512,2.52239536779622,-1.57226110001405,SCLC-A
S02322,0.717261727030079,1.27023171881835,SCLC-A
S02286,-1.06139642459651,-2.65113759537538,SCLC-P
S02256,-1.01874620181819,0.821813816825549,SCLC-P
S00339,2.95442306535939,-0.621387248237928,Undefined
S00539,-0.631963555638989,-2.2823617508014,Undefined
S02402,-2.55103713733455,-0.508479361732801,Undefined
S00831,-2.38218147022029,1.64709591368834,SCLC-A
S01563,-1.36419421893855,2.06433534125487,Undefined
S02209,-1.57103378040095,-1.47189784546693,SCLC-P
S02120,-1.93480951053401,0.492521042625109,SCLC-A
S02397,1.87578886287908,-0.343209033211072,SCLC-A
S02242,2.6134498073409,-1.88544679184755,SCLC-A
S01170,-1.20681602222224,-1.84034371872743,Undefined
S02241,-1.13202983600398,-2.17458224793275,SCLC-A
S02354,1.90690534847478,-1.00406718750795,Undefined
S00035,-2.2598965809991,2.02297448615233,SCLC-A
S00947,-1.70194417697688,-0.972209696968397,Undefined
S02347,1.72711318271856,-0.516060118873914,Undefined
S02065,-1.74125224811335,1.74582981566588,SCLC-A
S02376,-1.00014812213679,2.63725161055724,SCLC-A
S02292,0.221419985468189,0.925902600089709,Undefined
S01516,-1.38131553394099,-2.64089131851991,Undefined
S00841,2.94038247602681,-1.12041688462098,Undefined
S02342,1.45987778442601,0.649695629874865,Undefined
S02277,-1.30742341739436,2.39458524684111,Undefined
S02287,2.98580595391492,-1.48653340836366,SCLC-A
S02400,-0.466681067769726,-0.806761985023817,Undefined
S02285,0.523887331659595,0.471010203162829,SCLC-A
S02237,-1.25108033878108,-1.76940656205018,Undefined
S01020,0.559878761942188,-1.88368964691957,Undefined
S02384,-1.65644628268977,0.349742169181506,Undefined
S02289,-2.68355066043635,0.241610998908679,SCLC-A
S01578,0.91480034130315,-2.17359853287538,SCLC-A
S02246,-2.29530793887873,0.603044504920641,SCLC-Y
S02245,-1.91637164813777,0.810017342368762,Undefined
S00501,0.92168396251897,2.02267097930113,Undefined
S02398,0.754374439890186,-0.0800085117419562,Undefined
S02348,-0.0279119656731686,2.21587025622527,Undefined
S02273,2.62244516151647,-1.13967490692933,Undefined
S02274,-1.0633085416009,-2.38769603272279,Undefined
S02375,-1.13062268955012,1.21376203993956,SCLC-P
S00945,-1.45201570255061,1.05911540488402,Undefined
S02351,0.712288792307178,-1.13115382691224,Undefined
S02290,-1.95947391254207,1.57747196654479,SCLC-A
S00838,0.753723795587818,1.64862322310607,SCLC-A
S02255,-2.42769271594783,1.19383477667967,Undefined
S00356,0.295748884851734,-0.54575086136659,Undefined
S02297,1.16180723446111,3.02776216963927,aSCLC(Geroge et al)
S00827,-1.07913905841609,1.74952995280425,Undefined
S01524,-0.0121637032677731,-0.874739890297254,SCLC-A
S01494,0.253894503290454,-1.23633695145448,Undefined
S02248,-1.45438176852961,-2.43711114426454,SCLC-A
S00938,0.584574158365528,0.906186575690905,Undefined
S02194,2.74354537862043,-1.95880580445131,SCLC-A
S00472,3.06140658544997,-1.99405026932557,Undefined
S00833,0.323881561929981,0.936189408103625,Undefined
S02244,-0.877388779943188,-2.18220019837221,SCLC-A
S01366,-2.04182702762385,1.90081107119719,SCLC-A
S01542,-2.62199908954402,0.617948765556017,Undefined
S02293,-1.49596959811946,-2.13964248200258,SCLC-N
S02294,-2.76402456027766,0.941329951087634,SCLC-N
S02404,-1.74903852206965,-2.05430770417055,Undefined
S00842,1.25196438568334,-0.680852656563123,Undefined
S01453,-2.1172545598199,0.229653830329577,Undefined
S02295,0.016971285517017,-0.363853697975477,SCLC-A
S02296,-1.04054576617976,0.101335043708483,SCLC-P
S02243,1.54008596676091,-0.716593985756238,SCLC-A
S01023,0.0659798933813969,-2.02028775711854,Undefined
S00825,-1.79037362796565,2.44955825308959,SCLC-A
S00932,0.232905085260669,-0.316700463493665,Undefined
S02352,-0.370421712224682,1.64096283415953,Undefined
S02234,2.38983660476903,-1.08158040543397,Undefined
S00050,2.43851428764562,-1.81794620056947,Undefined
S02139,1.45396190422277,-0.096691613396009,SCLC-N
S02353,1.02556174534063,3.28907864789168,aSCLC(Geroge et al)
S02344,-0.910138432805737,-1.61521029969056,Undefined
S02249,1.06615155475835,-1.78482270737489,SCLC-A
S02291,-2.65206605655452,0.207194561759631,SCLC-A
S02401,-1.11614162189265,-1.1676795532306,Undefined
S00829,-1.46559364063044,2.10849737624327,SCLC-P
S01728,1.09592383640508,0.529284949103991,Undefined
S01873,-0.225447003667553,0.152714724342028,SCLC-N
S00022,0.984425718958179,-0.586903338630994,SCLC-A
S01861,3.19154438662032,-1.83635497589906,SCLC-A
S00832,-0.405953471486767,-0.41334176560243,SCLC-A
S02350,0.955601866419117,-0.389230971535047,Undefined
S01022,-1.23298961383601,2.105306143562,Undefined
S02403,1.65490644710759,0.255985970298449,Undefined
S01864,-0.311106030767163,-2.12356925507387,SCLC-A
A02,1.0157381846259,2.71071511010329,aSCLC(Natasha et al)
A12,0.841004545862476,2.87863647441069,aSCLC(Natasha et al)
A15,0.897828753168384,3.1047128389279,aSCLC(Natasha et al)
A08,0.741607840235035,2.82307487229506,aSCLC(Natasha et al)
A17,1.15619128483037,2.61828255156676,aSCLC(Natasha et al)
A01,1.19756179588536,2.1869802425305,aSCLC(Natasha et al)
A07,0.793625528986255,2.27144920329253,aSCLC(Natasha et al)
A03,1.26585369842748,2.88661497334639,aSCLC(Natasha et al)
A16,0.914628918344776,2.40228616694609,aSCLC(Natasha et al)
A14,0.604810173685352,2.40283774832884,aSCLC(Natasha et al)
A20,0.685312922174732,2.01158034304778,aSCLC(Natasha et al)
